text,department,category,subcategory,priority
hello sir my name is rahul and traffic light kharab hai near Civil Lines chowk,Municipal Transport Department,Transport,Traffic Signal Defect,HIGH
there is sewage overflowing from the chamber onto the walking path in Rohini Sector 7,Sanitation Department,Sanitation,Sewage Overflow,HIGH
bhai listen paani sadak par beh raha hai pipe leak hone ki wajah se,Water Department,Water Supply,Water Pipeline Leakage,HIGH
i am rahul shamram i am fine so the problem is that huge pile of uncollected trash dumped openly near Model Town,Sanitation & Waste Department,Waste Management,Open Waste Dumping,MEDIUM
hello sir my name is rahul and nuisance and stench from dirty public toilet near Civil Lines market,Sanitation Department,Sanitation,Foul Smell / Unsanitary Area,MEDIUM
there is no water supply in Lajpat Nagar,Water Department,Water Supply,No Water Supply,HIGH
bhai listen electricity transformer near lajpat nagar is sparking violently and emitting smoke,Electricity Department,Electricity,Transformer Sparking,CRITICAL
electricity transformer near Lajpat Nagar is sparking violently and emitting smoke,Electricity Department,Electricity,Transformer Sparking,CRITICAL
"bhai listen fogging karwao area me, dengue phail raha hai",Public Health Department,Public Health,Vector Disease Control,HIGH
dirty brown water is coming from the tap in Railway Station Road,Water Department,Water Supply,Contaminated / Dirty Water,HIGH
i am rahul shamram i am fine so the problem is that bijli 6 ghante se nahi hai Karol Bagh me,Electricity Department,Electricity,Power Outage,HIGH
hello sir my name is rahul and live electrical wire fallen on road near Railway Station Road,Electricity Department,Electricity,Exposed Electrical Hazard,CRITICAL
in our area entire stretch of road near Connaught Place is pitch dark at night,Electrical & Lighting Department,Street Lighting,Dark Road Safety Concern,HIGH
there is sewage overflowing from the chamber onto the walking path in Civil Lines,Sanitation Department,Sanitation,Sewage Overflow,HIGH
"please help me, water pipe is leaking near Dwarka Sector 10 and road is full of water",Water Department,Water Supply,Water Pipeline Leakage,HIGH
bhai listen no water coming out of kitchen tap since Tuesday,Water Department,Water Supply,No Water Supply,HIGH
i am reporting an issue that street light 1 hafte se band hai Sector 17 me,Electrical & Lighting Department,Street Lighting,Streetlight Off,MEDIUM
severe waterlogging in Sector 17 after light rain due to choked drains,Municipal Drainage Department,Drainage,Waterlogging,HIGH
"good morning sir, nuisance and stench from dirty public toilet near Rohini Sector 7 market",Sanitation Department,Sanitation,Foul Smell / Unsanitary Area,MEDIUM
traffic signal lights not working at major intersection near Sector 17,Municipal Transport Department,Transport,Traffic Signal Defect,HIGH
bhai listen machhar bohot ho gaye hain stagnant water ke wajah se Vasant Kunj me,Public Health Department,Public Health,Mosquito Breeding Hazard,HIGH
stagnant water pool near Karol Bagh becoming mosquito breeding ground,Public Health Department,Public Health,Mosquito Breeding Hazard,HIGH
bhai listen street light 1 hafte se band hai Civil Lines me,Electrical & Lighting Department,Street Lighting,Streetlight Off,MEDIUM
"hi assistant i am fine, sewage ka paani raste pe beh raha hai near Railway Station Road",Sanitation Department,Sanitation,Sewage Overflow,HIGH
"hi assistant i am fine, bijli 6 ghante se nahi hai Karol Bagh me",Electricity Department,Electricity,Power Outage,HIGH
"please help me, bus stop shelter shade damaged and rusted near Sector 17",Municipal Transport Department,Transport,Bus Stop Damage,LOW
hello sir my name is rahul and entire stretch of road near Vasant Kunj is pitch dark at night,Electrical & Lighting Department,Street Lighting,Dark Road Safety Concern,HIGH
"good morning sir, bus stop shelter shade damaged and rusted near Dwarka Sector 10",Municipal Transport Department,Transport,Bus Stop Damage,LOW
sewage ka paani raste pe beh raha hai near Karol Bagh,Sanitation Department,Sanitation,Sewage Overflow,HIGH
"good morning sir, streetlights turned off on main road near Railway Station Road for 3 nights",Electrical & Lighting Department,Street Lighting,Streetlight Off,MEDIUM
sewage line overflowing near Karol Bagh creating unsanitary conditions,Sanitation Department,Sanitation,Sewage Overflow,HIGH
"hi assistant i am fine, road is completely broken with dangerous potholes everywhere",Public Works Department,Roads / PWD,Dangerous Pothole,HIGH
road is flooded because a water pipeline is leaking in Sector 17,Water Department,Water Supply,Water Pipeline Leakage,HIGH
i am rahul shamram i am fine so the problem is that nuisance and stench from dirty public toilet near Dwarka Sector 10 market,Sanitation Department,Sanitation,Foul Smell / Unsanitary Area,MEDIUM
hello sir my name is rahul and garbage has not been collected from sector 17 for 4 days,Sanitation & Waste Department,Waste Management,Uncollected Garbage,MEDIUM
traffic light kharab hai near Railway Station Road chowk,Municipal Transport Department,Transport,Traffic Signal Defect,HIGH
"hi assistant i am fine, entire stretch of road near Dwarka Sector 10 is pitch dark at night",Electrical & Lighting Department,Street Lighting,Dark Road Safety Concern,HIGH
"hi assistant i am fine, bijli 6 ghante se nahi hai Model Town me",Electricity Department,Electricity,Power Outage,HIGH
in our area drainage gutter overflow inundating street water in Rohini Sector 7,Municipal Drainage Department,Drainage,Drainage Overflow,HIGH
bhai listen urgent fogging required near Rohini Sector 7 due to mosquito menace and dengue threat,Public Health Department,Public Health,Vector Disease Control,HIGH
"hi assistant i am fine, footpath is broken and paved tiles are missing near Civil Lines",Public Works Department,Roads / PWD,Broken Footpath,LOW
bhai listen stormwater drain is completely clogged with silt near Vasant Kunj,Municipal Drainage Department,Drainage,Clogged Gutter,MEDIUM
bus stop shelter shade damaged and rusted near civil lines,Municipal Transport Department,Transport,Bus Stop Damage,LOW
"hi assistant i am fine, community waste bin overflowing near Rohini Sector 7",Sanitation & Waste Department,Waste Management,Garbage Dustbin Overflow,MEDIUM
open manhole on main road near Karol Bagh poses severe danger to pedestrians,Public Works Department,Roads / PWD,Open Manhole Hazard,CRITICAL
hello sir my name is rahul and bus stop shelter shade damaged and rusted near Connaught Place,Municipal Transport Department,Transport,Bus Stop Damage,LOW
traffic signal lights not working at major intersection near Model Town,Municipal Transport Department,Transport,Traffic Signal Defect,HIGH
bhai listen huge pile of uncollected trash dumped openly near Sector 17,Sanitation & Waste Department,Waste Management,Open Waste Dumping,MEDIUM
i am reporting an issue that street light 1 hafte se band hai Model Town me,Electrical & Lighting Department,Street Lighting,Streetlight Off,MEDIUM
in our area sewage manhole overflow causing smell and filth on pavement near Model Town,Sanitation Department,Sanitation,Sewage Overflow,HIGH
in our area pothole on road needs urgent repair before an accident happens,Public Works Department,Roads / PWD,Dangerous Pothole,HIGH
there are large potholes on the road making driving very dangerous,Public Works Department,Roads / PWD,Dangerous Pothole,HIGH
street light 1 hafte se band hai Model Town me,Electrical & Lighting Department,Street Lighting,Streetlight Off,MEDIUM
"please help me, big pothole on main road causing accidents and damage to vehicles",Public Works Department,Roads / PWD,Dangerous Pothole,HIGH
nali overflow kar rahi hai Sector 17 ke raste pe,Municipal Drainage Department,Drainage,Drainage Overflow,HIGH
bhai listen pipeline leak hai aur paani road par jama ho raha hai,Water Department,Water Supply,Water Pipeline Leakage,HIGH
hello sir my name is rahul and footpath is broken and paved tiles are missing near Sector 17,Public Works Department,Roads / PWD,Broken Footpath,LOW
in our area water is coming out of a broken pipe on the road near Rohini Sector 7,Water Department,Water Supply,Water Pipeline Leakage,HIGH
sewage ka paani raste pe beh raha hai near railway station road,Sanitation Department,Sanitation,Sewage Overflow,HIGH
"hi assistant i am fine, there is sewage overflowing from the chamber onto the walking path in Railway Station Road",Sanitation Department,Sanitation,Sewage Overflow,HIGH
"please help me, sewage chamber is overflowing and sewage spreading on street near Connaught Place",Sanitation Department,Sanitation,Sewage Overflow,HIGH
footpath is broken and paved tiles are missing near Vasant Kunj,Public Works Department,Roads / PWD,Broken Footpath,LOW
hello sir my name is rahul and water pipe is leaking near Connaught Place and road is full of water,Water Department,Water Supply,Water Pipeline Leakage,HIGH
fumigation and mosquito fogging required urgently in vasant kunj,Public Health Department,Public Health,Vector Disease Control,HIGH
entire stretch of road near Vasant Kunj is pitch dark at night,Electrical & Lighting Department,Street Lighting,Dark Road Safety Concern,HIGH
"please help me, water pressure is extremely low in civil lines, cannot fill top tank",Water Department,Water Supply,Low Water Pressure,MEDIUM
nali overflow kar rahi hai Dwarka Sector 10 ke raste pe,Municipal Drainage Department,Drainage,Drainage Overflow,HIGH
"hi assistant i am fine, entire stretch of road near Lajpat Nagar is pitch dark at night",Electrical & Lighting Department,Street Lighting,Dark Road Safety Concern,HIGH
"hello sir my name is rahul and fogging karwao area me, dengue phail raha hai",Public Health Department,Public Health,Vector Disease Control,HIGH
hello sir my name is rahul and big pothole on main road causing accidents and damage to vehicles,Public Works Department,Roads / PWD,Dangerous Pothole,HIGH
i am reporting an issue that street light 1 hafte se band hai Karol Bagh me,Electrical & Lighting Department,Street Lighting,Streetlight Off,MEDIUM
in our area stagnant water pool near Vasant Kunj becoming mosquito breeding ground,Public Health Department,Public Health,Mosquito Breeding Hazard,HIGH
sewage ka paani raste pe beh raha hai near Railway Station Road,Sanitation Department,Sanitation,Sewage Overflow,HIGH
bimari phail rahi hai please health department ko bhejo Karol Bagh me,Public Health Department,Public Health,Disease Outbreak,HIGH
road ki condition bahut kharab hai connaught place me,Public Works Department,Roads / PWD,Road Repair Needed,MEDIUM
"good morning sir, street light 1 hafte se band hai Lajpat Nagar me",Electrical & Lighting Department,Street Lighting,Streetlight Off,MEDIUM
hello sir my name is rahul and streetlights turned off on main road near Connaught Place for 3 nights,Electrical & Lighting Department,Street Lighting,Streetlight Off,MEDIUM
bhai listen no water coming out of kitchen tap since Monday,Water Department,Water Supply,No Water Supply,HIGH
"please help me, nali overflow kar rahi hai Lajpat Nagar ke raste pe",Municipal Drainage Department,Drainage,Drainage Overflow,HIGH
in our area dengue phail raha hai please fogging lagwao area me,Public Health Department,Public Health,Vector Disease Control,HIGH
"good morning sir, electric pole near Vasant Kunj is leaning dangerously and about to fall",Electricity Department,Electricity,Damaged Electric Pole,HIGH
in our area frequent voltage fluctuations and power cuts in Dwarka Sector 10 area,Electricity Department,Electricity,Power Outage,HIGH
bhai listen bimari phail rahi hai please health department ko bhejo Civil Lines me,Public Health Department,Public Health,Disease Outbreak,HIGH
i am rahul shamram i am fine so the problem is that streetlights turned off on main road near rohini sector 7 for 4 nights,Electrical & Lighting Department,Street Lighting,Streetlight Off,MEDIUM
"hi assistant i am fine, the road condition near Railway Station Road is extremely bad and damaged",Public Works Department,Roads / PWD,Road Repair Needed,MEDIUM
bhai listen bimari phail rahi hai please health department ko bhejo Vasant Kunj me,Public Health Department,Public Health,Disease Outbreak,HIGH
bijli 6 ghante se nahi hai Civil Lines me,Electricity Department,Electricity,Power Outage,HIGH
"hi assistant i am fine, malaria aur dengue ke case badh rahe hain Dwarka Sector 10 me, fogging karo",Public Health Department,Public Health,Vector Disease Control,HIGH
traffic light kharab hai near Lajpat Nagar chowk,Municipal Transport Department,Transport,Traffic Signal Defect,HIGH
fever cases increasing in Connaught Place suspected dengue mosquito infestation,Public Health Department,Public Health,Disease Outbreak,HIGH
"hi assistant i am fine, sewage ka paani raste pe beh raha hai near Dwarka Sector 10",Sanitation Department,Sanitation,Sewage Overflow,HIGH
i am reporting an issue that huge pile of uncollected trash dumped openly near Model Town,Sanitation & Waste Department,Waste Management,Open Waste Dumping,MEDIUM
"good morning sir, severe waterlogging in Rohini Sector 7 after light rain due to choked drains",Municipal Drainage Department,Drainage,Waterlogging,HIGH
hello sir my name is rahul and public toilet near Lajpat Nagar is extremely filthy and not cleaned,Sanitation Department,Sanitation,Public Toilet Cleaning,MEDIUM
"good morning sir, footpath is broken and paved tiles are missing near Connaught Place",Public Works Department,Roads / PWD,Broken Footpath,LOW
i am rahul shamram i am fine so the problem is that garbage has not been collected from Dwarka Sector 10 for 5 days,Sanitation & Waste Department,Waste Management,Uncollected Garbage,MEDIUM
water pressure is very low,Water Department,Water Supply,Low Water Pressure,MEDIUM
drainage gutter overflow inundating street water in Sector 17,Municipal Drainage Department,Drainage,Drainage Overflow,HIGH
"please help me, nuisance and stench from dirty public toilet near Karol Bagh market",Sanitation Department,Sanitation,Foul Smell / Unsanitary Area,MEDIUM
"good morning sir, big pothole on main road causing accidents and damage to vehicles",Public Works Department,Roads / PWD,Dangerous Pothole,HIGH
i am rahul shamram i am fine so the problem is that traffic signal lights not working at major intersection near Railway Station Road,Municipal Transport Department,Transport,Traffic Signal Defect,HIGH
i am rahul shamram i am fine so the problem is that sewage manhole overflow causing smell and filth on pavement near Vasant Kunj,Sanitation Department,Sanitation,Sewage Overflow,HIGH
"please help me, bus stop shelter shade damaged and rusted near Karol Bagh",Municipal Transport Department,Transport,Bus Stop Damage,LOW
i am reporting an issue that traffic light kharab hai near Karol Bagh chowk,Municipal Transport Department,Transport,Traffic Signal Defect,HIGH
"hello sir my name is rahul and dengue cases badh rahe hain, please fogging karwao railway station road me",Public Health Department,Public Health,Vector Disease Control,HIGH
traffic signal lights not working at major intersection near Dwarka Sector 10,Municipal Transport Department,Transport,Traffic Signal Defect,HIGH
i am reporting an issue that there are large potholes on the road making driving very dangerous,Public Works Department,Roads / PWD,Dangerous Pothole,HIGH
bhai listen community waste bin overflowing near Civil Lines,Sanitation & Waste Department,Waste Management,Garbage Dustbin Overflow,MEDIUM
bijli 6 ghante se nahi hai Railway Station Road me,Electricity Department,Electricity,Power Outage,HIGH
hello sir my name is rahul and there is a road on that road there is a pipe that is leaking and road is full of water,Water Department,Water Supply,Water Pipeline Leakage,HIGH
i am reporting an issue that public toilet is closed and locked since 3 days near Model Town,Sanitation Department,Sanitation,Public Toilet Cleaning,MEDIUM
i am rahul shamram i am fine so the problem is that traffic light kharab hai near Lajpat Nagar chowk,Municipal Transport Department,Transport,Traffic Signal Defect,HIGH
pothole on road needs urgent repair before an accident happens,Public Works Department,Roads / PWD,Dangerous Pothole,HIGH
traffic light kharab hai near Lajpat Nagar chowk,Municipal Transport Department,Transport,Traffic Signal Defect,HIGH
garbage has not been collected from Vasant Kunj for 5 days,Sanitation & Waste Department,Waste Management,Uncollected Garbage,MEDIUM
garbage has not been collected from Rohini Sector 7 for 2 days,Sanitation & Waste Department,Waste Management,Uncollected Garbage,MEDIUM
hello sir my name is rahul and traffic light kharab hai near dwarka sector 10 chowk,Municipal Transport Department,Transport,Traffic Signal Defect,HIGH
"good morning sir, public toilet is closed and locked since 7 days near Railway Station Road",Sanitation Department,Sanitation,Public Toilet Cleaning,MEDIUM
machhar bohot ho gaye hain stagnant water ke wajah se Rohini Sector 7 me,Public Health Department,Public Health,Mosquito Breeding Hazard,HIGH
"hi assistant i am fine, there is a huge pothole on the main road",Public Works Department,Roads / PWD,Dangerous Pothole,HIGH
"hi assistant i am fine, bijli 6 ghante se nahi hai Vasant Kunj me",Electricity Department,Electricity,Power Outage,HIGH
sewage line overflowing near Railway Station Road creating unsanitary conditions,Sanitation Department,Sanitation,Sewage Overflow,HIGH
"good morning sir, nali overflow kar rahi hai karol bagh ke raste pe",Municipal Drainage Department,Drainage,Drainage Overflow,HIGH
community waste bin overflowing near Connaught Place,Sanitation & Waste Department,Waste Management,Garbage Dustbin Overflow,MEDIUM
"please help me, road ki condition bahut kharab hai Connaught Place me",Public Works Department,Roads / PWD,Road Repair Needed,MEDIUM
bhai listen broken water pipeline is flooding the street in connaught place,Water Department,Water Supply,Water Pipeline Leakage,HIGH
drainage gutter overflow inundating street water in Dwarka Sector 10,Municipal Drainage Department,Drainage,Drainage Overflow,HIGH
"please help me, nuisance and stench from dirty public toilet near Civil Lines market",Sanitation Department,Sanitation,Foul Smell / Unsanitary Area,MEDIUM
bhai listen severe waterlogging in Vasant Kunj after light rain due to choked drains,Municipal Drainage Department,Drainage,Waterlogging,HIGH
i am reporting an issue that streetlight pole broken and light fixture hanging near Rohini Sector 7,Electrical & Lighting Department,Street Lighting,Broken Lamp Pole,MEDIUM
"good morning sir, fever cases increasing in Sector 17 suspected dengue mosquito infestation",Public Health Department,Public Health,Disease Outbreak,HIGH
power supply has been out in Dwarka Sector 10 for more than 4 hours,Electricity Department,Electricity,Power Outage,HIGH
garbage has not been collected from Vasant Kunj for 3 days,Sanitation & Waste Department,Waste Management,Uncollected Garbage,MEDIUM
in our area traffic signal lights not working at major intersection near Lajpat Nagar,Municipal Transport Department,Transport,Traffic Signal Defect,HIGH
in our area streetlights turned off on main road near Connaught Place for 4 nights,Electrical & Lighting Department,Street Lighting,Streetlight Off,MEDIUM
"good morning sir, nali overflow kar rahi hai Model Town ke raste pe",Municipal Drainage Department,Drainage,Drainage Overflow,HIGH
i am reporting an issue that water is leaking from main underground pipeline onto the street,Water Department,Water Supply,Water Pipeline Leakage,HIGH
"please help me, mosquito se dengue ho raha hai area me fogging ki zaroorat hai",Public Health Department,Public Health,Vector Disease Control,HIGH
"please help me, paani nahi aa raha ghar mein",Water Department,Water Supply,No Water Supply,HIGH
"please help me, pipeline burst near Sector 17 causing heavy water leakage on road",Water Department,Water Supply,Water Pipeline Leakage,HIGH
garbage has not been collected from Civil Lines for 3 days,Sanitation & Waste Department,Waste Management,Uncollected Garbage,MEDIUM
community waste bin overflowing near Railway Station Road,Sanitation & Waste Department,Waste Management,Garbage Dustbin Overflow,MEDIUM
"hi assistant i am fine, power supply has been out in Model Town for more than 5 hours",Electricity Department,Electricity,Power Outage,HIGH
i am rahul shamram i am fine so the problem is that severe waterlogging in Dwarka Sector 10 after light rain due to choked drains,Municipal Drainage Department,Drainage,Waterlogging,HIGH
"please help me, bus stop shelter shade damaged and rusted near Rohini Sector 7",Municipal Transport Department,Transport,Bus Stop Damage,LOW
"good morning sir, big pothole on main road causing accidents and damage to vehicles",Public Works Department,Roads / PWD,Dangerous Pothole,HIGH
"hi assistant i am fine, large deep potholes on main road near Railway Station Road causing accidents",Public Works Department,Roads / PWD,Dangerous Pothole,HIGH
"please help me, public toilet is closed and locked since 3 days near Connaught Place",Sanitation Department,Sanitation,Public Toilet Cleaning,MEDIUM
"hi assistant i am fine, drainage gutter overflow inundating street water in Rohini Sector 7",Municipal Drainage Department,Drainage,Drainage Overflow,HIGH
road is flooded because a water pipeline is leaking in Civil Lines,Water Department,Water Supply,Water Pipeline Leakage,HIGH
"good morning sir, bhai Civil Lines ke paas rasta poora toota hua hai, pothole hain bohot",Public Works Department,Roads / PWD,Dangerous Pothole,HIGH
live electrical wire fallen on road near Sector 17,Electricity Department,Electricity,Exposed Electrical Hazard,CRITICAL
"good morning sir, electricity transformer near Civil Lines is sparking violently and emitting smoke",Electricity Department,Electricity,Transformer Sparking,CRITICAL
"good morning sir, severe waterlogging in Vasant Kunj after light rain due to choked drains",Municipal Drainage Department,Drainage,Waterlogging,HIGH
"bhai listen sadak par bohot bade bade gaddhe hain, gaadi kharab ho rahi hai",Public Works Department,Roads / PWD,Dangerous Pothole,HIGH
bhai listen street light 1 hafte se band hai Model Town me,Electrical & Lighting Department,Street Lighting,Streetlight Off,MEDIUM
"good morning sir, the road condition near Dwarka Sector 10 is extremely bad and damaged",Public Works Department,Roads / PWD,Road Repair Needed,MEDIUM
i am reporting an issue that garbage has not been collected from Railway Station Road for 7 days,Sanitation & Waste Department,Waste Management,Uncollected Garbage,MEDIUM
"hi assistant i am fine, community waste bin overflowing near Rohini Sector 7",Sanitation & Waste Department,Waste Management,Garbage Dustbin Overflow,MEDIUM
traffic light kharab hai near civil lines chowk,Municipal Transport Department,Transport,Traffic Signal Defect,HIGH
i am rahul shamram i am fine so the problem is that sewage ka paani raste pe beh raha hai near Rohini Sector 7,Sanitation Department,Sanitation,Sewage Overflow,HIGH
"in our area malaria aur dengue ke case badh rahe hain Lajpat Nagar me, fogging karo",Public Health Department,Public Health,Vector Disease Control,HIGH
in our area nuisance and stench from dirty public toilet near Connaught Place market,Sanitation Department,Sanitation,Foul Smell / Unsanitary Area,MEDIUM
in our area sewage chamber is overflowing and sewage spreading on street near Dwarka Sector 10,Sanitation Department,Sanitation,Sewage Overflow,HIGH
"good morning sir, the road condition near Sector 17 is extremely bad and damaged",Public Works Department,Roads / PWD,Road Repair Needed,MEDIUM
garbage has not been collected from Dwarka Sector 10 for 4 days,Sanitation & Waste Department,Waste Management,Uncollected Garbage,MEDIUM
entire stretch of road near Vasant Kunj is pitch dark at night,Electrical & Lighting Department,Street Lighting,Dark Road Safety Concern,HIGH
in our area public toilet near Karol Bagh is extremely filthy and not cleaned,Sanitation Department,Sanitation,Public Toilet Cleaning,MEDIUM
streetlights turned off on main road near Sector 17 for 5 nights,Electrical & Lighting Department,Street Lighting,Streetlight Off,MEDIUM
in our area stagnant water pool near Dwarka Sector 10 becoming mosquito breeding ground,Public Health Department,Public Health,Mosquito Breeding Hazard,HIGH
"good morning sir, huge pile of uncollected trash dumped openly near Model Town",Sanitation & Waste Department,Waste Management,Open Waste Dumping,MEDIUM
bhai listen traffic signal lights not working at major intersection near Sector 17,Municipal Transport Department,Transport,Traffic Signal Defect,HIGH
hello sir my name is rahul and streetlights turned off on main road near Karol Bagh for 4 nights,Electrical & Lighting Department,Street Lighting,Streetlight Off,MEDIUM
"please help me, plague and disease spreading in Rohini Sector 7 due to mosquitoes and stagnant water",Public Health Department,Public Health,Disease Outbreak,HIGH
"hi assistant i am fine, mosquito se dengue ho raha hai area me fogging ki zaroorat hai",Public Health Department,Public Health,Vector Disease Control,HIGH
bijli 6 ghante se nahi hai Vasant Kunj me,Electricity Department,Electricity,Power Outage,HIGH
"hi assistant i am fine, dirty brown water is coming from the tap in Lajpat Nagar",Water Department,Water Supply,Contaminated / Dirty Water,HIGH
"hi assistant i am fine, garbage has not been collected from Lajpat Nagar for 7 days",Sanitation & Waste Department,Waste Management,Uncollected Garbage,MEDIUM
in our area kachra 4 din se nahi uthaya gaya hai Sector 17 se,Sanitation & Waste Department,Waste Management,Uncollected Garbage,MEDIUM
"hi assistant i am fine, road is completely broken with dangerous potholes everywhere",Public Works Department,Roads / PWD,Dangerous Pothole,HIGH
bhai listen street light 1 hafte se band hai Railway Station Road me,Electrical & Lighting Department,Street Lighting,Streetlight Off,MEDIUM
"hi assistant i am fine, fever cases increasing in Railway Station Road suspected dengue mosquito infestation",Public Health Department,Public Health,Disease Outbreak,HIGH
big pothole on main road causing accidents and damage to vehicles,Public Works Department,Roads / PWD,Dangerous Pothole,HIGH
hello sir my name is rahul and open manhole hai road pe near Vasant Kunj,Public Works Department,Roads / PWD,Open Manhole Hazard,CRITICAL
nuisance and stench from dirty public toilet near Lajpat Nagar market,Sanitation Department,Sanitation,Foul Smell / Unsanitary Area,MEDIUM
i am rahul shamram i am fine so the problem is that the road condition near rohini sector 7 is extremely bad and damaged,Public Works Department,Roads / PWD,Road Repair Needed,MEDIUM
hello sir my name is rahul and fumigation and mosquito fogging required urgently in Railway Station Road,Public Health Department,Public Health,Vector Disease Control,HIGH
dengue phail raha hai please fogging lagwao area me,Public Health Department,Public Health,Vector Disease Control,HIGH
i am reporting an issue that public toilet is closed and locked since 2 days near Model Town,Sanitation Department,Sanitation,Public Toilet Cleaning,MEDIUM
"good morning sir, electric pole near Model Town is leaning dangerously and about to fall",Electricity Department,Electricity,Damaged Electric Pole,HIGH
kachra 4 din se nahi uthaya gaya hai Lajpat Nagar se,Sanitation & Waste Department,Waste Management,Uncollected Garbage,MEDIUM
hello sir my name is rahul and urgent fogging required near Lajpat Nagar due to mosquito menace and dengue threat,Public Health Department,Public Health,Vector Disease Control,HIGH
bhai listen road construction work near Railway Station Road has been left incomplete for months,Public Works Department,Roads / PWD,Incomplete Road Construction,MEDIUM
community waste bin overflowing near Rohini Sector 7,Sanitation & Waste Department,Waste Management,Garbage Dustbin Overflow,MEDIUM
"hi assistant i am fine, kachra 4 din se nahi uthaya gaya hai lajpat nagar se",Sanitation & Waste Department,Waste Management,Uncollected Garbage,MEDIUM
the road condition near Rohini Sector 7 is extremely bad and damaged,Public Works Department,Roads / PWD,Road Repair Needed,MEDIUM
entire stretch of road near Connaught Place is pitch dark at night,Electrical & Lighting Department,Street Lighting,Dark Road Safety Concern,HIGH
bus stop shelter shade damaged and rusted near Model Town,Municipal Transport Department,Transport,Bus Stop Damage,LOW
bhai listen urgent fogging required near Vasant Kunj due to mosquito menace and dengue threat,Public Health Department,Public Health,Vector Disease Control,HIGH
streetlight pole broken and light fixture hanging near rohini sector 7,Electrical & Lighting Department,Street Lighting,Broken Lamp Pole,MEDIUM
"good morning sir, bus stop shelter shade damaged and rusted near Rohini Sector 7",Municipal Transport Department,Transport,Bus Stop Damage,LOW
i am reporting an issue that streetlight pole broken and light fixture hanging near Lajpat Nagar,Electrical & Lighting Department,Street Lighting,Broken Lamp Pole,MEDIUM
traffic light kharab hai near Karol Bagh chowk,Municipal Transport Department,Transport,Traffic Signal Defect,HIGH
"hi assistant i am fine, drainage gutter overflow inundating street water in Connaught Place",Municipal Drainage Department,Drainage,Drainage Overflow,HIGH
i am rahul shamram i am fine so the problem is that entire stretch of road near Dwarka Sector 10 is pitch dark at night,Electrical & Lighting Department,Street Lighting,Dark Road Safety Concern,HIGH
hello sir my name is rahul and electric pole near Sector 17 is leaning dangerously and about to fall,Electricity Department,Electricity,Damaged Electric Pole,HIGH
i am reporting an issue that huge pile of uncollected trash dumped openly near Lajpat Nagar,Sanitation & Waste Department,Waste Management,Open Waste Dumping,MEDIUM
hello sir my name is rahul and traffic light kharab hai near Lajpat Nagar chowk,Municipal Transport Department,Transport,Traffic Signal Defect,HIGH
i am rahul shamram i am fine so the problem is that sewage manhole overflow causing smell and filth on pavement near Lajpat Nagar,Sanitation Department,Sanitation,Sewage Overflow,HIGH
traffic signal lights not working at major intersection near Connaught Place,Municipal Transport Department,Transport,Traffic Signal Defect,HIGH
live electrical wire fallen on road near Rohini Sector 7,Electricity Department,Electricity,Exposed Electrical Hazard,CRITICAL
"good morning sir, road ki condition bahut kharab hai karol bagh me",Public Works Department,Roads / PWD,Road Repair Needed,MEDIUM
bhai listen mosquito se dengue ho raha hai area me fogging ki zaroorat hai,Public Health Department,Public Health,Vector Disease Control,HIGH
streetlights turned off on main road near Lajpat Nagar for 2 nights,Electrical & Lighting Department,Street Lighting,Streetlight Off,MEDIUM
"good morning sir, sadak par pipe se paani leak ho raha hai aur paani jama ho gaya hai",Water Department,Water Supply,Water Pipeline Leakage,HIGH
traffic signal lights not working at major intersection near Karol Bagh,Municipal Transport Department,Transport,Traffic Signal Defect,HIGH
streetlights turned off on main road near Railway Station Road for 4 nights,Electrical & Lighting Department,Street Lighting,Streetlight Off,MEDIUM
hello sir my name is rahul and garbage has not been collected from Vasant Kunj for 7 days,Sanitation & Waste Department,Waste Management,Uncollected Garbage,MEDIUM
"please help me, malaria aur dengue ke case badh rahe hain connaught place me, fogging karo",Public Health Department,Public Health,Vector Disease Control,HIGH
transformer se spark nikal raha hai near Karol Bagh market,Electricity Department,Electricity,Transformer Sparking,CRITICAL
i am rahul shamram i am fine so the problem is that bimari phail rahi hai please health department ko bhejo Lajpat Nagar me,Public Health Department,Public Health,Disease Outbreak,HIGH
"please help me, drainage gutter overflow inundating street water in Sector 17",Municipal Drainage Department,Drainage,Drainage Overflow,HIGH
in our area power supply has been out in Dwarka Sector 10 for more than 3 hours,Electricity Department,Electricity,Power Outage,HIGH
large deep potholes on main road near Model Town causing accidents,Public Works Department,Roads / PWD,Dangerous Pothole,HIGH
"please help me, footpath is broken and paved tiles are missing near Dwarka Sector 10",Public Works Department,Roads / PWD,Broken Footpath,LOW
"good morning sir, water pipe leak ho gaya hai Rohini Sector 7 market ke paas",Water Department,Water Supply,Water Pipeline Leakage,HIGH
hello sir my name is rahul and drainage gutter overflow inundating street water in Railway Station Road,Municipal Drainage Department,Drainage,Drainage Overflow,HIGH
i am reporting an issue that streetlight pole broken and light fixture hanging near connaught place,Electrical & Lighting Department,Street Lighting,Broken Lamp Pole,MEDIUM
bhai listen frequent voltage fluctuations and power cuts in Karol Bagh area,Electricity Department,Electricity,Power Outage,HIGH
i am rahul shamram i am fine so the problem is that streetlights turned off on main road near Connaught Place for 5 nights,Electrical & Lighting Department,Street Lighting,Streetlight Off,MEDIUM
"good morning sir, street light 1 hafte se band hai Karol Bagh me",Electrical & Lighting Department,Street Lighting,Streetlight Off,MEDIUM
hello sir my name is rahul and bus stop shelter shade damaged and rusted near Vasant Kunj,Municipal Transport Department,Transport,Bus Stop Damage,LOW
i am rahul shamram i am fine so the problem is that street light 1 hafte se band hai Railway Station Road me,Electrical & Lighting Department,Street Lighting,Streetlight Off,MEDIUM
i am reporting an issue that paani sadak par beh raha hai pipe leak hone ki wajah se,Water Department,Water Supply,Water Pipeline Leakage,HIGH
"good morning sir, large deep potholes on main road near Connaught Place causing accidents",Public Works Department,Roads / PWD,Dangerous Pothole,HIGH
large deep potholes on main road near Vasant Kunj causing accidents,Public Works Department,Roads / PWD,Dangerous Pothole,HIGH
i am rahul shamram i am fine so the problem is that traffic signal lights not working at major intersection near Vasant Kunj,Municipal Transport Department,Transport,Traffic Signal Defect,HIGH
power supply has been out in Model Town for more than 3 hours,Electricity Department,Electricity,Power Outage,HIGH
"hi assistant i am fine, traffic light kharab hai near Model Town chowk",Municipal Transport Department,Transport,Traffic Signal Defect,HIGH
electric pole near Connaught Place is leaning dangerously and about to fall,Electricity Department,Electricity,Damaged Electric Pole,HIGH
hello sir my name is rahul and ganda paani aa raha hai tap me Model Town ke andar,Water Department,Water Supply,Contaminated / Dirty Water,HIGH
"hello sir my name is rahul and malaria aur dengue ke case badh rahe hain Railway Station Road me, fogging karo",Public Health Department,Public Health,Vector Disease Control,HIGH
"hi assistant i am fine, electric pole near Sector 17 is leaning dangerously and about to fall",Electricity Department,Electricity,Damaged Electric Pole,HIGH
"good morning sir, kachra 4 din se nahi uthaya gaya hai Railway Station Road se",Sanitation & Waste Department,Waste Management,Uncollected Garbage,MEDIUM
i am reporting an issue that streetlight pole broken and light fixture hanging near Dwarka Sector 10,Electrical & Lighting Department,Street Lighting,Broken Lamp Pole,MEDIUM
i am rahul shamram i am fine so the problem is that transformer se spark nikal raha hai near Railway Station Road market,Electricity Department,Electricity,Transformer Sparking,CRITICAL
bhai listen traffic light kharab hai near Karol Bagh chowk,Municipal Transport Department,Transport,Traffic Signal Defect,HIGH
"hi assistant i am fine, community waste bin overflowing near model town",Sanitation & Waste Department,Waste Management,Garbage Dustbin Overflow,MEDIUM
there is sewage overflowing from the chamber onto the walking path in Vasant Kunj,Sanitation Department,Sanitation,Sewage Overflow,HIGH
in our area bus stop shelter shade damaged and rusted near Railway Station Road,Municipal Transport Department,Transport,Bus Stop Damage,LOW
electricity transformer near Karol Bagh is sparking violently and emitting smoke,Electricity Department,Electricity,Transformer Sparking,CRITICAL
entire stretch of road near Civil Lines is pitch dark at night,Electrical & Lighting Department,Street Lighting,Dark Road Safety Concern,HIGH
in our area large deep potholes on main road near karol bagh causing accidents,Public Works Department,Roads / PWD,Dangerous Pothole,HIGH
i am reporting an issue that broken water pipeline is flooding the street in Karol Bagh,Water Department,Water Supply,Water Pipeline Leakage,HIGH
in our area bus stop shelter shade damaged and rusted near dwarka sector 10,Municipal Transport Department,Transport,Bus Stop Damage,LOW
"hi assistant i am fine, stagnant water pool near Railway Station Road becoming mosquito breeding ground",Public Health Department,Public Health,Mosquito Breeding Hazard,HIGH
i am rahul shamram i am fine so the problem is that garbage has not been collected from Vasant Kunj for 3 days,Sanitation & Waste Department,Waste Management,Uncollected Garbage,MEDIUM
in our area bus stop shelter shade damaged and rusted near Sector 17,Municipal Transport Department,Transport,Bus Stop Damage,LOW
severe waterlogging in Model Town after light rain due to choked drains,Municipal Drainage Department,Drainage,Waterlogging,HIGH
i am reporting an issue that electricity transformer near Railway Station Road is sparking violently and emitting smoke,Electricity Department,Electricity,Transformer Sparking,CRITICAL
in our area big pothole on main road causing accidents and damage to vehicles,Public Works Department,Roads / PWD,Dangerous Pothole,HIGH
"hi assistant i am fine, sewage line overflowing near Civil Lines creating unsanitary conditions",Sanitation Department,Sanitation,Sewage Overflow,HIGH
in our area bimari phail rahi hai please health department ko bhejo connaught place me,Public Health Department,Public Health,Disease Outbreak,HIGH
bhai listen nali overflow kar rahi hai Civil Lines ke raste pe,Municipal Drainage Department,Drainage,Drainage Overflow,HIGH
hello sir my name is rahul and there are large potholes on the road making driving very dangerous,Public Works Department,Roads / PWD,Dangerous Pothole,HIGH
i am reporting an issue that fumigation and mosquito fogging required urgently in Civil Lines,Public Health Department,Public Health,Vector Disease Control,HIGH
i am reporting an issue that dengue phail raha hai please fogging lagwao area me,Public Health Department,Public Health,Vector Disease Control,HIGH
live electrical wire fallen on road near Lajpat Nagar,Electricity Department,Electricity,Exposed Electrical Hazard,CRITICAL
i am reporting an issue that streetlights turned off on main road near Connaught Place for 2 nights,Electrical & Lighting Department,Street Lighting,Streetlight Off,MEDIUM
kachra 4 din se nahi uthaya gaya hai Karol Bagh se,Sanitation & Waste Department,Waste Management,Uncollected Garbage,MEDIUM
hello sir my name is rahul and live electrical wire fallen on road near Rohini Sector 7,Electricity Department,Electricity,Exposed Electrical Hazard,CRITICAL
i am rahul shamram i am fine so the problem is that sewage manhole overflow causing smell and filth on pavement near Model Town,Sanitation Department,Sanitation,Sewage Overflow,HIGH
bhai listen street light 1 hafte se band hai Vasant Kunj me,Electrical & Lighting Department,Street Lighting,Streetlight Off,MEDIUM
dengue phail raha hai please fogging lagwao area me,Public Health Department,Public Health,Vector Disease Control,HIGH
bijli 6 ghante se nahi hai Civil Lines me,Electricity Department,Electricity,Power Outage,HIGH
in our area traffic light kharab hai near dwarka sector 10 chowk,Municipal Transport Department,Transport,Traffic Signal Defect,HIGH
"good morning sir, there is sewage overflowing from the chamber onto the walking path in Karol Bagh",Sanitation Department,Sanitation,Sewage Overflow,HIGH
"good morning sir, entire stretch of road near Rohini Sector 7 is pitch dark at night",Electrical & Lighting Department,Street Lighting,Dark Road Safety Concern,HIGH
i am rahul shamram i am fine so the problem is that fever cases increasing in Vasant Kunj suspected dengue mosquito infestation,Public Health Department,Public Health,Disease Outbreak,HIGH
live electrical wire fallen on road near Karol Bagh,Electricity Department,Electricity,Exposed Electrical Hazard,CRITICAL
"hi assistant i am fine, urgent fogging required near Lajpat Nagar due to mosquito menace and dengue threat",Public Health Department,Public Health,Vector Disease Control,HIGH
bhai listen entire stretch of road near Rohini Sector 7 is pitch dark at night,Electrical & Lighting Department,Street Lighting,Dark Road Safety Concern,HIGH
"good morning sir, mosquito se dengue ho raha hai area me fogging ki zaroorat hai",Public Health Department,Public Health,Vector Disease Control,HIGH
i am rahul shamram i am fine so the problem is that streetlights turned off on main road near Dwarka Sector 10 for 4 nights,Electrical & Lighting Department,Street Lighting,Streetlight Off,MEDIUM
"good morning sir, nali overflow kar rahi hai Rohini Sector 7 ke raste pe",Municipal Drainage Department,Drainage,Drainage Overflow,HIGH
community waste bin overflowing near Connaught Place,Sanitation & Waste Department,Waste Management,Garbage Dustbin Overflow,MEDIUM
"hi assistant i am fine, sewage manhole overflow causing smell and filth on pavement near Civil Lines",Sanitation Department,Sanitation,Sewage Overflow,HIGH
hello sir my name is rahul and sewage ka paani raste pe beh raha hai near Dwarka Sector 10,Sanitation Department,Sanitation,Sewage Overflow,HIGH
"good morning sir, traffic signal lights not working at major intersection near Sector 17",Municipal Transport Department,Transport,Traffic Signal Defect,HIGH
i am reporting an issue that kachra 4 din se nahi uthaya gaya hai Vasant Kunj se,Sanitation & Waste Department,Waste Management,Uncollected Garbage,MEDIUM
bhai listen street light 1 hafte se band hai Vasant Kunj me,Electrical & Lighting Department,Street Lighting,Streetlight Off,MEDIUM
bhai listen streetlights turned off on main road near Sector 17 for 5 nights,Electrical & Lighting Department,Street Lighting,Streetlight Off,MEDIUM
i am rahul shamram i am fine so the problem is that huge pile of uncollected trash dumped openly near Dwarka Sector 10,Sanitation & Waste Department,Waste Management,Open Waste Dumping,MEDIUM
"hi assistant i am fine, stagnant water pool near lajpat nagar becoming mosquito breeding ground",Public Health Department,Public Health,Mosquito Breeding Hazard,HIGH
bhai listen kachra 4 din se nahi uthaya gaya hai Sector 17 se,Sanitation & Waste Department,Waste Management,Uncollected Garbage,MEDIUM
large deep potholes on main road near Model Town causing accidents,Public Works Department,Roads / PWD,Dangerous Pothole,HIGH
"hi assistant i am fine, sewage manhole overflow causing smell and filth on pavement near Vasant Kunj",Sanitation Department,Sanitation,Sewage Overflow,HIGH
"paani ki supply bilkul band hai civil lines me, please help karo",Water Department,Water Supply,No Water Supply,HIGH
"good morning sir, bijli 6 ghante se nahi hai Rohini Sector 7 me",Electricity Department,Electricity,Power Outage,HIGH
"hi assistant i am fine, transformer se spark nikal raha hai near sector 17 market",Electricity Department,Electricity,Transformer Sparking,CRITICAL
hello sir my name is rahul and the main road has huge deep potholes near connaught place,Public Works Department,Roads / PWD,Dangerous Pothole,HIGH
bhai listen tap se ganda paani aa raha hai,Water Department,Water Supply,Contaminated / Dirty Water,HIGH
hello sir my name is rahul and electric pole near Vasant Kunj is leaning dangerously and about to fall,Electricity Department,Electricity,Damaged Electric Pole,HIGH
severe waterlogging in Vasant Kunj after light rain due to choked drains,Municipal Drainage Department,Drainage,Waterlogging,HIGH
bhai listen traffic light kharab hai near Dwarka Sector 10 chowk,Municipal Transport Department,Transport,Traffic Signal Defect,HIGH
open manhole on main road near connaught place poses severe danger to pedestrians,Public Works Department,Roads / PWD,Open Manhole Hazard,CRITICAL
in our area bijli 6 ghante se nahi hai Rohini Sector 7 me,Electricity Department,Electricity,Power Outage,HIGH
traffic signal lights not working at major intersection near Railway Station Road,Municipal Transport Department,Transport,Traffic Signal Defect,HIGH
"good morning sir, stormwater drain is completely clogged with silt near Karol Bagh",Municipal Drainage Department,Drainage,Clogged Gutter,MEDIUM
i am rahul shamram i am fine so the problem is that traffic signal lights not working at major intersection near Connaught Place,Municipal Transport Department,Transport,Traffic Signal Defect,HIGH
"good morning sir, community waste bin overflowing near civil lines",Sanitation & Waste Department,Waste Management,Garbage Dustbin Overflow,MEDIUM
in our area bus stop shelter shade damaged and rusted near Model Town,Municipal Transport Department,Transport,Bus Stop Damage,LOW
"good morning sir, bijli 6 ghante se nahi hai Connaught Place me",Electricity Department,Electricity,Power Outage,HIGH
hello sir my name is rahul and streetlight pole broken and light fixture hanging near connaught place,Electrical & Lighting Department,Street Lighting,Broken Lamp Pole,MEDIUM
"please help me, exposed live electrical wire hanging dangerously near school in Rohini Sector 7",Electricity Department,Electricity,Exposed Electrical Hazard,CRITICAL
hello sir my name is rahul and dirty brown water is coming from the tap in Rohini Sector 7,Water Department,Water Supply,Contaminated / Dirty Water,HIGH
severe foul odor coming from unmaintained public restroom near Rohini Sector 7,Sanitation Department,Sanitation,Foul Smell / Unsanitary Area,MEDIUM
bus stop shelter shade damaged and rusted near Model Town,Municipal Transport Department,Transport,Bus Stop Damage,LOW
live electrical wire fallen on road near Railway Station Road,Electricity Department,Electricity,Exposed Electrical Hazard,CRITICAL
"good morning sir, kachra 4 din se nahi uthaya gaya hai Vasant Kunj se",Sanitation & Waste Department,Waste Management,Uncollected Garbage,MEDIUM
i am reporting an issue that nali overflow kar rahi hai Civil Lines ke raste pe,Municipal Drainage Department,Drainage,Drainage Overflow,HIGH
i am reporting an issue that electric pole near Lajpat Nagar is leaning dangerously and about to fall,Electricity Department,Electricity,Damaged Electric Pole,HIGH
i am reporting an issue that public toilet is closed and locked since 7 days near lajpat nagar,Sanitation Department,Sanitation,Public Toilet Cleaning,MEDIUM
i am reporting an issue that traffic light kharab hai near Civil Lines chowk,Municipal Transport Department,Transport,Traffic Signal Defect,HIGH
i am reporting an issue that pothole on road needs urgent repair before an accident happens,Public Works Department,Roads / PWD,Dangerous Pothole,HIGH
"good morning sir, sewage chamber is overflowing and sewage spreading on street near Connaught Place",Sanitation Department,Sanitation,Sewage Overflow,HIGH
bus stop shelter shade damaged and rusted near Lajpat Nagar,Municipal Transport Department,Transport,Bus Stop Damage,LOW
live electrical wire fallen on road near Sector 17,Electricity Department,Electricity,Exposed Electrical Hazard,CRITICAL
i am rahul shamram i am fine so the problem is that public toilet near Connaught Place is extremely filthy and not cleaned,Sanitation Department,Sanitation,Public Toilet Cleaning,MEDIUM
in our area fumigation and mosquito fogging required urgently in Civil Lines,Public Health Department,Public Health,Vector Disease Control,HIGH
dirty brown water is coming from the tap in Vasant Kunj,Water Department,Water Supply,Contaminated / Dirty Water,HIGH
frequent voltage fluctuations and power cuts in Sector 17 area,Electricity Department,Electricity,Power Outage,HIGH
"hi assistant i am fine, streetlight pole broken and light fixture hanging near Dwarka Sector 10",Electrical & Lighting Department,Street Lighting,Broken Lamp Pole,MEDIUM
"please help me, drainage gutter overflow inundating street water in Dwarka Sector 10",Municipal Drainage Department,Drainage,Drainage Overflow,HIGH
"good morning sir, community waste bin overflowing near Civil Lines",Sanitation & Waste Department,Waste Management,Garbage Dustbin Overflow,MEDIUM
bus stop shelter shade damaged and rusted near Dwarka Sector 10,Municipal Transport Department,Transport,Bus Stop Damage,LOW
hello sir my name is rahul and huge pile of uncollected trash dumped openly near Rohini Sector 7,Sanitation & Waste Department,Waste Management,Open Waste Dumping,MEDIUM
fumigation and mosquito fogging required urgently in Model Town,Public Health Department,Public Health,Vector Disease Control,HIGH
bus stop shelter shade damaged and rusted near Lajpat Nagar,Municipal Transport Department,Transport,Bus Stop Damage,LOW
hello sir my name is rahul and streetlight pole broken and light fixture hanging near Vasant Kunj,Electrical & Lighting Department,Street Lighting,Broken Lamp Pole,MEDIUM
"hi assistant i am fine, entire stretch of road near model town is pitch dark at night",Electrical & Lighting Department,Street Lighting,Dark Road Safety Concern,HIGH
entire stretch of road near Rohini Sector 7 is pitch dark at night,Electrical & Lighting Department,Street Lighting,Dark Road Safety Concern,HIGH
"please help me, entire stretch of road near Model Town is pitch dark at night",Electrical & Lighting Department,Street Lighting,Dark Road Safety Concern,HIGH
there is a major water shortage in our colony near Connaught Place,Water Department,Water Supply,No Water Supply,HIGH
severe foul odor coming from unmaintained public restroom near Model Town,Sanitation Department,Sanitation,Foul Smell / Unsanitary Area,MEDIUM
hello sir my name is rahul and severe foul odor coming from unmaintained public restroom near Dwarka Sector 10,Sanitation Department,Sanitation,Foul Smell / Unsanitary Area,MEDIUM
community waste bin overflowing near Dwarka Sector 10,Sanitation & Waste Department,Waste Management,Garbage Dustbin Overflow,MEDIUM
sewage line overflowing near Model Town creating unsanitary conditions,Sanitation Department,Sanitation,Sewage Overflow,HIGH
in our area tap se ganda paani aa raha hai,Water Department,Water Supply,Contaminated / Dirty Water,HIGH
"please help me, bus stop shelter shade damaged and rusted near Rohini Sector 7",Municipal Transport Department,Transport,Bus Stop Damage,LOW
in our area paani sadak par beh raha hai pipe leak hone ki wajah se,Water Department,Water Supply,Water Pipeline Leakage,HIGH
water pressure is very low,Water Department,Water Supply,Low Water Pressure,MEDIUM
"please help me, open manhole hai road pe near model town",Public Works Department,Roads / PWD,Open Manhole Hazard,CRITICAL
"sadak par bohot bade bade gaddhe hain, gaadi kharab ho rahi hai",Public Works Department,Roads / PWD,Dangerous Pothole,HIGH
live electrical wire fallen on road near Railway Station Road,Electricity Department,Electricity,Exposed Electrical Hazard,CRITICAL
"hi assistant i am fine, public toilet near Vasant Kunj is extremely filthy and not cleaned",Sanitation Department,Sanitation,Public Toilet Cleaning,MEDIUM
traffic signal lights not working at major intersection near Vasant Kunj,Municipal Transport Department,Transport,Traffic Signal Defect,HIGH
"good morning sir, bus stop shelter shade damaged and rusted near Sector 17",Municipal Transport Department,Transport,Bus Stop Damage,LOW
garbage has not been collected from Karol Bagh for 4 days,Sanitation & Waste Department,Waste Management,Uncollected Garbage,MEDIUM
bimari phail rahi hai please health department ko bhejo Connaught Place me,Public Health Department,Public Health,Disease Outbreak,HIGH
i am reporting an issue that pothole on road needs urgent repair before an accident happens,Public Works Department,Roads / PWD,Dangerous Pothole,HIGH
bhai listen bijli 6 ghante se nahi hai Dwarka Sector 10 me,Electricity Department,Electricity,Power Outage,HIGH
in our area traffic signal lights not working at major intersection near Sector 17,Municipal Transport Department,Transport,Traffic Signal Defect,HIGH
"good morning sir, sewage line overflowing near Connaught Place creating unsanitary conditions",Sanitation Department,Sanitation,Sewage Overflow,HIGH
"please help me, street light 1 hafte se band hai Model Town me",Electrical & Lighting Department,Street Lighting,Streetlight Off,MEDIUM
"good morning sir, dengue phail raha hai please fogging lagwao area me",Public Health Department,Public Health,Vector Disease Control,HIGH
bhai listen bus stop shelter shade damaged and rusted near Vasant Kunj,Municipal Transport Department,Transport,Bus Stop Damage,LOW
"please help me, fogging karwao area me, dengue phail raha hai",Public Health Department,Public Health,Vector Disease Control,HIGH
i am reporting an issue that street light 1 hafte se band hai Civil Lines me,Electrical & Lighting Department,Street Lighting,Streetlight Off,MEDIUM
"good morning sir, nali overflow kar rahi hai Karol Bagh ke raste pe",Municipal Drainage Department,Drainage,Drainage Overflow,HIGH
"hi assistant i am fine, road construction work near Rohini Sector 7 has been left incomplete for months",Public Works Department,Roads / PWD,Incomplete Road Construction,MEDIUM
road is completely broken with dangerous potholes everywhere,Public Works Department,Roads / PWD,Dangerous Pothole,HIGH
in our area severe waterlogging in rohini sector 7 after light rain due to choked drains,Municipal Drainage Department,Drainage,Waterlogging,HIGH
"good morning sir, bus stop shelter shade damaged and rusted near lajpat nagar",Municipal Transport Department,Transport,Bus Stop Damage,LOW
bus stop shelter shade damaged and rusted near Model Town,Municipal Transport Department,Transport,Bus Stop Damage,LOW
paani sadak par beh raha hai pipe leak hone ki wajah se,Water Department,Water Supply,Water Pipeline Leakage,HIGH
hello sir my name is rahul and kachra 4 din se nahi uthaya gaya hai Connaught Place se,Sanitation & Waste Department,Waste Management,Uncollected Garbage,MEDIUM
i am reporting an issue that stormwater drain is completely clogged with silt near sector 17,Municipal Drainage Department,Drainage,Clogged Gutter,MEDIUM
i am reporting an issue that entire stretch of road near Model Town is pitch dark at night,Electrical & Lighting Department,Street Lighting,Dark Road Safety Concern,HIGH
i am reporting an issue that exposed live electrical wire hanging dangerously near school in Civil Lines,Electricity Department,Electricity,Exposed Electrical Hazard,CRITICAL
drainage gutter overflow inundating street water in Karol Bagh,Municipal Drainage Department,Drainage,Drainage Overflow,HIGH
paani nahi aa raha ghar mein,Water Department,Water Supply,No Water Supply,HIGH
no water supply in Railway Station Road for 3 days,Water Department,Water Supply,No Water Supply,HIGH
i am rahul shamram i am fine so the problem is that nali overflow kar rahi hai Model Town ke raste pe,Municipal Drainage Department,Drainage,Drainage Overflow,HIGH
"please help me, community waste bin overflowing near Karol Bagh",Sanitation & Waste Department,Waste Management,Garbage Dustbin Overflow,MEDIUM
"hi assistant i am fine, stormwater drain is completely clogged with silt near Vasant Kunj",Municipal Drainage Department,Drainage,Clogged Gutter,MEDIUM
dengue phail raha hai please fogging lagwao area me,Public Health Department,Public Health,Vector Disease Control,HIGH
i am reporting an issue that severe waterlogging in Vasant Kunj after light rain due to choked drains,Municipal Drainage Department,Drainage,Waterlogging,HIGH
"hi assistant i am fine, stormwater drain is completely clogged with silt near Lajpat Nagar",Municipal Drainage Department,Drainage,Clogged Gutter,MEDIUM
hello sir my name is rahul and pipeline leak hai aur paani road par jama ho raha hai,Water Department,Water Supply,Water Pipeline Leakage,HIGH
bhai listen fumigation and mosquito fogging required urgently in model town,Public Health Department,Public Health,Vector Disease Control,HIGH
community waste bin overflowing near Connaught Place,Sanitation & Waste Department,Waste Management,Garbage Dustbin Overflow,MEDIUM
i am rahul shamram i am fine so the problem is that traffic light kharab hai near Model Town chowk,Municipal Transport Department,Transport,Traffic Signal Defect,HIGH
"hi assistant i am fine, nali overflow kar rahi hai Dwarka Sector 10 ke raste pe",Municipal Drainage Department,Drainage,Drainage Overflow,HIGH
"hi assistant i am fine, kachra 4 din se nahi uthaya gaya hai Rohini Sector 7 se",Sanitation & Waste Department,Waste Management,Uncollected Garbage,MEDIUM
i am rahul shamram i am fine so the problem is that severe foul odor coming from unmaintained public restroom near Model Town,Sanitation Department,Sanitation,Foul Smell / Unsanitary Area,MEDIUM
in our area the main road has huge deep potholes near Rohini Sector 7,Public Works Department,Roads / PWD,Dangerous Pothole,HIGH
"please help me, severe waterlogging in Rohini Sector 7 after light rain due to choked drains",Municipal Drainage Department,Drainage,Waterlogging,HIGH
huge pile of uncollected trash dumped openly near Karol Bagh,Sanitation & Waste Department,Waste Management,Open Waste Dumping,MEDIUM
i am reporting an issue that urgent fogging required near Civil Lines due to mosquito menace and dengue threat,Public Health Department,Public Health,Vector Disease Control,HIGH
i am rahul shamram i am fine so the problem is that street light 1 hafte se band hai rohini sector 7 me,Electrical & Lighting Department,Street Lighting,Streetlight Off,MEDIUM
sewage chamber overflowing on the walking pavement near Model Town,Sanitation Department,Sanitation,Sewage Overflow,HIGH
bhai listen huge pile of uncollected trash dumped openly near Sector 17,Sanitation & Waste Department,Waste Management,Open Waste Dumping,MEDIUM
bhai listen ganda paani aa raha hai tap me Connaught Place ke andar,Water Department,Water Supply,Contaminated / Dirty Water,HIGH
there is sewage overflowing from the chamber onto the walking path in Karol Bagh,Sanitation Department,Sanitation,Sewage Overflow,HIGH
kachra 4 din se nahi uthaya gaya hai Model Town se,Sanitation & Waste Department,Waste Management,Uncollected Garbage,MEDIUM
drainage gutter overflow inundating street water in Karol Bagh,Municipal Drainage Department,Drainage,Drainage Overflow,HIGH
i am rahul shamram i am fine so the problem is that open manhole on main road near Sector 17 poses severe danger to pedestrians,Public Works Department,Roads / PWD,Open Manhole Hazard,CRITICAL
"sadak par bohot bade bade gaddhe hain, gaadi kharab ho rahi hai",Public Works Department,Roads / PWD,Dangerous Pothole,HIGH
"good morning sir, community waste bin overflowing near Rohini Sector 7",Sanitation & Waste Department,Waste Management,Garbage Dustbin Overflow,MEDIUM
entire stretch of road near Sector 17 is pitch dark at night,Electrical & Lighting Department,Street Lighting,Dark Road Safety Concern,HIGH
i am reporting an issue that there is a huge pothole on the main road,Public Works Department,Roads / PWD,Dangerous Pothole,HIGH
i am rahul shamram i am fine so the problem is that public toilet near Vasant Kunj is extremely filthy and not cleaned,Sanitation Department,Sanitation,Public Toilet Cleaning,MEDIUM
in our area traffic signal lights not working at major intersection near Lajpat Nagar,Municipal Transport Department,Transport,Traffic Signal Defect,HIGH
bhai listen there is water everywhere on the road but our taps have no water,Water Department,Water Supply,No Water Supply,HIGH
streetlight pole broken and light fixture hanging near Rohini Sector 7,Electrical & Lighting Department,Street Lighting,Broken Lamp Pole,MEDIUM
bijli 6 ghante se nahi hai Rohini Sector 7 me,Electricity Department,Electricity,Power Outage,HIGH
"good morning sir, pothole on road needs urgent repair before an accident happens",Public Works Department,Roads / PWD,Dangerous Pothole,HIGH
i am rahul shamram i am fine so the problem is that streetlight pole broken and light fixture hanging near Sector 17,Electrical & Lighting Department,Street Lighting,Broken Lamp Pole,MEDIUM
"please help me, drainage gutter overflow inundating street water in connaught place",Municipal Drainage Department,Drainage,Drainage Overflow,HIGH
kachra 4 din se nahi uthaya gaya hai lajpat nagar se,Sanitation & Waste Department,Waste Management,Uncollected Garbage,MEDIUM
"please help me, entire stretch of road near Sector 17 is pitch dark at night",Electrical & Lighting Department,Street Lighting,Dark Road Safety Concern,HIGH
i am rahul shamram i am fine so the problem is that bhai hamare area Railway Station Road me 3 din se paani nahi aa raha hai,Water Department,Water Supply,No Water Supply,HIGH
hello sir my name is rahul and open manhole on main road near Connaught Place poses severe danger to pedestrians,Public Works Department,Roads / PWD,Open Manhole Hazard,CRITICAL
i am rahul shamram i am fine so the problem is that entire stretch of road near sector 17 is pitch dark at night,Electrical & Lighting Department,Street Lighting,Dark Road Safety Concern,HIGH
in our area paani nahi aa raha ghar mein,Water Department,Water Supply,No Water Supply,HIGH
public toilet is closed and locked since 7 days near Karol Bagh,Sanitation Department,Sanitation,Public Toilet Cleaning,MEDIUM
huge pile of uncollected trash dumped openly near Sector 17,Sanitation & Waste Department,Waste Management,Open Waste Dumping,MEDIUM
hello sir my name is rahul and sewage line overflowing near Sector 17 creating unsanitary conditions,Sanitation Department,Sanitation,Sewage Overflow,HIGH
streetlight pole broken and light fixture hanging near Civil Lines,Electrical & Lighting Department,Street Lighting,Broken Lamp Pole,MEDIUM
live electrical wire fallen on road near Lajpat Nagar,Electricity Department,Electricity,Exposed Electrical Hazard,CRITICAL
"hi assistant i am fine, dengue cases badh rahe hain, please fogging karwao vasant kunj me",Public Health Department,Public Health,Vector Disease Control,HIGH
i am reporting an issue that tap se ganda paani aa raha hai,Water Department,Water Supply,Contaminated / Dirty Water,HIGH
i am reporting an issue that nali overflow kar rahi hai Rohini Sector 7 ke raste pe,Municipal Drainage Department,Drainage,Drainage Overflow,HIGH
"please help me, frequent voltage fluctuations and power cuts in Vasant Kunj area",Electricity Department,Electricity,Power Outage,HIGH
i am rahul shamram i am fine so the problem is that community waste bin overflowing near Dwarka Sector 10,Sanitation & Waste Department,Waste Management,Garbage Dustbin Overflow,MEDIUM
stormwater drain is completely clogged with silt near Connaught Place,Municipal Drainage Department,Drainage,Clogged Gutter,MEDIUM
"please help me, bijli 6 ghante se nahi hai Civil Lines me",Electricity Department,Electricity,Power Outage,HIGH
bhai listen traffic light kharab hai near Civil Lines chowk,Municipal Transport Department,Transport,Traffic Signal Defect,HIGH
traffic light kharab hai near Civil Lines chowk,Municipal Transport Department,Transport,Traffic Signal Defect,HIGH
hello sir my name is rahul and kachra 4 din se nahi uthaya gaya hai model town se,Sanitation & Waste Department,Waste Management,Uncollected Garbage,MEDIUM
in our area kachra 4 din se nahi uthaya gaya hai Karol Bagh se,Sanitation & Waste Department,Waste Management,Uncollected Garbage,MEDIUM
footpath is broken and paved tiles are missing near Vasant Kunj,Public Works Department,Roads / PWD,Broken Footpath,LOW
"please help me, public toilet is closed and locked since 4 days near Sector 17",Sanitation Department,Sanitation,Public Toilet Cleaning,MEDIUM
road is completely broken with dangerous potholes everywhere,Public Works Department,Roads / PWD,Dangerous Pothole,HIGH
traffic light kharab hai near Karol Bagh chowk,Municipal Transport Department,Transport,Traffic Signal Defect,HIGH
"hi assistant i am fine, mosquito se dengue ho raha hai area me fogging ki zaroorat hai",Public Health Department,Public Health,Vector Disease Control,HIGH
i am rahul shamram i am fine so the problem is that sewage ka paani raste pe beh raha hai near Vasant Kunj,Sanitation Department,Sanitation,Sewage Overflow,HIGH
"please help me, drainage gutter overflow inundating street water in Karol Bagh",Municipal Drainage Department,Drainage,Drainage Overflow,HIGH
road par pipeline phat gayi hai,Water Department,Water Supply,Water Pipeline Leakage,HIGH
"please help me, road is flooded because a water pipeline is leaking in model town",Water Department,Water Supply,Water Pipeline Leakage,HIGH
bhai listen bus stop shelter shade damaged and rusted near Rohini Sector 7,Municipal Transport Department,Transport,Bus Stop Damage,LOW
"please help me, big pothole on main road causing accidents and damage to vehicles",Public Works Department,Roads / PWD,Dangerous Pothole,HIGH
bijli 6 ghante se nahi hai railway station road me,Electricity Department,Electricity,Power Outage,HIGH
"please help me, entire stretch of road near Connaught Place is pitch dark at night",Electrical & Lighting Department,Street Lighting,Dark Road Safety Concern,HIGH
huge pile of uncollected trash dumped openly near Lajpat Nagar,Sanitation & Waste Department,Waste Management,Open Waste Dumping,MEDIUM
drainage gutter overflow inundating street water in Connaught Place,Municipal Drainage Department,Drainage,Drainage Overflow,HIGH
bhai listen kachra 4 din se nahi uthaya gaya hai dwarka sector 10 se,Sanitation & Waste Department,Waste Management,Uncollected Garbage,MEDIUM
i am reporting an issue that frequent voltage fluctuations and power cuts in Dwarka Sector 10 area,Electricity Department,Electricity,Power Outage,HIGH
sewage chamber overflowing on the walking pavement near karol bagh,Sanitation Department,Sanitation,Sewage Overflow,HIGH
hello sir my name is rahul and footpath is broken and paved tiles are missing near Karol Bagh,Public Works Department,Roads / PWD,Broken Footpath,LOW
"good morning sir, traffic light kharab hai near Rohini Sector 7 chowk",Municipal Transport Department,Transport,Traffic Signal Defect,HIGH
"good morning sir, severe foul odor coming from unmaintained public restroom near Connaught Place",Sanitation Department,Sanitation,Foul Smell / Unsanitary Area,MEDIUM
"in our area dengue cases badh rahe hain, please fogging karwao rohini sector 7 me",Public Health Department,Public Health,Vector Disease Control,HIGH
paani ki pipe leak ho gayi hai sadak par,Water Department,Water Supply,Water Pipeline Leakage,HIGH
i am reporting an issue that severe waterlogging in Dwarka Sector 10 after light rain due to choked drains,Municipal Drainage Department,Drainage,Waterlogging,HIGH
"hi assistant i am fine, stagnant water pool near model town becoming mosquito breeding ground",Public Health Department,Public Health,Mosquito Breeding Hazard,HIGH
"good morning sir, fogging karwao area me, dengue phail raha hai",Public Health Department,Public Health,Vector Disease Control,HIGH
i am reporting an issue that open manhole on main road near Civil Lines poses severe danger to pedestrians,Public Works Department,Roads / PWD,Open Manhole Hazard,CRITICAL
in our area exposed live electrical wire hanging dangerously near school in Vasant Kunj,Electricity Department,Electricity,Exposed Electrical Hazard,CRITICAL
i am reporting an issue that the main road has huge deep potholes near Sector 17,Public Works Department,Roads / PWD,Dangerous Pothole,HIGH
"hi assistant i am fine, kachra 4 din se nahi uthaya gaya hai Rohini Sector 7 se",Sanitation & Waste Department,Waste Management,Uncollected Garbage,MEDIUM
"good morning sir, sewage manhole overflow causing smell and filth on pavement near Vasant Kunj",Sanitation Department,Sanitation,Sewage Overflow,HIGH
i am reporting an issue that stormwater drain is completely clogged with silt near Dwarka Sector 10,Municipal Drainage Department,Drainage,Clogged Gutter,MEDIUM
there is a major water shortage in our colony near Civil Lines,Water Department,Water Supply,No Water Supply,HIGH
bijli 6 ghante se nahi hai connaught place me,Electricity Department,Electricity,Power Outage,HIGH
sewage chamber overflowing on the walking pavement near Dwarka Sector 10,Sanitation Department,Sanitation,Sewage Overflow,HIGH
"good morning sir, big pothole on main road causing accidents and damage to vehicles",Public Works Department,Roads / PWD,Dangerous Pothole,HIGH
severe waterlogging in Civil Lines after light rain due to choked drains,Municipal Drainage Department,Drainage,Waterlogging,HIGH
i am rahul shamram i am fine so the problem is that road construction work near Civil Lines has been left incomplete for months,Public Works Department,Roads / PWD,Incomplete Road Construction,MEDIUM
nali overflow kar rahi hai Civil Lines ke raste pe,Municipal Drainage Department,Drainage,Drainage Overflow,HIGH
bhai listen traffic light kharab hai near dwarka sector 10 chowk,Municipal Transport Department,Transport,Traffic Signal Defect,HIGH
"please help me, sewage manhole overflow causing smell and filth on pavement near Rohini Sector 7",Sanitation Department,Sanitation,Sewage Overflow,HIGH
"please help me, electric pole near Dwarka Sector 10 is leaning dangerously and about to fall",Electricity Department,Electricity,Damaged Electric Pole,HIGH
streetlight pole broken and light fixture hanging near Sector 17,Electrical & Lighting Department,Street Lighting,Broken Lamp Pole,MEDIUM
"hi assistant i am fine, sewage chamber overflowing on the walking pavement near Sector 17",Sanitation Department,Sanitation,Sewage Overflow,HIGH
i am rahul shamram i am fine so the problem is that there is a major water shortage in our colony near Sector 17,Water Department,Water Supply,No Water Supply,HIGH
traffic signal lights not working at major intersection near Model Town,Municipal Transport Department,Transport,Traffic Signal Defect,HIGH
"hi assistant i am fine, road construction work near vasant kunj has been left incomplete for months",Public Works Department,Roads / PWD,Incomplete Road Construction,MEDIUM
i am rahul shamram i am fine so the problem is that nali overflow kar rahi hai Railway Station Road ke raste pe,Municipal Drainage Department,Drainage,Drainage Overflow,HIGH
in our area electric pole near Model Town is leaning dangerously and about to fall,Electricity Department,Electricity,Damaged Electric Pole,HIGH
stormwater drain is completely clogged with silt near Dwarka Sector 10,Municipal Drainage Department,Drainage,Clogged Gutter,MEDIUM
"good morning sir, public toilet near Civil Lines is extremely filthy and not cleaned",Sanitation Department,Sanitation,Public Toilet Cleaning,MEDIUM
"please help me, exposed live electrical wire hanging dangerously near school in vasant kunj",Electricity Department,Electricity,Exposed Electrical Hazard,CRITICAL
bhai listen bijli 6 ghante se nahi hai Civil Lines me,Electricity Department,Electricity,Power Outage,HIGH
"hi assistant i am fine, kachra 4 din se nahi uthaya gaya hai Civil Lines se",Sanitation & Waste Department,Waste Management,Uncollected Garbage,MEDIUM
pipeline burst near Civil Lines causing heavy water leakage on road,Water Department,Water Supply,Water Pipeline Leakage,HIGH
"please help me, bus stop shelter shade damaged and rusted near sector 17",Municipal Transport Department,Transport,Bus Stop Damage,LOW
hello sir my name is rahul and traffic light kharab hai near Dwarka Sector 10 chowk,Municipal Transport Department,Transport,Traffic Signal Defect,HIGH
bhai listen stormwater drain is completely clogged with silt near Rohini Sector 7,Municipal Drainage Department,Drainage,Clogged Gutter,MEDIUM
stormwater drain is completely clogged with silt near Karol Bagh,Municipal Drainage Department,Drainage,Clogged Gutter,MEDIUM
in our area paani sadak par beh raha hai pipe leak hone ki wajah se,Water Department,Water Supply,Water Pipeline Leakage,HIGH
in our area pothole on road needs urgent repair before an accident happens,Public Works Department,Roads / PWD,Dangerous Pothole,HIGH
muddy dirty water coming out of water taps in Connaught Place,Water Department,Water Supply,Contaminated / Dirty Water,HIGH
hello sir my name is rahul and urgent fogging required near dwarka sector 10 due to mosquito menace and dengue threat,Public Health Department,Public Health,Vector Disease Control,HIGH
open manhole on main road near Rohini Sector 7 poses severe danger to pedestrians,Public Works Department,Roads / PWD,Open Manhole Hazard,CRITICAL
in our area fever cases increasing in Sector 17 suspected dengue mosquito infestation,Public Health Department,Public Health,Disease Outbreak,HIGH
streetlight pole broken and light fixture hanging near Civil Lines,Electrical & Lighting Department,Street Lighting,Broken Lamp Pole,MEDIUM
"hi assistant i am fine, sewage manhole overflow causing smell and filth on pavement near connaught place",Sanitation Department,Sanitation,Sewage Overflow,HIGH
kachra 4 din se nahi uthaya gaya hai Civil Lines se,Sanitation & Waste Department,Waste Management,Uncollected Garbage,MEDIUM
"good morning sir, bus stop shelter shade damaged and rusted near Lajpat Nagar",Municipal Transport Department,Transport,Bus Stop Damage,LOW
"please help me, machhar bohot ho gaye hain stagnant water ke wajah se Railway Station Road me",Public Health Department,Public Health,Mosquito Breeding Hazard,HIGH
"please help me, streetlights turned off on main road near Connaught Place for 2 nights",Electrical & Lighting Department,Street Lighting,Streetlight Off,MEDIUM
in our area plague and disease spreading in Rohini Sector 7 due to mosquitoes and stagnant water,Public Health Department,Public Health,Disease Outbreak,HIGH
i am rahul shamram i am fine so the problem is that water pipe leak ho gaya hai Railway Station Road market ke paas,Water Department,Water Supply,Water Pipeline Leakage,HIGH
"please help me, drainage gutter overflow inundating street water in Sector 17",Municipal Drainage Department,Drainage,Drainage Overflow,HIGH
"please help me, garbage has not been collected from Railway Station Road for 3 days",Sanitation & Waste Department,Waste Management,Uncollected Garbage,MEDIUM
"good morning sir, garbage has not been collected from Karol Bagh for 7 days",Sanitation & Waste Department,Waste Management,Uncollected Garbage,MEDIUM
streetlight pole broken and light fixture hanging near Railway Station Road,Electrical & Lighting Department,Street Lighting,Broken Lamp Pole,MEDIUM
"good morning sir, sewage chamber is overflowing and sewage spreading on street near Model Town",Sanitation Department,Sanitation,Sewage Overflow,HIGH
hello sir my name is rahul and traffic light kharab hai near Railway Station Road chowk,Municipal Transport Department,Transport,Traffic Signal Defect,HIGH
i am rahul shamram i am fine so the problem is that street light 1 hafte se band hai Rohini Sector 7 me,Electrical & Lighting Department,Street Lighting,Streetlight Off,MEDIUM
bijli 6 ghante se nahi hai Rohini Sector 7 me,Electricity Department,Electricity,Power Outage,HIGH
bhai listen water pipe is leaking continuously on the main road,Water Department,Water Supply,Water Pipeline Leakage,HIGH
public toilet near Vasant Kunj is extremely filthy and not cleaned,Sanitation Department,Sanitation,Public Toilet Cleaning,MEDIUM
i am reporting an issue that no water coming out of kitchen tap since Tuesday,Water Department,Water Supply,No Water Supply,HIGH
in our area bus stop shelter shade damaged and rusted near Model Town,Municipal Transport Department,Transport,Bus Stop Damage,LOW
severe waterlogging in railway station road after light rain due to choked drains,Municipal Drainage Department,Drainage,Waterlogging,HIGH
bhai listen electric pole near Karol Bagh is leaning dangerously and about to fall,Electricity Department,Electricity,Damaged Electric Pole,HIGH
bus stop shelter shade damaged and rusted near Rohini Sector 7,Municipal Transport Department,Transport,Bus Stop Damage,LOW
sewage chamber is overflowing and sewage spreading on street near Lajpat Nagar,Sanitation Department,Sanitation,Sewage Overflow,HIGH
bus stop shelter shade damaged and rusted near Lajpat Nagar,Municipal Transport Department,Transport,Bus Stop Damage,LOW
hello sir my name is rahul and machhar bohot ho gaye hain stagnant water ke wajah se Dwarka Sector 10 me,Public Health Department,Public Health,Mosquito Breeding Hazard,HIGH
bhai listen streetlight pole broken and light fixture hanging near Railway Station Road,Electrical & Lighting Department,Street Lighting,Broken Lamp Pole,MEDIUM
"good morning sir, power supply has been out in Lajpat Nagar for more than 2 hours",Electricity Department,Electricity,Power Outage,HIGH
"hi assistant i am fine, machhar bohot ho gaye hain stagnant water ke wajah se Karol Bagh me",Public Health Department,Public Health,Mosquito Breeding Hazard,HIGH
streetlights turned off on main road near Model Town for 7 nights,Electrical & Lighting Department,Street Lighting,Streetlight Off,MEDIUM
bhai listen electric pole near Sector 17 is leaning dangerously and about to fall,Electricity Department,Electricity,Damaged Electric Pole,HIGH
"sadak par bohot bade bade gaddhe hain, gaadi kharab ho rahi hai",Public Works Department,Roads / PWD,Dangerous Pothole,HIGH
i am rahul shamram i am fine so the problem is that machhar bohot ho gaye hain stagnant water ke wajah se Railway Station Road me,Public Health Department,Public Health,Mosquito Breeding Hazard,HIGH
"please help me, transformer se spark nikal raha hai near Dwarka Sector 10 market",Electricity Department,Electricity,Transformer Sparking,CRITICAL
stormwater drain is completely clogged with silt near Dwarka Sector 10,Municipal Drainage Department,Drainage,Clogged Gutter,MEDIUM
traffic signal lights not working at major intersection near Karol Bagh,Municipal Transport Department,Transport,Traffic Signal Defect,HIGH
traffic light kharab hai near dwarka sector 10 chowk,Municipal Transport Department,Transport,Traffic Signal Defect,HIGH
i am reporting an issue that live electrical wire fallen on road near Sector 17,Electricity Department,Electricity,Exposed Electrical Hazard,CRITICAL
"hi assistant i am fine, fogging karwao area me, dengue phail raha hai",Public Health Department,Public Health,Vector Disease Control,HIGH
"hi assistant i am fine, community waste bin overflowing near Lajpat Nagar",Sanitation & Waste Department,Waste Management,Garbage Dustbin Overflow,MEDIUM
"hi assistant i am fine, stormwater drain is completely clogged with silt near lajpat nagar",Municipal Drainage Department,Drainage,Clogged Gutter,MEDIUM
streetlights turned off on main road near Connaught Place for 3 nights,Electrical & Lighting Department,Street Lighting,Streetlight Off,MEDIUM
hello sir my name is rahul and drainage gutter overflow inundating street water in Civil Lines,Municipal Drainage Department,Drainage,Drainage Overflow,HIGH
i am rahul shamram i am fine so the problem is that traffic signal lights not working at major intersection near Lajpat Nagar,Municipal Transport Department,Transport,Traffic Signal Defect,HIGH
hello sir my name is rahul and fever cases increasing in Railway Station Road suspected dengue mosquito infestation,Public Health Department,Public Health,Disease Outbreak,HIGH
streetlight pole broken and light fixture hanging near Model Town,Electrical & Lighting Department,Street Lighting,Broken Lamp Pole,MEDIUM
urgent fogging required near Railway Station Road due to mosquito menace and dengue threat,Public Health Department,Public Health,Vector Disease Control,HIGH
nuisance and stench from dirty public toilet near Rohini Sector 7 market,Sanitation Department,Sanitation,Foul Smell / Unsanitary Area,MEDIUM
"please help me, sewage manhole overflow causing smell and filth on pavement near Dwarka Sector 10",Sanitation Department,Sanitation,Sewage Overflow,HIGH
bijli 6 ghante se nahi hai Vasant Kunj me,Electricity Department,Electricity,Power Outage,HIGH
"hi assistant i am fine, large deep potholes on main road near Vasant Kunj causing accidents",Public Works Department,Roads / PWD,Dangerous Pothole,HIGH
i am rahul shamram i am fine so the problem is that fever cases increasing in rohini sector 7 suspected dengue mosquito infestation,Public Health Department,Public Health,Disease Outbreak,HIGH
"please help me, street light 1 hafte se band hai Model Town me",Electrical & Lighting Department,Street Lighting,Streetlight Off,MEDIUM
i am reporting an issue that severe foul odor coming from unmaintained public restroom near Rohini Sector 7,Sanitation Department,Sanitation,Foul Smell / Unsanitary Area,MEDIUM
i am rahul shamram i am fine so the problem is that nali overflow kar rahi hai karol bagh ke raste pe,Municipal Drainage Department,Drainage,Drainage Overflow,HIGH
"hi assistant i am fine, bus stop shelter shade damaged and rusted near Sector 17",Municipal Transport Department,Transport,Bus Stop Damage,LOW
"please help me, stagnant water pool near Lajpat Nagar becoming mosquito breeding ground",Public Health Department,Public Health,Mosquito Breeding Hazard,HIGH
in our area traffic light kharab hai near Dwarka Sector 10 chowk,Municipal Transport Department,Transport,Traffic Signal Defect,HIGH
"good morning sir, public toilet is closed and locked since 4 days near Sector 17",Sanitation Department,Sanitation,Public Toilet Cleaning,MEDIUM
i am rahul shamram i am fine so the problem is that huge pile of uncollected trash dumped openly near Sector 17,Sanitation & Waste Department,Waste Management,Open Waste Dumping,MEDIUM
i am rahul shamram i am fine so the problem is that bijli 6 ghante se nahi hai Connaught Place me,Electricity Department,Electricity,Power Outage,HIGH
no water supply in karol bagh for 4 days,Water Department,Water Supply,No Water Supply,HIGH
i am reporting an issue that entire stretch of road near Rohini Sector 7 is pitch dark at night,Electrical & Lighting Department,Street Lighting,Dark Road Safety Concern,HIGH
hello sir my name is rahul and contaminated foul smelling water in supply line near Karol Bagh,Water Department,Water Supply,Contaminated / Dirty Water,HIGH
in our area drainage gutter overflow inundating street water in Vasant Kunj,Municipal Drainage Department,Drainage,Drainage Overflow,HIGH
"i am reporting an issue that malaria aur dengue ke case badh rahe hain Civil Lines me, fogging karo",Public Health Department,Public Health,Vector Disease Control,HIGH
in our area streetlight pole broken and light fixture hanging near Sector 17,Electrical & Lighting Department,Street Lighting,Broken Lamp Pole,MEDIUM
i am rahul shamram i am fine so the problem is that bus stop shelter shade damaged and rusted near Rohini Sector 7,Municipal Transport Department,Transport,Bus Stop Damage,LOW
hello sir my name is rahul and road is flooded because a water pipeline is leaking in Vasant Kunj,Water Department,Water Supply,Water Pipeline Leakage,HIGH
garbage has not been collected from Dwarka Sector 10 for 5 days,Sanitation & Waste Department,Waste Management,Uncollected Garbage,MEDIUM
traffic light kharab hai near Railway Station Road chowk,Municipal Transport Department,Transport,Traffic Signal Defect,HIGH
"good morning sir, there is a road on that road there is a pipe that is leaking and road is full of water",Water Department,Water Supply,Water Pipeline Leakage,HIGH
i am rahul shamram i am fine so the problem is that drainage gutter overflow inundating street water in Civil Lines,Municipal Drainage Department,Drainage,Drainage Overflow,HIGH
i am reporting an issue that footpath is broken and paved tiles are missing near Karol Bagh,Public Works Department,Roads / PWD,Broken Footpath,LOW
"good morning sir, bus stop shelter shade damaged and rusted near Railway Station Road",Municipal Transport Department,Transport,Bus Stop Damage,LOW
hello sir my name is rahul and street light 1 hafte se band hai Civil Lines me,Electrical & Lighting Department,Street Lighting,Streetlight Off,MEDIUM
bhai listen sewage line overflowing near Model Town creating unsanitary conditions,Sanitation Department,Sanitation,Sewage Overflow,HIGH
street light 1 hafte se band hai Connaught Place me,Electrical & Lighting Department,Street Lighting,Streetlight Off,MEDIUM
bhai listen street light 1 hafte se band hai Railway Station Road me,Electrical & Lighting Department,Street Lighting,Streetlight Off,MEDIUM
large deep potholes on main road near Dwarka Sector 10 causing accidents,Public Works Department,Roads / PWD,Dangerous Pothole,HIGH
bus stop shelter shade damaged and rusted near Karol Bagh,Municipal Transport Department,Transport,Bus Stop Damage,LOW
kachra 4 din se nahi uthaya gaya hai Model Town se,Sanitation & Waste Department,Waste Management,Uncollected Garbage,MEDIUM
"good morning sir, kachra 4 din se nahi uthaya gaya hai Vasant Kunj se",Sanitation & Waste Department,Waste Management,Uncollected Garbage,MEDIUM
tap se ganda paani aa raha hai,Water Department,Water Supply,Contaminated / Dirty Water,HIGH
"good morning sir, traffic light kharab hai near Civil Lines chowk",Municipal Transport Department,Transport,Traffic Signal Defect,HIGH
large deep potholes on main road near Connaught Place causing accidents,Public Works Department,Roads / PWD,Dangerous Pothole,HIGH
"hi assistant i am fine, sewage line overflowing near Railway Station Road creating unsanitary conditions",Sanitation Department,Sanitation,Sewage Overflow,HIGH
power supply has been out in Lajpat Nagar for more than 4 hours,Electricity Department,Electricity,Power Outage,HIGH
water pipe leak ho gaya hai Dwarka Sector 10 market ke paas,Water Department,Water Supply,Water Pipeline Leakage,HIGH
"hi assistant i am fine, our taps have been completely dry in Railway Station Road since Monday",Water Department,Water Supply,No Water Supply,HIGH
hello sir my name is rahul and stormwater drain is completely clogged with silt near Rohini Sector 7,Municipal Drainage Department,Drainage,Clogged Gutter,MEDIUM
i am reporting an issue that electric pole near Lajpat Nagar is leaning dangerously and about to fall,Electricity Department,Electricity,Damaged Electric Pole,HIGH
i am reporting an issue that sewage chamber is overflowing and sewage spreading on street near dwarka sector 10,Sanitation Department,Sanitation,Sewage Overflow,HIGH
i am rahul shamram i am fine so the problem is that traffic signal lights not working at major intersection near Civil Lines,Municipal Transport Department,Transport,Traffic Signal Defect,HIGH
water pressure is very low,Water Department,Water Supply,Low Water Pressure,MEDIUM
in our area public toilet is closed and locked since 4 days near Vasant Kunj,Sanitation Department,Sanitation,Public Toilet Cleaning,MEDIUM
i am rahul shamram i am fine so the problem is that nali overflow kar rahi hai Lajpat Nagar ke raste pe,Municipal Drainage Department,Drainage,Drainage Overflow,HIGH
"hi assistant i am fine, sewage chamber is overflowing and sewage spreading on street near Dwarka Sector 10",Sanitation Department,Sanitation,Sewage Overflow,HIGH
kachra 4 din se nahi uthaya gaya hai Vasant Kunj se,Sanitation & Waste Department,Waste Management,Uncollected Garbage,MEDIUM
severe waterlogging in Model Town after light rain due to choked drains,Municipal Drainage Department,Drainage,Waterlogging,HIGH
"please help me, bhai hamare area Civil Lines me 4 din se paani nahi aa raha hai",Water Department,Water Supply,No Water Supply,HIGH
"good morning sir, stagnant water pool near railway station road becoming mosquito breeding ground",Public Health Department,Public Health,Mosquito Breeding Hazard,HIGH
bhai listen streetlights turned off on main road near Connaught Place for 3 nights,Electrical & Lighting Department,Street Lighting,Streetlight Off,MEDIUM
in our area kachra 4 din se nahi uthaya gaya hai karol bagh se,Sanitation & Waste Department,Waste Management,Uncollected Garbage,MEDIUM
i am reporting an issue that sadak par pipe se paani leak ho raha hai aur paani jama ho gaya hai,Water Department,Water Supply,Water Pipeline Leakage,HIGH
i am rahul shamram i am fine so the problem is that drainage gutter overflow inundating street water in Connaught Place,Municipal Drainage Department,Drainage,Drainage Overflow,HIGH
there is water on road due to broken pipeline near Connaught Place,Water Department,Water Supply,Water Pipeline Leakage,HIGH
"hi assistant i am fine, streetlights turned off on main road near Rohini Sector 7 for 3 nights",Electrical & Lighting Department,Street Lighting,Streetlight Off,MEDIUM
sewage manhole overflow causing smell and filth on pavement near Dwarka Sector 10,Sanitation Department,Sanitation,Sewage Overflow,HIGH
"hi assistant i am fine, pothole on road needs urgent repair before an accident happens",Public Works Department,Roads / PWD,Dangerous Pothole,HIGH
i am rahul shamram i am fine so the problem is that live electrical wire fallen on road near Connaught Place,Electricity Department,Electricity,Exposed Electrical Hazard,CRITICAL
bhai listen streetlight pole broken and light fixture hanging near Karol Bagh,Electrical & Lighting Department,Street Lighting,Broken Lamp Pole,MEDIUM
bhai listen pipe leakage near Sector 17 wasting clean drinking water,Water Department,Water Supply,Water Pipeline Leakage,HIGH
"hi assistant i am fine, community waste bin overflowing near Rohini Sector 7",Sanitation & Waste Department,Waste Management,Garbage Dustbin Overflow,MEDIUM
"hi assistant i am fine, traffic signal lights not working at major intersection near Railway Station Road",Municipal Transport Department,Transport,Traffic Signal Defect,HIGH
i am rahul shamram i am fine so the problem is that bus stop shelter shade damaged and rusted near sector 17,Municipal Transport Department,Transport,Bus Stop Damage,LOW
i am rahul shamram i am fine so the problem is that bimari phail rahi hai please health department ko bhejo sector 17 me,Public Health Department,Public Health,Disease Outbreak,HIGH
"please help me, huge pile of uncollected trash dumped openly near Karol Bagh",Sanitation & Waste Department,Waste Management,Open Waste Dumping,MEDIUM
"good morning sir, our taps have been completely dry in karol bagh since yesterday",Water Department,Water Supply,No Water Supply,HIGH
"please help me, road is flooded because a water pipeline is leaking in Connaught Place",Water Department,Water Supply,Water Pipeline Leakage,HIGH
hello sir my name is rahul and bijli 6 ghante se nahi hai Civil Lines me,Electricity Department,Electricity,Power Outage,HIGH
in our area paani nahi aa raha ghar mein,Water Department,Water Supply,No Water Supply,HIGH
live electrical wire fallen on road near Vasant Kunj,Electricity Department,Electricity,Exposed Electrical Hazard,CRITICAL
i am rahul shamram i am fine so the problem is that dirty brown water is coming from the tap in Dwarka Sector 10,Water Department,Water Supply,Contaminated / Dirty Water,HIGH
streetlights turned off on main road near Rohini Sector 7 for 3 nights,Electrical & Lighting Department,Street Lighting,Streetlight Off,MEDIUM
kachra 4 din se nahi uthaya gaya hai Karol Bagh se,Sanitation & Waste Department,Waste Management,Uncollected Garbage,MEDIUM
i am rahul shamram i am fine so the problem is that traffic light kharab hai near Model Town chowk,Municipal Transport Department,Transport,Traffic Signal Defect,HIGH
"hi assistant i am fine, urgent fogging required near connaught place due to mosquito menace and dengue threat",Public Health Department,Public Health,Vector Disease Control,HIGH
streetlights turned off on main road near Karol Bagh for 4 nights,Electrical & Lighting Department,Street Lighting,Streetlight Off,MEDIUM
"hi assistant i am fine, drainage gutter overflow inundating street water in Dwarka Sector 10",Municipal Drainage Department,Drainage,Drainage Overflow,HIGH
"hi assistant i am fine, kachra 4 din se nahi uthaya gaya hai karol bagh se",Sanitation & Waste Department,Waste Management,Uncollected Garbage,MEDIUM
"hi assistant i am fine, traffic light kharab hai near Connaught Place chowk",Municipal Transport Department,Transport,Traffic Signal Defect,HIGH
in our area streetlight pole broken and light fixture hanging near Connaught Place,Electrical & Lighting Department,Street Lighting,Broken Lamp Pole,MEDIUM
"please help me, nali overflow kar rahi hai Model Town ke raste pe",Municipal Drainage Department,Drainage,Drainage Overflow,HIGH
frequent voltage fluctuations and power cuts in Karol Bagh area,Electricity Department,Electricity,Power Outage,HIGH
"please help me, fever cases increasing in Sector 17 suspected dengue mosquito infestation",Public Health Department,Public Health,Disease Outbreak,HIGH
i am rahul shamram i am fine so the problem is that drainage gutter overflow inundating street water in Connaught Place,Municipal Drainage Department,Drainage,Drainage Overflow,HIGH
i am reporting an issue that streetlights turned off on main road near Connaught Place for 2 nights,Electrical & Lighting Department,Street Lighting,Streetlight Off,MEDIUM
i am reporting an issue that stagnant water pool near Connaught Place becoming mosquito breeding ground,Public Health Department,Public Health,Mosquito Breeding Hazard,HIGH
i am reporting an issue that bimari phail rahi hai please health department ko bhejo Karol Bagh me,Public Health Department,Public Health,Disease Outbreak,HIGH
contaminated foul smelling water in supply line near Civil Lines,Water Department,Water Supply,Contaminated / Dirty Water,HIGH
"hi assistant i am fine, street light 1 hafte se band hai vasant kunj me",Electrical & Lighting Department,Street Lighting,Streetlight Off,MEDIUM
hello sir my name is rahul and streetlights turned off on main road near Connaught Place for 5 nights,Electrical & Lighting Department,Street Lighting,Streetlight Off,MEDIUM
street light 1 hafte se band hai Lajpat Nagar me,Electrical & Lighting Department,Street Lighting,Streetlight Off,MEDIUM
public toilet is closed and locked since 5 days near model town,Sanitation Department,Sanitation,Public Toilet Cleaning,MEDIUM
in our area open manhole on main road near Vasant Kunj poses severe danger to pedestrians,Public Works Department,Roads / PWD,Open Manhole Hazard,CRITICAL
"good morning sir, malaria aur dengue ke case badh rahe hain Sector 17 me, fogging karo",Public Health Department,Public Health,Vector Disease Control,HIGH
bhai listen urgent fogging required near Vasant Kunj due to mosquito menace and dengue threat,Public Health Department,Public Health,Vector Disease Control,HIGH
i am reporting an issue that bimari phail rahi hai please health department ko bhejo Connaught Place me,Public Health Department,Public Health,Disease Outbreak,HIGH
hello sir my name is rahul and severe waterlogging in Model Town after light rain due to choked drains,Municipal Drainage Department,Drainage,Waterlogging,HIGH
i am rahul shamram i am fine so the problem is that power supply has been out in Vasant Kunj for more than 4 hours,Electricity Department,Electricity,Power Outage,HIGH
bhai listen live electrical wire fallen on road near Railway Station Road,Electricity Department,Electricity,Exposed Electrical Hazard,CRITICAL
contaminated foul smelling water in supply line near Railway Station Road,Water Department,Water Supply,Contaminated / Dirty Water,HIGH
bhai listen traffic signal lights not working at major intersection near Model Town,Municipal Transport Department,Transport,Traffic Signal Defect,HIGH
"good morning sir, community waste bin overflowing near Karol Bagh",Sanitation & Waste Department,Waste Management,Garbage Dustbin Overflow,MEDIUM
streetlights turned off on main road near Dwarka Sector 10 for 4 nights,Electrical & Lighting Department,Street Lighting,Streetlight Off,MEDIUM
power supply has been out in Railway Station Road for more than 7 hours,Electricity Department,Electricity,Power Outage,HIGH
in our area traffic signal lights not working at major intersection near Connaught Place,Municipal Transport Department,Transport,Traffic Signal Defect,HIGH
"please help me, live electrical wire fallen on road near Model Town",Electricity Department,Electricity,Exposed Electrical Hazard,CRITICAL
i am reporting an issue that traffic signal lights not working at major intersection near Vasant Kunj,Municipal Transport Department,Transport,Traffic Signal Defect,HIGH
in our area water is leaking from main underground pipeline onto the street,Water Department,Water Supply,Water Pipeline Leakage,HIGH
"bhai listen malaria aur dengue ke case badh rahe hain Sector 17 me, fogging karo",Public Health Department,Public Health,Vector Disease Control,HIGH
bhai listen street light 1 hafte se band hai Dwarka Sector 10 me,Electrical & Lighting Department,Street Lighting,Streetlight Off,MEDIUM
bhai listen big pothole on main road causing accidents and damage to vehicles,Public Works Department,Roads / PWD,Dangerous Pothole,HIGH
community waste bin overflowing near Karol Bagh,Sanitation & Waste Department,Waste Management,Garbage Dustbin Overflow,MEDIUM
"hi assistant i am fine, stormwater drain is completely clogged with silt near Dwarka Sector 10",Municipal Drainage Department,Drainage,Clogged Gutter,MEDIUM
"good morning sir, traffic light kharab hai near Sector 17 chowk",Municipal Transport Department,Transport,Traffic Signal Defect,HIGH
in our area community waste bin overflowing near Lajpat Nagar,Sanitation & Waste Department,Waste Management,Garbage Dustbin Overflow,MEDIUM
i am rahul shamram i am fine so the problem is that garbage has not been collected from Karol Bagh for 3 days,Sanitation & Waste Department,Waste Management,Uncollected Garbage,MEDIUM
severe waterlogging in Lajpat Nagar after light rain due to choked drains,Municipal Drainage Department,Drainage,Waterlogging,HIGH
bhai listen stormwater drain is completely clogged with silt near Railway Station Road,Municipal Drainage Department,Drainage,Clogged Gutter,MEDIUM
"good morning sir, open manhole on main road near Civil Lines poses severe danger to pedestrians",Public Works Department,Roads / PWD,Open Manhole Hazard,CRITICAL
streetlights turned off on main road near Sector 17 for 2 nights,Electrical & Lighting Department,Street Lighting,Streetlight Off,MEDIUM
"hi assistant i am fine, our taps have been completely dry in Sector 17 since Tuesday",Water Department,Water Supply,No Water Supply,HIGH
in our area stormwater drain is completely clogged with silt near Model Town,Municipal Drainage Department,Drainage,Clogged Gutter,MEDIUM
in our area mosquito se dengue ho raha hai area me fogging ki zaroorat hai,Public Health Department,Public Health,Vector Disease Control,HIGH
there is water everywhere on the road but our taps have no water,Water Department,Water Supply,No Water Supply,HIGH
i am reporting an issue that bijli 6 ghante se nahi hai Sector 17 me,Electricity Department,Electricity,Power Outage,HIGH
"good morning sir, garbage has not been collected from Connaught Place for 2 days",Sanitation & Waste Department,Waste Management,Uncollected Garbage,MEDIUM
"please help me, road is completely broken with dangerous potholes everywhere",Public Works Department,Roads / PWD,Dangerous Pothole,HIGH
hello sir my name is rahul and muddy dirty water coming out of water taps in Civil Lines,Water Department,Water Supply,Contaminated / Dirty Water,HIGH
road construction work near Civil Lines has been left incomplete for months,Public Works Department,Roads / PWD,Incomplete Road Construction,MEDIUM
street light 1 hafte se band hai Rohini Sector 7 me,Electrical & Lighting Department,Street Lighting,Streetlight Off,MEDIUM
i am rahul shamram i am fine so the problem is that huge pile of uncollected trash dumped openly near railway station road,Sanitation & Waste Department,Waste Management,Open Waste Dumping,MEDIUM
bhai listen entire stretch of road near Model Town is pitch dark at night,Electrical & Lighting Department,Street Lighting,Dark Road Safety Concern,HIGH
in our area sewage chamber is overflowing and sewage spreading on street near Civil Lines,Sanitation Department,Sanitation,Sewage Overflow,HIGH
"good morning sir, nali overflow kar rahi hai Vasant Kunj ke raste pe",Municipal Drainage Department,Drainage,Drainage Overflow,HIGH
kachra 4 din se nahi uthaya gaya hai Railway Station Road se,Sanitation & Waste Department,Waste Management,Uncollected Garbage,MEDIUM
"hi assistant i am fine, open manhole on main road near Sector 17 poses severe danger to pedestrians",Public Works Department,Roads / PWD,Open Manhole Hazard,CRITICAL
plague and disease spreading in Connaught Place due to mosquitoes and stagnant water,Public Health Department,Public Health,Disease Outbreak,HIGH
i am rahul shamram i am fine so the problem is that urgent fogging required near railway station road due to mosquito menace and dengue threat,Public Health Department,Public Health,Vector Disease Control,HIGH
i am rahul shamram i am fine so the problem is that nali overflow kar rahi hai Rohini Sector 7 ke raste pe,Municipal Drainage Department,Drainage,Drainage Overflow,HIGH
"paani ki supply bilkul band hai Vasant Kunj me, please help karo",Water Department,Water Supply,No Water Supply,HIGH
sewage chamber is overflowing and sewage spreading on street near Model Town,Sanitation Department,Sanitation,Sewage Overflow,HIGH
traffic light kharab hai near lajpat nagar chowk,Municipal Transport Department,Transport,Traffic Signal Defect,HIGH
bhai listen street light 1 hafte se band hai Lajpat Nagar me,Electrical & Lighting Department,Street Lighting,Streetlight Off,MEDIUM
"hi assistant i am fine, broken water pipeline is flooding the street in sector 17",Water Department,Water Supply,Water Pipeline Leakage,HIGH
"hi assistant i am fine, kachra 4 din se nahi uthaya gaya hai Lajpat Nagar se",Sanitation & Waste Department,Waste Management,Uncollected Garbage,MEDIUM
i am reporting an issue that severe waterlogging in Civil Lines after light rain due to choked drains,Municipal Drainage Department,Drainage,Waterlogging,HIGH
"good morning sir, malaria aur dengue ke case badh rahe hain Rohini Sector 7 me, fogging karo",Public Health Department,Public Health,Vector Disease Control,HIGH
i am rahul shamram i am fine so the problem is that bhai hamare area Vasant Kunj me 3 din se paani nahi aa raha hai,Water Department,Water Supply,No Water Supply,HIGH
sewage ka paani raste pe beh raha hai near Karol Bagh,Sanitation Department,Sanitation,Sewage Overflow,HIGH
i am reporting an issue that footpath is broken and paved tiles are missing near Lajpat Nagar,Public Works Department,Roads / PWD,Broken Footpath,LOW
"good morning sir, traffic light kharab hai near Sector 17 chowk",Municipal Transport Department,Transport,Traffic Signal Defect,HIGH
i am rahul shamram i am fine so the problem is that ganda paani aa raha hai tap me Lajpat Nagar ke andar,Water Department,Water Supply,Contaminated / Dirty Water,HIGH
"please help me, drainage gutter overflow inundating street water in Lajpat Nagar",Municipal Drainage Department,Drainage,Drainage Overflow,HIGH
kachra 4 din se nahi uthaya gaya hai Connaught Place se,Sanitation & Waste Department,Waste Management,Uncollected Garbage,MEDIUM
bhai listen machhar bohot ho gaye hain stagnant water ke wajah se railway station road me,Public Health Department,Public Health,Mosquito Breeding Hazard,HIGH
bhai listen garbage has not been collected from Rohini Sector 7 for 4 days,Sanitation & Waste Department,Waste Management,Uncollected Garbage,MEDIUM
bhai listen kachra 4 din se nahi uthaya gaya hai Dwarka Sector 10 se,Sanitation & Waste Department,Waste Management,Uncollected Garbage,MEDIUM
i am reporting an issue that huge pile of uncollected trash dumped openly near Railway Station Road,Sanitation & Waste Department,Waste Management,Open Waste Dumping,MEDIUM
"good morning sir, traffic signal lights not working at major intersection near Dwarka Sector 10",Municipal Transport Department,Transport,Traffic Signal Defect,HIGH
there is no water supply in Lajpat Nagar,Water Department,Water Supply,No Water Supply,HIGH
hello sir my name is rahul and sewage chamber overflowing on the walking pavement near Connaught Place,Sanitation Department,Sanitation,Sewage Overflow,HIGH
bhai listen frequent voltage fluctuations and power cuts in Vasant Kunj area,Electricity Department,Electricity,Power Outage,HIGH
i am reporting an issue that community waste bin overflowing near Rohini Sector 7,Sanitation & Waste Department,Waste Management,Garbage Dustbin Overflow,MEDIUM
plague and disease spreading in Sector 17 due to mosquitoes and stagnant water,Public Health Department,Public Health,Disease Outbreak,HIGH
"good morning sir, frequent voltage fluctuations and power cuts in Vasant Kunj area",Electricity Department,Electricity,Power Outage,HIGH
street light 1 hafte se band hai Karol Bagh me,Electrical & Lighting Department,Street Lighting,Streetlight Off,MEDIUM
"hi assistant i am fine, stormwater drain is completely clogged with silt near Civil Lines",Municipal Drainage Department,Drainage,Clogged Gutter,MEDIUM
"please help me, bijli 6 ghante se nahi hai Model Town me",Electricity Department,Electricity,Power Outage,HIGH
hello sir my name is rahul and nali overflow kar rahi hai Railway Station Road ke raste pe,Municipal Drainage Department,Drainage,Drainage Overflow,HIGH
hello sir my name is rahul and machhar bohot ho gaye hain stagnant water ke wajah se Railway Station Road me,Public Health Department,Public Health,Mosquito Breeding Hazard,HIGH
"hi assistant i am fine, power supply has been out in Vasant Kunj for more than 4 hours",Electricity Department,Electricity,Power Outage,HIGH
"good morning sir, huge pile of uncollected trash dumped openly near Model Town",Sanitation & Waste Department,Waste Management,Open Waste Dumping,MEDIUM
"good morning sir, nali overflow kar rahi hai Rohini Sector 7 ke raste pe",Municipal Drainage Department,Drainage,Drainage Overflow,HIGH
"in our area bhai Civil Lines ke paas rasta poora toota hua hai, pothole hain bohot",Public Works Department,Roads / PWD,Dangerous Pothole,HIGH
bhai listen stormwater drain is completely clogged with silt near Civil Lines,Municipal Drainage Department,Drainage,Clogged Gutter,MEDIUM
streetlights turned off on main road near Rohini Sector 7 for 3 nights,Electrical & Lighting Department,Street Lighting,Streetlight Off,MEDIUM
transformer se spark nikal raha hai near Karol Bagh market,Electricity Department,Electricity,Transformer Sparking,CRITICAL
in our area drainage gutter overflow inundating street water in Dwarka Sector 10,Municipal Drainage Department,Drainage,Drainage Overflow,HIGH
hello sir my name is rahul and ganda paani aa raha hai tap me Rohini Sector 7 ke andar,Water Department,Water Supply,Contaminated / Dirty Water,HIGH
"good morning sir, sewage line overflowing near Model Town creating unsanitary conditions",Sanitation Department,Sanitation,Sewage Overflow,HIGH
"good morning sir, the main road has huge deep potholes near Karol Bagh",Public Works Department,Roads / PWD,Dangerous Pothole,HIGH
"please help me, community waste bin overflowing near Sector 17",Sanitation & Waste Department,Waste Management,Garbage Dustbin Overflow,MEDIUM
"good morning sir, kachra 4 din se nahi uthaya gaya hai Connaught Place se",Sanitation & Waste Department,Waste Management,Uncollected Garbage,MEDIUM
"hi assistant i am fine, community waste bin overflowing near Model Town",Sanitation & Waste Department,Waste Management,Garbage Dustbin Overflow,MEDIUM
hello sir my name is rahul and pipeline leak hai aur paani road par jama ho raha hai,Water Department,Water Supply,Water Pipeline Leakage,HIGH
"good morning sir, water pressure is very low",Water Department,Water Supply,Low Water Pressure,MEDIUM
i am rahul shamram i am fine so the problem is that fever cases increasing in Railway Station Road suspected dengue mosquito infestation,Public Health Department,Public Health,Disease Outbreak,HIGH
"please help me, stagnant water pool near Rohini Sector 7 becoming mosquito breeding ground",Public Health Department,Public Health,Mosquito Breeding Hazard,HIGH
traffic signal lights not working at major intersection near Model Town,Municipal Transport Department,Transport,Traffic Signal Defect,HIGH
"good morning sir, nuisance and stench from dirty public toilet near Rohini Sector 7 market",Sanitation Department,Sanitation,Foul Smell / Unsanitary Area,MEDIUM
"please help me, huge pile of uncollected trash dumped openly near Railway Station Road",Sanitation & Waste Department,Waste Management,Open Waste Dumping,MEDIUM
streetlights turned off on main road near Lajpat Nagar for 5 nights,Electrical & Lighting Department,Street Lighting,Streetlight Off,MEDIUM
bhai listen open manhole hai road pe near Rohini Sector 7,Public Works Department,Roads / PWD,Open Manhole Hazard,CRITICAL
in our area sewage ka paani raste pe beh raha hai near Lajpat Nagar,Sanitation Department,Sanitation,Sewage Overflow,HIGH
hello sir my name is rahul and entire stretch of road near Civil Lines is pitch dark at night,Electrical & Lighting Department,Street Lighting,Dark Road Safety Concern,HIGH
huge pile of uncollected trash dumped openly near Model Town,Sanitation & Waste Department,Waste Management,Open Waste Dumping,MEDIUM
live electrical wire fallen on road near Rohini Sector 7,Electricity Department,Electricity,Exposed Electrical Hazard,CRITICAL
exposed live electrical wire hanging dangerously near school in Karol Bagh,Electricity Department,Electricity,Exposed Electrical Hazard,CRITICAL
bhai listen live electrical wire fallen on road near vasant kunj,Electricity Department,Electricity,Exposed Electrical Hazard,CRITICAL
"hi assistant i am fine, fumigation and mosquito fogging required urgently in Karol Bagh",Public Health Department,Public Health,Vector Disease Control,HIGH
streetlights turned off on main road near Dwarka Sector 10 for 2 nights,Electrical & Lighting Department,Street Lighting,Streetlight Off,MEDIUM
"good morning sir, footpath is broken and paved tiles are missing near sector 17",Public Works Department,Roads / PWD,Broken Footpath,LOW
i am reporting an issue that mosquito se dengue ho raha hai area me fogging ki zaroorat hai,Public Health Department,Public Health,Vector Disease Control,HIGH
hello sir my name is rahul and sewage ka paani raste pe beh raha hai near Rohini Sector 7,Sanitation Department,Sanitation,Sewage Overflow,HIGH
hello sir my name is rahul and open manhole on main road near Rohini Sector 7 poses severe danger to pedestrians,Public Works Department,Roads / PWD,Open Manhole Hazard,CRITICAL
i am reporting an issue that bimari phail rahi hai please health department ko bhejo Railway Station Road me,Public Health Department,Public Health,Disease Outbreak,HIGH
"hi assistant i am fine, bus stop shelter shade damaged and rusted near Vasant Kunj",Municipal Transport Department,Transport,Bus Stop Damage,LOW
"hi assistant i am fine, traffic signal lights not working at major intersection near Rohini Sector 7",Municipal Transport Department,Transport,Traffic Signal Defect,HIGH
hello sir my name is rahul and huge pile of uncollected trash dumped openly near Railway Station Road,Sanitation & Waste Department,Waste Management,Open Waste Dumping,MEDIUM
traffic signal lights not working at major intersection near Sector 17,Municipal Transport Department,Transport,Traffic Signal Defect,HIGH
"hi assistant i am fine, stormwater drain is completely clogged with silt near Rohini Sector 7",Municipal Drainage Department,Drainage,Clogged Gutter,MEDIUM
i am rahul shamram i am fine so the problem is that machhar bohot ho gaye hain stagnant water ke wajah se Dwarka Sector 10 me,Public Health Department,Public Health,Mosquito Breeding Hazard,HIGH
"please help me, bimari phail rahi hai please health department ko bhejo Dwarka Sector 10 me",Public Health Department,Public Health,Disease Outbreak,HIGH
i am rahul shamram i am fine so the problem is that stormwater drain is completely clogged with silt near Civil Lines,Municipal Drainage Department,Drainage,Clogged Gutter,MEDIUM
i am rahul shamram i am fine so the problem is that streetlights turned off on main road near Dwarka Sector 10 for 4 nights,Electrical & Lighting Department,Street Lighting,Streetlight Off,MEDIUM
garbage has not been collected from Dwarka Sector 10 for 2 days,Sanitation & Waste Department,Waste Management,Uncollected Garbage,MEDIUM
i am rahul shamram i am fine so the problem is that frequent voltage fluctuations and power cuts in Model Town area,Electricity Department,Electricity,Power Outage,HIGH
i am rahul shamram i am fine so the problem is that kachra 4 din se nahi uthaya gaya hai Sector 17 se,Sanitation & Waste Department,Waste Management,Uncollected Garbage,MEDIUM
"please help me, garbage has not been collected from Model Town for 2 days",Sanitation & Waste Department,Waste Management,Uncollected Garbage,MEDIUM
in our area sewage chamber is overflowing and sewage spreading on street near Lajpat Nagar,Sanitation Department,Sanitation,Sewage Overflow,HIGH
"good morning sir, nali overflow kar rahi hai Railway Station Road ke raste pe",Municipal Drainage Department,Drainage,Drainage Overflow,HIGH
"please help me, exposed live electrical wire hanging dangerously near school in Lajpat Nagar",Electricity Department,Electricity,Exposed Electrical Hazard,CRITICAL
bhai listen water pressure is very low,Water Department,Water Supply,Low Water Pressure,MEDIUM
i am reporting an issue that stormwater drain is completely clogged with silt near Railway Station Road,Municipal Drainage Department,Drainage,Clogged Gutter,MEDIUM
i am rahul shamram i am fine so the problem is that streetlights turned off on main road near Civil Lines for 2 nights,Electrical & Lighting Department,Street Lighting,Streetlight Off,MEDIUM
fumigation and mosquito fogging required urgently in Railway Station Road,Public Health Department,Public Health,Vector Disease Control,HIGH
i am reporting an issue that stormwater drain is completely clogged with silt near Railway Station Road,Municipal Drainage Department,Drainage,Clogged Gutter,MEDIUM
traffic signal lights not working at major intersection near Dwarka Sector 10,Municipal Transport Department,Transport,Traffic Signal Defect,HIGH
"hi assistant i am fine, bhai Dwarka Sector 10 ke paas rasta poora toota hua hai, pothole hain bohot",Public Works Department,Roads / PWD,Dangerous Pothole,HIGH
hello sir my name is rahul and there is a major water shortage in our colony near Connaught Place,Water Department,Water Supply,No Water Supply,HIGH
in our area bus stop shelter shade damaged and rusted near Rohini Sector 7,Municipal Transport Department,Transport,Bus Stop Damage,LOW
drainage gutter overflow inundating street water in Railway Station Road,Municipal Drainage Department,Drainage,Drainage Overflow,HIGH
hello sir my name is rahul and bus stop shelter shade damaged and rusted near Connaught Place,Municipal Transport Department,Transport,Bus Stop Damage,LOW
"good morning sir, power supply has been out in rohini sector 7 for more than 5 hours",Electricity Department,Electricity,Power Outage,HIGH
"hi assistant i am fine, fever cases increasing in Vasant Kunj suspected dengue mosquito infestation",Public Health Department,Public Health,Disease Outbreak,HIGH
i am reporting an issue that nuisance and stench from dirty public toilet near Karol Bagh market,Sanitation Department,Sanitation,Foul Smell / Unsanitary Area,MEDIUM
"i am rahul shamram i am fine so the problem is that fogging karwao area me, dengue phail raha hai",Public Health Department,Public Health,Vector Disease Control,HIGH
"please help me, the road condition near Rohini Sector 7 is extremely bad and damaged",Public Works Department,Roads / PWD,Road Repair Needed,MEDIUM
bhai listen drainage gutter overflow inundating street water in Karol Bagh,Municipal Drainage Department,Drainage,Drainage Overflow,HIGH
i am reporting an issue that electric pole near Railway Station Road is leaning dangerously and about to fall,Electricity Department,Electricity,Damaged Electric Pole,HIGH
i am rahul shamram i am fine so the problem is that footpath is broken and paved tiles are missing near Dwarka Sector 10,Public Works Department,Roads / PWD,Broken Footpath,LOW
hello sir my name is rahul and garbage has not been collected from Civil Lines for 7 days,Sanitation & Waste Department,Waste Management,Uncollected Garbage,MEDIUM
bhai listen power supply has been out in Dwarka Sector 10 for more than 3 hours,Electricity Department,Electricity,Power Outage,HIGH
i am reporting an issue that public toilet is closed and locked since 3 days near Vasant Kunj,Sanitation Department,Sanitation,Public Toilet Cleaning,MEDIUM
bhai listen kachra 4 din se nahi uthaya gaya hai Connaught Place se,Sanitation & Waste Department,Waste Management,Uncollected Garbage,MEDIUM
transformer se spark nikal raha hai near Karol Bagh market,Electricity Department,Electricity,Transformer Sparking,CRITICAL
"in our area sadak par bohot bade bade gaddhe hain, gaadi kharab ho rahi hai",Public Works Department,Roads / PWD,Dangerous Pothole,HIGH
"please help me, nuisance and stench from dirty public toilet near Connaught Place market",Sanitation Department,Sanitation,Foul Smell / Unsanitary Area,MEDIUM
streetlight pole broken and light fixture hanging near Lajpat Nagar,Electrical & Lighting Department,Street Lighting,Broken Lamp Pole,MEDIUM
"please help me, severe waterlogging in Rohini Sector 7 after light rain due to choked drains",Municipal Drainage Department,Drainage,Waterlogging,HIGH
bhai listen open manhole hai road pe near connaught place,Public Works Department,Roads / PWD,Open Manhole Hazard,CRITICAL
bhai listen sewage manhole overflow causing smell and filth on pavement near Railway Station Road,Sanitation Department,Sanitation,Sewage Overflow,HIGH
in our area the road condition near Connaught Place is extremely bad and damaged,Public Works Department,Roads / PWD,Road Repair Needed,MEDIUM
hello sir my name is rahul and pipeline leak hai aur paani road par jama ho raha hai,Water Department,Water Supply,Water Pipeline Leakage,HIGH
bhai listen entire stretch of road near Civil Lines is pitch dark at night,Electrical & Lighting Department,Street Lighting,Dark Road Safety Concern,HIGH
"good morning sir, bus stop shelter shade damaged and rusted near Connaught Place",Municipal Transport Department,Transport,Bus Stop Damage,LOW
"hi assistant i am fine, stormwater drain is completely clogged with silt near connaught place",Municipal Drainage Department,Drainage,Clogged Gutter,MEDIUM
hello sir my name is rahul and bimari phail rahi hai please health department ko bhejo Rohini Sector 7 me,Public Health Department,Public Health,Disease Outbreak,HIGH
hello sir my name is rahul and dengue phail raha hai please fogging lagwao area me,Public Health Department,Public Health,Vector Disease Control,HIGH
hello sir my name is rahul and severe waterlogging in Karol Bagh after light rain due to choked drains,Municipal Drainage Department,Drainage,Waterlogging,HIGH
"hi assistant i am fine, exposed live electrical wire hanging dangerously near school in Karol Bagh",Electricity Department,Electricity,Exposed Electrical Hazard,CRITICAL
open manhole hai road pe near Karol Bagh,Public Works Department,Roads / PWD,Open Manhole Hazard,CRITICAL
street light 1 hafte se band hai Lajpat Nagar me,Electrical & Lighting Department,Street Lighting,Streetlight Off,MEDIUM
hello sir my name is rahul and sewage chamber overflowing on the walking pavement near Connaught Place,Sanitation Department,Sanitation,Sewage Overflow,HIGH
street light 1 hafte se band hai Railway Station Road me,Electrical & Lighting Department,Street Lighting,Streetlight Off,MEDIUM
hello sir my name is rahul and bus stop shelter shade damaged and rusted near railway station road,Municipal Transport Department,Transport,Bus Stop Damage,LOW
i am reporting an issue that machhar bohot ho gaye hain stagnant water ke wajah se Railway Station Road me,Public Health Department,Public Health,Mosquito Breeding Hazard,HIGH
stormwater drain is completely clogged with silt near Connaught Place,Municipal Drainage Department,Drainage,Clogged Gutter,MEDIUM
live electrical wire fallen on road near Civil Lines,Electricity Department,Electricity,Exposed Electrical Hazard,CRITICAL
hello sir my name is rahul and bus stop shelter shade damaged and rusted near Sector 17,Municipal Transport Department,Transport,Bus Stop Damage,LOW
electric pole near Connaught Place is leaning dangerously and about to fall,Electricity Department,Electricity,Damaged Electric Pole,HIGH
in our area bhai hamare area Dwarka Sector 10 me 2 din se paani nahi aa raha hai,Water Department,Water Supply,No Water Supply,HIGH
electric pole near Karol Bagh is leaning dangerously and about to fall,Electricity Department,Electricity,Damaged Electric Pole,HIGH
bhai listen huge pile of uncollected trash dumped openly near Civil Lines,Sanitation & Waste Department,Waste Management,Open Waste Dumping,MEDIUM
"hi assistant i am fine, plague and disease spreading in Lajpat Nagar due to mosquitoes and stagnant water",Public Health Department,Public Health,Disease Outbreak,HIGH
in our area nali overflow kar rahi hai Connaught Place ke raste pe,Municipal Drainage Department,Drainage,Drainage Overflow,HIGH
"good morning sir, street light 1 hafte se band hai Karol Bagh me",Electrical & Lighting Department,Street Lighting,Streetlight Off,MEDIUM
severe waterlogging in Rohini Sector 7 after light rain due to choked drains,Municipal Drainage Department,Drainage,Waterlogging,HIGH
sewage line overflowing near Vasant Kunj creating unsanitary conditions,Sanitation Department,Sanitation,Sewage Overflow,HIGH
i am reporting an issue that severe waterlogging in Railway Station Road after light rain due to choked drains,Municipal Drainage Department,Drainage,Waterlogging,HIGH
"i am reporting an issue that dengue cases badh rahe hain, please fogging karwao Railway Station Road me",Public Health Department,Public Health,Vector Disease Control,HIGH
i am reporting an issue that the road condition near Civil Lines is extremely bad and damaged,Public Works Department,Roads / PWD,Road Repair Needed,MEDIUM
hello sir my name is rahul and tap se ganda paani aa raha hai,Water Department,Water Supply,Contaminated / Dirty Water,HIGH
"hi assistant i am fine, community waste bin overflowing near Civil Lines",Sanitation & Waste Department,Waste Management,Garbage Dustbin Overflow,MEDIUM
"hi assistant i am fine, streetlight pole broken and light fixture hanging near Karol Bagh",Electrical & Lighting Department,Street Lighting,Broken Lamp Pole,MEDIUM
in our area stagnant water pool near Vasant Kunj becoming mosquito breeding ground,Public Health Department,Public Health,Mosquito Breeding Hazard,HIGH
"hi assistant i am fine, transformer se spark nikal raha hai near Sector 17 market",Electricity Department,Electricity,Transformer Sparking,CRITICAL
sewage ka paani raste pe beh raha hai near Lajpat Nagar,Sanitation Department,Sanitation,Sewage Overflow,HIGH
"good morning sir, street light 1 hafte se band hai civil lines me",Electrical & Lighting Department,Street Lighting,Streetlight Off,MEDIUM
i am reporting an issue that traffic light kharab hai near Sector 17 chowk,Municipal Transport Department,Transport,Traffic Signal Defect,HIGH
i am reporting an issue that transformer se spark nikal raha hai near Rohini Sector 7 market,Electricity Department,Electricity,Transformer Sparking,CRITICAL
i am reporting an issue that machhar bohot ho gaye hain stagnant water ke wajah se Sector 17 me,Public Health Department,Public Health,Mosquito Breeding Hazard,HIGH
in our area streetlight pole broken and light fixture hanging near Connaught Place,Electrical & Lighting Department,Street Lighting,Broken Lamp Pole,MEDIUM
kachra 4 din se nahi uthaya gaya hai Karol Bagh se,Sanitation & Waste Department,Waste Management,Uncollected Garbage,MEDIUM
pipe leakage near Sector 17 wasting clean drinking water,Water Department,Water Supply,Water Pipeline Leakage,HIGH
i am rahul shamram i am fine so the problem is that garbage has not been collected from Connaught Place for 5 days,Sanitation & Waste Department,Waste Management,Uncollected Garbage,MEDIUM
the main road has huge deep potholes near Vasant Kunj,Public Works Department,Roads / PWD,Dangerous Pothole,HIGH
i am rahul shamram i am fine so the problem is that traffic light kharab hai near railway station road chowk,Municipal Transport Department,Transport,Traffic Signal Defect,HIGH
"hi assistant i am fine, stormwater drain is completely clogged with silt near Civil Lines",Municipal Drainage Department,Drainage,Clogged Gutter,MEDIUM
i am reporting an issue that sewage manhole overflow causing smell and filth on pavement near Model Town,Sanitation Department,Sanitation,Sewage Overflow,HIGH
bhai listen garbage has not been collected from Karol Bagh for 4 days,Sanitation & Waste Department,Waste Management,Uncollected Garbage,MEDIUM
bhai listen public toilet is closed and locked since 2 days near Connaught Place,Sanitation Department,Sanitation,Public Toilet Cleaning,MEDIUM
bhai listen bijli 6 ghante se nahi hai Railway Station Road me,Electricity Department,Electricity,Power Outage,HIGH
there is sewage overflowing from the chamber onto the walking path in Civil Lines,Sanitation Department,Sanitation,Sewage Overflow,HIGH
sewage manhole overflow causing smell and filth on pavement near Railway Station Road,Sanitation Department,Sanitation,Sewage Overflow,HIGH
"hi assistant i am fine, electricity transformer near Connaught Place is sparking violently and emitting smoke",Electricity Department,Electricity,Transformer Sparking,CRITICAL
"bhai listen dengue cases badh rahe hain, please fogging karwao Railway Station Road me",Public Health Department,Public Health,Vector Disease Control,HIGH
i am reporting an issue that street light 1 hafte se band hai Civil Lines me,Electrical & Lighting Department,Street Lighting,Streetlight Off,MEDIUM
in our area there is a road on that road there is a pipe that is leaking and road is full of water,Water Department,Water Supply,Water Pipeline Leakage,HIGH
"please help me, nali overflow kar rahi hai Lajpat Nagar ke raste pe",Municipal Drainage Department,Drainage,Drainage Overflow,HIGH
"good morning sir, drainage gutter overflow inundating street water in Dwarka Sector 10",Municipal Drainage Department,Drainage,Drainage Overflow,HIGH
in our area plague and disease spreading in Model Town due to mosquitoes and stagnant water,Public Health Department,Public Health,Disease Outbreak,HIGH
i am reporting an issue that streetlight pole broken and light fixture hanging near Rohini Sector 7,Electrical & Lighting Department,Street Lighting,Broken Lamp Pole,MEDIUM
hello sir my name is rahul and kachra 4 din se nahi uthaya gaya hai Dwarka Sector 10 se,Sanitation & Waste Department,Waste Management,Uncollected Garbage,MEDIUM
bhai listen streetlight pole broken and light fixture hanging near Rohini Sector 7,Electrical & Lighting Department,Street Lighting,Broken Lamp Pole,MEDIUM
"good morning sir, dengue phail raha hai please fogging lagwao area me",Public Health Department,Public Health,Vector Disease Control,HIGH
i am reporting an issue that footpath is broken and paved tiles are missing near Model Town,Public Works Department,Roads / PWD,Broken Footpath,LOW
"hi assistant i am fine, street light 1 hafte se band hai Sector 17 me",Electrical & Lighting Department,Street Lighting,Streetlight Off,MEDIUM
i am rahul shamram i am fine so the problem is that dengue phail raha hai please fogging lagwao area me,Public Health Department,Public Health,Vector Disease Control,HIGH
entire stretch of road near Model Town is pitch dark at night,Electrical & Lighting Department,Street Lighting,Dark Road Safety Concern,HIGH
electric pole near Connaught Place is leaning dangerously and about to fall,Electricity Department,Electricity,Damaged Electric Pole,HIGH
"hello sir my name is rahul and bhai Lajpat Nagar ke paas rasta poora toota hua hai, pothole hain bohot",Public Works Department,Roads / PWD,Dangerous Pothole,HIGH
bhai listen streetlight pole broken and light fixture hanging near Civil Lines,Electrical & Lighting Department,Street Lighting,Broken Lamp Pole,MEDIUM
stormwater drain is completely clogged with silt near Dwarka Sector 10,Municipal Drainage Department,Drainage,Clogged Gutter,MEDIUM
fever cases increasing in Model Town suspected dengue mosquito infestation,Public Health Department,Public Health,Disease Outbreak,HIGH
hello sir my name is rahul and big pothole on main road causing accidents and damage to vehicles,Public Works Department,Roads / PWD,Dangerous Pothole,HIGH
garbage has not been collected from Civil Lines for 3 days,Sanitation & Waste Department,Waste Management,Uncollected Garbage,MEDIUM
i am rahul shamram i am fine so the problem is that exposed live electrical wire hanging dangerously near school in Rohini Sector 7,Electricity Department,Electricity,Exposed Electrical Hazard,CRITICAL
"please help me, exposed live electrical wire hanging dangerously near school in Connaught Place",Electricity Department,Electricity,Exposed Electrical Hazard,CRITICAL
i am reporting an issue that electric pole near Rohini Sector 7 is leaning dangerously and about to fall,Electricity Department,Electricity,Damaged Electric Pole,HIGH
bhai listen traffic signal lights not working at major intersection near rohini sector 7,Municipal Transport Department,Transport,Traffic Signal Defect,HIGH
"please help me, sewage chamber overflowing on the walking pavement near Dwarka Sector 10",Sanitation Department,Sanitation,Sewage Overflow,HIGH
i am rahul shamram i am fine so the problem is that severe waterlogging in Model Town after light rain due to choked drains,Municipal Drainage Department,Drainage,Waterlogging,HIGH
there is a huge pothole on the main road,Public Works Department,Roads / PWD,Dangerous Pothole,HIGH
"please help me, bus stop shelter shade damaged and rusted near Vasant Kunj",Municipal Transport Department,Transport,Bus Stop Damage,LOW
water pressure is very low,Water Department,Water Supply,Low Water Pressure,MEDIUM
hello sir my name is rahul and live electrical wire fallen on road near Lajpat Nagar,Electricity Department,Electricity,Exposed Electrical Hazard,CRITICAL
"hi assistant i am fine, contaminated foul smelling water in supply line near vasant kunj",Water Department,Water Supply,Contaminated / Dirty Water,HIGH
"hi assistant i am fine, streetlights turned off on main road near Dwarka Sector 10 for 4 nights",Electrical & Lighting Department,Street Lighting,Streetlight Off,MEDIUM
bhai listen pothole on road needs urgent repair before an accident happens,Public Works Department,Roads / PWD,Dangerous Pothole,HIGH
frequent voltage fluctuations and power cuts in Vasant Kunj area,Electricity Department,Electricity,Power Outage,HIGH
entire stretch of road near Connaught Place is pitch dark at night,Electrical & Lighting Department,Street Lighting,Dark Road Safety Concern,HIGH
hello sir my name is rahul and severe waterlogging in Model Town after light rain due to choked drains,Municipal Drainage Department,Drainage,Waterlogging,HIGH
"hi assistant i am fine, broken water pipeline is flooding the street in Vasant Kunj",Water Department,Water Supply,Water Pipeline Leakage,HIGH
i am rahul shamram i am fine so the problem is that drainage gutter overflow inundating street water in Dwarka Sector 10,Municipal Drainage Department,Drainage,Drainage Overflow,HIGH
in our area water comes with very poor low pressure in Vasant Kunj,Water Department,Water Supply,Low Water Pressure,MEDIUM
bhai listen bimari phail rahi hai please health department ko bhejo Lajpat Nagar me,Public Health Department,Public Health,Disease Outbreak,HIGH
bhai listen streetlight pole broken and light fixture hanging near Civil Lines,Electrical & Lighting Department,Street Lighting,Broken Lamp Pole,MEDIUM
hello sir my name is rahul and huge pile of uncollected trash dumped openly near Vasant Kunj,Sanitation & Waste Department,Waste Management,Open Waste Dumping,MEDIUM
hello sir my name is rahul and public toilet near Karol Bagh is extremely filthy and not cleaned,Sanitation Department,Sanitation,Public Toilet Cleaning,MEDIUM
bus stop shelter shade damaged and rusted near Dwarka Sector 10,Municipal Transport Department,Transport,Bus Stop Damage,LOW
hello sir my name is rahul and frequent voltage fluctuations and power cuts in Sector 17 area,Electricity Department,Electricity,Power Outage,HIGH
"hi assistant i am fine, street light 1 hafte se band hai Connaught Place me",Electrical & Lighting Department,Street Lighting,Streetlight Off,MEDIUM
"please help me, electric pole near Model Town is leaning dangerously and about to fall",Electricity Department,Electricity,Damaged Electric Pole,HIGH
"hi assistant i am fine, sewage chamber is overflowing and sewage spreading on street near Civil Lines",Sanitation Department,Sanitation,Sewage Overflow,HIGH
hello sir my name is rahul and power supply has been out in Sector 17 for more than 4 hours,Electricity Department,Electricity,Power Outage,HIGH
"hi assistant i am fine, entire stretch of road near Lajpat Nagar is pitch dark at night",Electrical & Lighting Department,Street Lighting,Dark Road Safety Concern,HIGH
in our area traffic signal lights not working at major intersection near Connaught Place,Municipal Transport Department,Transport,Traffic Signal Defect,HIGH
street light 1 hafte se band hai Vasant Kunj me,Electrical & Lighting Department,Street Lighting,Streetlight Off,MEDIUM
i am rahul shamram i am fine so the problem is that exposed live electrical wire hanging dangerously near school in Model Town,Electricity Department,Electricity,Exposed Electrical Hazard,CRITICAL
hello sir my name is rahul and our taps have been completely dry in Connaught Place since Monday,Water Department,Water Supply,No Water Supply,HIGH
"hi assistant i am fine, road ki condition bahut kharab hai Civil Lines me",Public Works Department,Roads / PWD,Road Repair Needed,MEDIUM
"please help me, pipeline phat gayi hai Karol Bagh ke paas road par",Water Department,Water Supply,Water Pipeline Leakage,HIGH
bhai listen frequent voltage fluctuations and power cuts in Dwarka Sector 10 area,Electricity Department,Electricity,Power Outage,HIGH
"please help me, severe foul odor coming from unmaintained public restroom near Sector 17",Sanitation Department,Sanitation,Foul Smell / Unsanitary Area,MEDIUM
garbage has not been collected from Railway Station Road for 3 days,Sanitation & Waste Department,Waste Management,Uncollected Garbage,MEDIUM
in our area severe foul odor coming from unmaintained public restroom near dwarka sector 10,Sanitation Department,Sanitation,Foul Smell / Unsanitary Area,MEDIUM
no water coming out of kitchen tap since this morning,Water Department,Water Supply,No Water Supply,HIGH
in our area there is a major water shortage in our colony near Lajpat Nagar,Water Department,Water Supply,No Water Supply,HIGH
hello sir my name is rahul and pothole on road needs urgent repair before an accident happens,Public Works Department,Roads / PWD,Dangerous Pothole,HIGH
"sadak par bohot bade bade gaddhe hain, gaadi kharab ho rahi hai",Public Works Department,Roads / PWD,Dangerous Pothole,HIGH
power supply has been out in dwarka sector 10 for more than 4 hours,Electricity Department,Electricity,Power Outage,HIGH
in our area water is leaking from main underground pipeline onto the street,Water Department,Water Supply,Water Pipeline Leakage,HIGH
i am reporting an issue that road is completely broken with dangerous potholes everywhere,Public Works Department,Roads / PWD,Dangerous Pothole,HIGH
transformer se spark nikal raha hai near Sector 17 market,Electricity Department,Electricity,Transformer Sparking,CRITICAL
i am reporting an issue that garbage has not been collected from Sector 17 for 7 days,Sanitation & Waste Department,Waste Management,Uncollected Garbage,MEDIUM
bhai listen bijli 6 ghante se nahi hai Sector 17 me,Electricity Department,Electricity,Power Outage,HIGH
"good morning sir, bimari phail rahi hai please health department ko bhejo Rohini Sector 7 me",Public Health Department,Public Health,Disease Outbreak,HIGH
water pipe is leaking continuously on the main road,Water Department,Water Supply,Water Pipeline Leakage,HIGH
"please help me, garbage has not been collected from Sector 17 for 2 days",Sanitation & Waste Department,Waste Management,Uncollected Garbage,MEDIUM
i am reporting an issue that traffic signal lights not working at major intersection near Connaught Place,Municipal Transport Department,Transport,Traffic Signal Defect,HIGH
hello sir my name is rahul and plague and disease spreading in Model Town due to mosquitoes and stagnant water,Public Health Department,Public Health,Disease Outbreak,HIGH
bhai listen water comes with very poor low pressure in Model Town,Water Department,Water Supply,Low Water Pressure,MEDIUM
in our area community waste bin overflowing near dwarka sector 10,Sanitation & Waste Department,Waste Management,Garbage Dustbin Overflow,MEDIUM
hello sir my name is rahul and water pipe is leaking continuously on the main road,Water Department,Water Supply,Water Pipeline Leakage,HIGH
i am rahul shamram i am fine so the problem is that big pothole on main road causing accidents and damage to vehicles,Public Works Department,Roads / PWD,Dangerous Pothole,HIGH
"hi assistant i am fine, mosquito se dengue ho raha hai area me fogging ki zaroorat hai",Public Health Department,Public Health,Vector Disease Control,HIGH
i am reporting an issue that nali overflow kar rahi hai Connaught Place ke raste pe,Municipal Drainage Department,Drainage,Drainage Overflow,HIGH
frequent voltage fluctuations and power cuts in Dwarka Sector 10 area,Electricity Department,Electricity,Power Outage,HIGH
"hi assistant i am fine, public toilet near Dwarka Sector 10 is extremely filthy and not cleaned",Sanitation Department,Sanitation,Public Toilet Cleaning,MEDIUM
"please help me, frequent voltage fluctuations and power cuts in Civil Lines area",Electricity Department,Electricity,Power Outage,HIGH
bhai listen dengue phail raha hai please fogging lagwao area me,Public Health Department,Public Health,Vector Disease Control,HIGH
bhai listen pothole on road needs urgent repair before an accident happens,Public Works Department,Roads / PWD,Dangerous Pothole,HIGH
"hi assistant i am fine, kachra 4 din se nahi uthaya gaya hai vasant kunj se",Sanitation & Waste Department,Waste Management,Uncollected Garbage,MEDIUM
"good morning sir, electric pole near Vasant Kunj is leaning dangerously and about to fall",Electricity Department,Electricity,Damaged Electric Pole,HIGH
hello sir my name is rahul and streetlight pole broken and light fixture hanging near rohini sector 7,Electrical & Lighting Department,Street Lighting,Broken Lamp Pole,MEDIUM
bhai listen machhar bohot ho gaye hain stagnant water ke wajah se model town me,Public Health Department,Public Health,Mosquito Breeding Hazard,HIGH
"hi assistant i am fine, sadak par bohot bade bade gaddhe hain, gaadi kharab ho rahi hai",Public Works Department,Roads / PWD,Dangerous Pothole,HIGH
in our area pipeline phat gayi hai Connaught Place ke paas road par,Water Department,Water Supply,Water Pipeline Leakage,HIGH
"please help me, sewage chamber overflowing on the walking pavement near Sector 17",Sanitation Department,Sanitation,Sewage Overflow,HIGH
water pipe is leaking continuously on the main road,Water Department,Water Supply,Water Pipeline Leakage,HIGH
"please help me, drainage gutter overflow inundating street water in Railway Station Road",Municipal Drainage Department,Drainage,Drainage Overflow,HIGH
i am reporting an issue that frequent voltage fluctuations and power cuts in dwarka sector 10 area,Electricity Department,Electricity,Power Outage,HIGH
garbage has not been collected from Lajpat Nagar for 2 days,Sanitation & Waste Department,Waste Management,Uncollected Garbage,MEDIUM
our taps have been completely dry in Railway Station Road since Monday,Water Department,Water Supply,No Water Supply,HIGH
i am reporting an issue that fumigation and mosquito fogging required urgently in Rohini Sector 7,Public Health Department,Public Health,Vector Disease Control,HIGH
i am rahul shamram i am fine so the problem is that exposed live electrical wire hanging dangerously near school in Rohini Sector 7,Electricity Department,Electricity,Exposed Electrical Hazard,CRITICAL
drainage gutter overflow inundating street water in Sector 17,Municipal Drainage Department,Drainage,Drainage Overflow,HIGH
kachra 4 din se nahi uthaya gaya hai Connaught Place se,Sanitation & Waste Department,Waste Management,Uncollected Garbage,MEDIUM
community waste bin overflowing near Connaught Place,Sanitation & Waste Department,Waste Management,Garbage Dustbin Overflow,MEDIUM
"good morning sir, water pressure is very low",Water Department,Water Supply,Low Water Pressure,MEDIUM
"please help me, fumigation and mosquito fogging required urgently in Rohini Sector 7",Public Health Department,Public Health,Vector Disease Control,HIGH
in our area streetlights turned off on main road near Model Town for 3 nights,Electrical & Lighting Department,Street Lighting,Streetlight Off,MEDIUM
no water supply in Vasant Kunj for 3 days,Water Department,Water Supply,No Water Supply,HIGH
i am reporting an issue that streetlight pole broken and light fixture hanging near Model Town,Electrical & Lighting Department,Street Lighting,Broken Lamp Pole,MEDIUM
hello sir my name is rahul and huge pile of uncollected trash dumped openly near Dwarka Sector 10,Sanitation & Waste Department,Waste Management,Open Waste Dumping,MEDIUM
bhai listen severe foul odor coming from unmaintained public restroom near Civil Lines,Sanitation Department,Sanitation,Foul Smell / Unsanitary Area,MEDIUM
"hi assistant i am fine, pothole on road needs urgent repair before an accident happens",Public Works Department,Roads / PWD,Dangerous Pothole,HIGH
"please help me, frequent voltage fluctuations and power cuts in Connaught Place area",Electricity Department,Electricity,Power Outage,HIGH
sewage line overflowing near Rohini Sector 7 creating unsanitary conditions,Sanitation Department,Sanitation,Sewage Overflow,HIGH
in our area drainage gutter overflow inundating street water in Connaught Place,Municipal Drainage Department,Drainage,Drainage Overflow,HIGH
i am rahul shamram i am fine so the problem is that streetlights turned off on main road near Lajpat Nagar for 7 nights,Electrical & Lighting Department,Street Lighting,Streetlight Off,MEDIUM
i am rahul shamram i am fine so the problem is that streetlights turned off on main road near Connaught Place for 2 nights,Electrical & Lighting Department,Street Lighting,Streetlight Off,MEDIUM
there are large potholes on the road making driving very dangerous,Public Works Department,Roads / PWD,Dangerous Pothole,HIGH
i am reporting an issue that drainage gutter overflow inundating street water in Vasant Kunj,Municipal Drainage Department,Drainage,Drainage Overflow,HIGH
i am reporting an issue that road is completely broken with dangerous potholes everywhere,Public Works Department,Roads / PWD,Dangerous Pothole,HIGH
"please help me, bus stop shelter shade damaged and rusted near Railway Station Road",Municipal Transport Department,Transport,Bus Stop Damage,LOW
stormwater drain is completely clogged with silt near Rohini Sector 7,Municipal Drainage Department,Drainage,Clogged Gutter,MEDIUM
i am reporting an issue that water is leaking from main underground pipeline onto the street,Water Department,Water Supply,Water Pipeline Leakage,HIGH
fumigation and mosquito fogging required urgently in Sector 17,Public Health Department,Public Health,Vector Disease Control,HIGH
traffic signal lights not working at major intersection near Rohini Sector 7,Municipal Transport Department,Transport,Traffic Signal Defect,HIGH
bhai listen ganda paani aa raha hai tap me Railway Station Road ke andar,Water Department,Water Supply,Contaminated / Dirty Water,HIGH
severe foul odor coming from unmaintained public restroom near Railway Station Road,Sanitation Department,Sanitation,Foul Smell / Unsanitary Area,MEDIUM
power supply has been out in Civil Lines for more than 5 hours,Electricity Department,Electricity,Power Outage,HIGH
"please help me, public toilet near Lajpat Nagar is extremely filthy and not cleaned",Sanitation Department,Sanitation,Public Toilet Cleaning,MEDIUM
"in our area sadak par bohot bade bade gaddhe hain, gaadi kharab ho rahi hai",Public Works Department,Roads / PWD,Dangerous Pothole,HIGH
"good morning sir, drainage gutter overflow inundating street water in Dwarka Sector 10",Municipal Drainage Department,Drainage,Drainage Overflow,HIGH
i am reporting an issue that stagnant water pool near Model Town becoming mosquito breeding ground,Public Health Department,Public Health,Mosquito Breeding Hazard,HIGH
footpath is broken and paved tiles are missing near Railway Station Road,Public Works Department,Roads / PWD,Broken Footpath,LOW
i am reporting an issue that streetlight pole broken and light fixture hanging near model town,Electrical & Lighting Department,Street Lighting,Broken Lamp Pole,MEDIUM
"good morning sir, live electrical wire fallen on road near Civil Lines",Electricity Department,Electricity,Exposed Electrical Hazard,CRITICAL
"please help me, fumigation and mosquito fogging required urgently in Civil Lines",Public Health Department,Public Health,Vector Disease Control,HIGH
traffic signal lights not working at major intersection near Karol Bagh,Municipal Transport Department,Transport,Traffic Signal Defect,HIGH
i am rahul shamram i am fine so the problem is that nuisance and stench from dirty public toilet near Rohini Sector 7 market,Sanitation Department,Sanitation,Foul Smell / Unsanitary Area,MEDIUM
drainage gutter overflow inundating street water in Dwarka Sector 10,Municipal Drainage Department,Drainage,Drainage Overflow,HIGH
bus stop shelter shade damaged and rusted near Civil Lines,Municipal Transport Department,Transport,Bus Stop Damage,LOW
bhai listen entire stretch of road near Connaught Place is pitch dark at night,Electrical & Lighting Department,Street Lighting,Dark Road Safety Concern,HIGH
hello sir my name is rahul and traffic signal lights not working at major intersection near Lajpat Nagar,Municipal Transport Department,Transport,Traffic Signal Defect,HIGH
electricity transformer near Civil Lines is sparking violently and emitting smoke,Electricity Department,Electricity,Transformer Sparking,CRITICAL
traffic light kharab hai near Rohini Sector 7 chowk,Municipal Transport Department,Transport,Traffic Signal Defect,HIGH
huge pile of uncollected trash dumped openly near Sector 17,Sanitation & Waste Department,Waste Management,Open Waste Dumping,MEDIUM
"good morning sir, nali overflow kar rahi hai Rohini Sector 7 ke raste pe",Municipal Drainage Department,Drainage,Drainage Overflow,HIGH
i am reporting an issue that exposed live electrical wire hanging dangerously near school in Lajpat Nagar,Electricity Department,Electricity,Exposed Electrical Hazard,CRITICAL
"fogging karwao area me, dengue phail raha hai",Public Health Department,Public Health,Vector Disease Control,HIGH
"please help me, community waste bin overflowing near Railway Station Road",Sanitation & Waste Department,Waste Management,Garbage Dustbin Overflow,MEDIUM
i am rahul shamram i am fine so the problem is that water has stopped coming in Model Town since last night,Water Department,Water Supply,No Water Supply,HIGH
road is completely broken with dangerous potholes everywhere,Public Works Department,Roads / PWD,Dangerous Pothole,HIGH
i am rahul shamram i am fine so the problem is that traffic signal lights not working at major intersection near Vasant Kunj,Municipal Transport Department,Transport,Traffic Signal Defect,HIGH
bijli 6 ghante se nahi hai Railway Station Road me,Electricity Department,Electricity,Power Outage,HIGH
i am rahul shamram i am fine so the problem is that urgent fogging required near Connaught Place due to mosquito menace and dengue threat,Public Health Department,Public Health,Vector Disease Control,HIGH
hello sir my name is rahul and traffic light kharab hai near Dwarka Sector 10 chowk,Municipal Transport Department,Transport,Traffic Signal Defect,HIGH
bhai listen water pipe leak ho gaya hai Connaught Place market ke paas,Water Department,Water Supply,Water Pipeline Leakage,HIGH
hello sir my name is rahul and sewage manhole overflow causing smell and filth on pavement near Model Town,Sanitation Department,Sanitation,Sewage Overflow,HIGH
kachra 4 din se nahi uthaya gaya hai Model Town se,Sanitation & Waste Department,Waste Management,Uncollected Garbage,MEDIUM
hello sir my name is rahul and frequent voltage fluctuations and power cuts in Sector 17 area,Electricity Department,Electricity,Power Outage,HIGH
street light 1 hafte se band hai Vasant Kunj me,Electrical & Lighting Department,Street Lighting,Streetlight Off,MEDIUM
traffic light kharab hai near Sector 17 chowk,Municipal Transport Department,Transport,Traffic Signal Defect,HIGH
in our area sewage line overflowing near Karol Bagh creating unsanitary conditions,Sanitation Department,Sanitation,Sewage Overflow,HIGH
i am reporting an issue that streetlight pole broken and light fixture hanging near Railway Station Road,Electrical & Lighting Department,Street Lighting,Broken Lamp Pole,MEDIUM
bhai listen entire stretch of road near dwarka sector 10 is pitch dark at night,Electrical & Lighting Department,Street Lighting,Dark Road Safety Concern,HIGH
"please help me, live electrical wire fallen on road near Railway Station Road",Electricity Department,Electricity,Exposed Electrical Hazard,CRITICAL
i am reporting an issue that stormwater drain is completely clogged with silt near Model Town,Municipal Drainage Department,Drainage,Clogged Gutter,MEDIUM
hello sir my name is rahul and sewage chamber overflowing on the walking pavement near Vasant Kunj,Sanitation Department,Sanitation,Sewage Overflow,HIGH
in our area exposed live electrical wire hanging dangerously near school in vasant kunj,Electricity Department,Electricity,Exposed Electrical Hazard,CRITICAL
streetlights turned off on main road near Sector 17 for 5 nights,Electrical & Lighting Department,Street Lighting,Streetlight Off,MEDIUM
stormwater drain is completely clogged with silt near Lajpat Nagar,Municipal Drainage Department,Drainage,Clogged Gutter,MEDIUM
"please help me, bus stop shelter shade damaged and rusted near Civil Lines",Municipal Transport Department,Transport,Bus Stop Damage,LOW
i am rahul shamram i am fine so the problem is that street light 1 hafte se band hai Lajpat Nagar me,Electrical & Lighting Department,Street Lighting,Streetlight Off,MEDIUM
drainage gutter overflow inundating street water in Civil Lines,Municipal Drainage Department,Drainage,Drainage Overflow,HIGH
"hi assistant i am fine, urgent fogging required near Lajpat Nagar due to mosquito menace and dengue threat",Public Health Department,Public Health,Vector Disease Control,HIGH
there is a huge pothole on the main road,Public Works Department,Roads / PWD,Dangerous Pothole,HIGH
bhai listen public toilet near Civil Lines is extremely filthy and not cleaned,Sanitation Department,Sanitation,Public Toilet Cleaning,MEDIUM
"hi assistant i am fine, garbage has not been collected from Railway Station Road for 5 days",Sanitation & Waste Department,Waste Management,Uncollected Garbage,MEDIUM
the road condition near Dwarka Sector 10 is extremely bad and damaged,Public Works Department,Roads / PWD,Road Repair Needed,MEDIUM
"good morning sir, bus stop shelter shade damaged and rusted near Civil Lines",Municipal Transport Department,Transport,Bus Stop Damage,LOW
"bhai listen sadak par bohot bade bade gaddhe hain, gaadi kharab ho rahi hai",Public Works Department,Roads / PWD,Dangerous Pothole,HIGH
garbage has not been collected from Dwarka Sector 10 for 4 days,Sanitation & Waste Department,Waste Management,Uncollected Garbage,MEDIUM
i am rahul shamram i am fine so the problem is that dengue phail raha hai please fogging lagwao area me,Public Health Department,Public Health,Vector Disease Control,HIGH
i am rahul shamram i am fine so the problem is that sewage line overflowing near Karol Bagh creating unsanitary conditions,Sanitation Department,Sanitation,Sewage Overflow,HIGH
i am reporting an issue that severe foul odor coming from unmaintained public restroom near Civil Lines,Sanitation Department,Sanitation,Foul Smell / Unsanitary Area,MEDIUM
exposed live electrical wire hanging dangerously near school in Lajpat Nagar,Electricity Department,Electricity,Exposed Electrical Hazard,CRITICAL
"hi assistant i am fine, street light 1 hafte se band hai Sector 17 me",Electrical & Lighting Department,Street Lighting,Streetlight Off,MEDIUM
hello sir my name is rahul and there is sewage overflowing from the chamber onto the walking path in railway station road,Sanitation Department,Sanitation,Sewage Overflow,HIGH
hello sir my name is rahul and traffic signal lights not working at major intersection near Karol Bagh,Municipal Transport Department,Transport,Traffic Signal Defect,HIGH
"hi assistant i am fine, road construction work near Karol Bagh has been left incomplete for months",Public Works Department,Roads / PWD,Incomplete Road Construction,MEDIUM
bhai listen water pipe leak ho gaya hai Rohini Sector 7 market ke paas,Water Department,Water Supply,Water Pipeline Leakage,HIGH
i am reporting an issue that dengue phail raha hai please fogging lagwao area me,Public Health Department,Public Health,Vector Disease Control,HIGH
"paani ki supply bilkul band hai vasant kunj me, please help karo",Water Department,Water Supply,No Water Supply,HIGH
hello sir my name is rahul and huge pile of uncollected trash dumped openly near Civil Lines,Sanitation & Waste Department,Waste Management,Open Waste Dumping,MEDIUM
hello sir my name is rahul and public toilet is closed and locked since 7 days near Model Town,Sanitation Department,Sanitation,Public Toilet Cleaning,MEDIUM
hello sir my name is rahul and machhar bohot ho gaye hain stagnant water ke wajah se rohini sector 7 me,Public Health Department,Public Health,Mosquito Breeding Hazard,HIGH
hello sir my name is rahul and road par pipeline phat gayi hai,Water Department,Water Supply,Water Pipeline Leakage,HIGH
open manhole on main road near Lajpat Nagar poses severe danger to pedestrians,Public Works Department,Roads / PWD,Open Manhole Hazard,CRITICAL
bijli 6 ghante se nahi hai Civil Lines me,Electricity Department,Electricity,Power Outage,HIGH
"please help me, urgent fogging required near Vasant Kunj due to mosquito menace and dengue threat",Public Health Department,Public Health,Vector Disease Control,HIGH
in our area public toilet near Connaught Place is extremely filthy and not cleaned,Sanitation Department,Sanitation,Public Toilet Cleaning,MEDIUM
"hi assistant i am fine, urgent fogging required near Karol Bagh due to mosquito menace and dengue threat",Public Health Department,Public Health,Vector Disease Control,HIGH
i am reporting an issue that open manhole hai road pe near Dwarka Sector 10,Public Works Department,Roads / PWD,Open Manhole Hazard,CRITICAL
paani ki pipe leak ho gayi hai sadak par,Water Department,Water Supply,Water Pipeline Leakage,HIGH
bhai listen water is coming out of a broken pipe on the road near Railway Station Road,Water Department,Water Supply,Water Pipeline Leakage,HIGH
huge pile of uncollected trash dumped openly near Vasant Kunj,Sanitation & Waste Department,Waste Management,Open Waste Dumping,MEDIUM
"please help me, dirty brown water is coming from the tap in Model Town",Water Department,Water Supply,Contaminated / Dirty Water,HIGH
entire stretch of road near Lajpat Nagar is pitch dark at night,Electrical & Lighting Department,Street Lighting,Dark Road Safety Concern,HIGH
stagnant water pool near Civil Lines becoming mosquito breeding ground,Public Health Department,Public Health,Mosquito Breeding Hazard,HIGH
big pothole on main road causing accidents and damage to vehicles,Public Works Department,Roads / PWD,Dangerous Pothole,HIGH
bhai listen streetlights turned off on main road near Rohini Sector 7 for 4 nights,Electrical & Lighting Department,Street Lighting,Streetlight Off,MEDIUM
stagnant water pool near Connaught Place becoming mosquito breeding ground,Public Health Department,Public Health,Mosquito Breeding Hazard,HIGH
traffic signal lights not working at major intersection near Connaught Place,Municipal Transport Department,Transport,Traffic Signal Defect,HIGH
bhai listen huge pile of uncollected trash dumped openly near Sector 17,Sanitation & Waste Department,Waste Management,Open Waste Dumping,MEDIUM
"good morning sir, water is leaking from main underground pipeline onto the street",Water Department,Water Supply,Water Pipeline Leakage,HIGH
bhai listen entire stretch of road near dwarka sector 10 is pitch dark at night,Electrical & Lighting Department,Street Lighting,Dark Road Safety Concern,HIGH
in our area bus stop shelter shade damaged and rusted near Vasant Kunj,Municipal Transport Department,Transport,Bus Stop Damage,LOW
paani sadak par beh raha hai pipe leak hone ki wajah se,Water Department,Water Supply,Water Pipeline Leakage,HIGH
"good morning sir, entire stretch of road near Civil Lines is pitch dark at night",Electrical & Lighting Department,Street Lighting,Dark Road Safety Concern,HIGH
bhai listen sewage ka paani raste pe beh raha hai near Karol Bagh,Sanitation Department,Sanitation,Sewage Overflow,HIGH
in our area fumigation and mosquito fogging required urgently in Connaught Place,Public Health Department,Public Health,Vector Disease Control,HIGH
in our area street light 1 hafte se band hai Railway Station Road me,Electrical & Lighting Department,Street Lighting,Streetlight Off,MEDIUM
hello sir my name is rahul and public toilet is closed and locked since 4 days near vasant kunj,Sanitation Department,Sanitation,Public Toilet Cleaning,MEDIUM
severe waterlogging in Dwarka Sector 10 after light rain due to choked drains,Municipal Drainage Department,Drainage,Waterlogging,HIGH
water pressure is very low,Water Department,Water Supply,Low Water Pressure,MEDIUM
"good morning sir, dengue phail raha hai please fogging lagwao area me",Public Health Department,Public Health,Vector Disease Control,HIGH
"please help me, road is flooded because a water pipeline is leaking in dwarka sector 10",Water Department,Water Supply,Water Pipeline Leakage,HIGH
"good morning sir, huge pile of uncollected trash dumped openly near Connaught Place",Sanitation & Waste Department,Waste Management,Open Waste Dumping,MEDIUM
hello sir my name is rahul and sewage line overflowing near Sector 17 creating unsanitary conditions,Sanitation Department,Sanitation,Sewage Overflow,HIGH
in our area water pipe is leaking near Sector 17 and road is full of water,Water Department,Water Supply,Water Pipeline Leakage,HIGH
in our area streetlights turned off on main road near Vasant Kunj for 7 nights,Electrical & Lighting Department,Street Lighting,Streetlight Off,MEDIUM
"hi assistant i am fine, entire stretch of road near Vasant Kunj is pitch dark at night",Electrical & Lighting Department,Street Lighting,Dark Road Safety Concern,HIGH
i am reporting an issue that paani ki pipe leak ho gayi hai sadak par,Water Department,Water Supply,Water Pipeline Leakage,HIGH
"hi assistant i am fine, nali overflow kar rahi hai Dwarka Sector 10 ke raste pe",Municipal Drainage Department,Drainage,Drainage Overflow,HIGH
traffic signal lights not working at major intersection near Model Town,Municipal Transport Department,Transport,Traffic Signal Defect,HIGH
"hi assistant i am fine, power supply has been out in Railway Station Road for more than 3 hours",Electricity Department,Electricity,Power Outage,HIGH
stormwater drain is completely clogged with silt near Lajpat Nagar,Municipal Drainage Department,Drainage,Clogged Gutter,MEDIUM
there is water on road due to broken pipeline near Railway Station Road,Water Department,Water Supply,Water Pipeline Leakage,HIGH
in our area water has stopped coming in Sector 17 since last night,Water Department,Water Supply,No Water Supply,HIGH
"good morning sir, traffic light kharab hai near Sector 17 chowk",Municipal Transport Department,Transport,Traffic Signal Defect,HIGH
tap se ganda paani aa raha hai,Water Department,Water Supply,Contaminated / Dirty Water,HIGH
"please help me, frequent voltage fluctuations and power cuts in connaught place area",Electricity Department,Electricity,Power Outage,HIGH
"please help me, streetlight pole broken and light fixture hanging near Karol Bagh",Electrical & Lighting Department,Street Lighting,Broken Lamp Pole,MEDIUM
bhai listen sewage line overflowing near Railway Station Road creating unsanitary conditions,Sanitation Department,Sanitation,Sewage Overflow,HIGH
"please help me, pothole on road needs urgent repair before an accident happens",Public Works Department,Roads / PWD,Dangerous Pothole,HIGH
in our area stormwater drain is completely clogged with silt near Civil Lines,Municipal Drainage Department,Drainage,Clogged Gutter,MEDIUM
bhai listen garbage has not been collected from Rohini Sector 7 for 4 days,Sanitation & Waste Department,Waste Management,Uncollected Garbage,MEDIUM
"good morning sir, the main road has huge deep potholes near Vasant Kunj",Public Works Department,Roads / PWD,Dangerous Pothole,HIGH
bhai listen stormwater drain is completely clogged with silt near Sector 17,Municipal Drainage Department,Drainage,Clogged Gutter,MEDIUM
"hi assistant i am fine, exposed live electrical wire hanging dangerously near school in Model Town",Electricity Department,Electricity,Exposed Electrical Hazard,CRITICAL
i am reporting an issue that no water supply in Lajpat Nagar for 5 days,Water Department,Water Supply,No Water Supply,HIGH
i am reporting an issue that traffic signal lights not working at major intersection near Model Town,Municipal Transport Department,Transport,Traffic Signal Defect,HIGH
hello sir my name is rahul and entire stretch of road near Dwarka Sector 10 is pitch dark at night,Electrical & Lighting Department,Street Lighting,Dark Road Safety Concern,HIGH
"good morning sir, pipe leakage near Karol Bagh wasting clean drinking water",Water Department,Water Supply,Water Pipeline Leakage,HIGH
"please help me, live electrical wire fallen on road near model town",Electricity Department,Electricity,Exposed Electrical Hazard,CRITICAL
"hi assistant i am fine, street light 1 hafte se band hai Sector 17 me",Electrical & Lighting Department,Street Lighting,Streetlight Off,MEDIUM
"dengue cases badh rahe hain, please fogging karwao Civil Lines me",Public Health Department,Public Health,Vector Disease Control,HIGH
"please help me, traffic signal lights not working at major intersection near Karol Bagh",Municipal Transport Department,Transport,Traffic Signal Defect,HIGH
nali overflow kar rahi hai railway station road ke raste pe,Municipal Drainage Department,Drainage,Drainage Overflow,HIGH
"please help me, stormwater drain is completely clogged with silt near dwarka sector 10",Municipal Drainage Department,Drainage,Clogged Gutter,MEDIUM
bhai listen traffic signal lights not working at major intersection near Vasant Kunj,Municipal Transport Department,Transport,Traffic Signal Defect,HIGH
frequent voltage fluctuations and power cuts in Rohini Sector 7 area,Electricity Department,Electricity,Power Outage,HIGH
bhai listen fever cases increasing in Sector 17 suspected dengue mosquito infestation,Public Health Department,Public Health,Disease Outbreak,HIGH
bhai listen live electrical wire fallen on road near Lajpat Nagar,Electricity Department,Electricity,Exposed Electrical Hazard,CRITICAL
i am reporting an issue that entire stretch of road near Vasant Kunj is pitch dark at night,Electrical & Lighting Department,Street Lighting,Dark Road Safety Concern,HIGH
electric pole near Civil Lines is leaning dangerously and about to fall,Electricity Department,Electricity,Damaged Electric Pole,HIGH
i am rahul shamram i am fine so the problem is that garbage has not been collected from Sector 17 for 2 days,Sanitation & Waste Department,Waste Management,Uncollected Garbage,MEDIUM
in our area nuisance and stench from dirty public toilet near Civil Lines market,Sanitation Department,Sanitation,Foul Smell / Unsanitary Area,MEDIUM
i am rahul shamram i am fine so the problem is that bhai hamare area Railway Station Road me 4 din se paani nahi aa raha hai,Water Department,Water Supply,No Water Supply,HIGH
i am reporting an issue that transformer se spark nikal raha hai near Lajpat Nagar market,Electricity Department,Electricity,Transformer Sparking,CRITICAL
bhai listen sewage line overflowing near Sector 17 creating unsanitary conditions,Sanitation Department,Sanitation,Sewage Overflow,HIGH
i am rahul shamram i am fine so the problem is that drainage gutter overflow inundating street water in rohini sector 7,Municipal Drainage Department,Drainage,Drainage Overflow,HIGH
bhai listen bimari phail rahi hai please health department ko bhejo Karol Bagh me,Public Health Department,Public Health,Disease Outbreak,HIGH
"good morning sir, traffic signal lights not working at major intersection near Rohini Sector 7",Municipal Transport Department,Transport,Traffic Signal Defect,HIGH
i am reporting an issue that bus stop shelter shade damaged and rusted near Railway Station Road,Municipal Transport Department,Transport,Bus Stop Damage,LOW
i am reporting an issue that entire stretch of road near Civil Lines is pitch dark at night,Electrical & Lighting Department,Street Lighting,Dark Road Safety Concern,HIGH
i am reporting an issue that pipeline leak hai aur paani road par jama ho raha hai,Water Department,Water Supply,Water Pipeline Leakage,HIGH
"hi assistant i am fine, big pothole on main road causing accidents and damage to vehicles",Public Works Department,Roads / PWD,Dangerous Pothole,HIGH
"good morning sir, sewage ka paani raste pe beh raha hai near Connaught Place",Sanitation Department,Sanitation,Sewage Overflow,HIGH
"sadak par bohot bade bade gaddhe hain, gaadi kharab ho rahi hai",Public Works Department,Roads / PWD,Dangerous Pothole,HIGH
i am reporting an issue that streetlights turned off on main road near Model Town for 4 nights,Electrical & Lighting Department,Street Lighting,Streetlight Off,MEDIUM
sewage manhole overflow causing smell and filth on pavement near Sector 17,Sanitation Department,Sanitation,Sewage Overflow,HIGH
bijli 6 ghante se nahi hai Sector 17 me,Electricity Department,Electricity,Power Outage,HIGH
bhai hamare area Karol Bagh me 5 din se paani nahi aa raha hai,Water Department,Water Supply,No Water Supply,HIGH
"good morning sir, kachra 4 din se nahi uthaya gaya hai Model Town se",Sanitation & Waste Department,Waste Management,Uncollected Garbage,MEDIUM
in our area severe foul odor coming from unmaintained public restroom near Civil Lines,Sanitation Department,Sanitation,Foul Smell / Unsanitary Area,MEDIUM
road is completely broken with dangerous potholes everywhere,Public Works Department,Roads / PWD,Dangerous Pothole,HIGH
bhai listen street light 1 hafte se band hai model town me,Electrical & Lighting Department,Street Lighting,Streetlight Off,MEDIUM
huge pile of uncollected trash dumped openly near Connaught Place,Sanitation & Waste Department,Waste Management,Open Waste Dumping,MEDIUM
garbage has not been collected from Sector 17 for 4 days,Sanitation & Waste Department,Waste Management,Uncollected Garbage,MEDIUM
kachra 4 din se nahi uthaya gaya hai Vasant Kunj se,Sanitation & Waste Department,Waste Management,Uncollected Garbage,MEDIUM
dirty brown water is coming from the tap in Model Town,Water Department,Water Supply,Contaminated / Dirty Water,HIGH
i am rahul shamram i am fine so the problem is that bus stop shelter shade damaged and rusted near Vasant Kunj,Municipal Transport Department,Transport,Bus Stop Damage,LOW
fever cases increasing in Civil Lines suspected dengue mosquito infestation,Public Health Department,Public Health,Disease Outbreak,HIGH
"good morning sir, street light 1 hafte se band hai Railway Station Road me",Electrical & Lighting Department,Street Lighting,Streetlight Off,MEDIUM
i am reporting an issue that public toilet is closed and locked since 3 days near Karol Bagh,Sanitation Department,Sanitation,Public Toilet Cleaning,MEDIUM
in our area nali overflow kar rahi hai Connaught Place ke raste pe,Municipal Drainage Department,Drainage,Drainage Overflow,HIGH
"please help me, electric pole near Rohini Sector 7 is leaning dangerously and about to fall",Electricity Department,Electricity,Damaged Electric Pole,HIGH
bhai listen entire stretch of road near Connaught Place is pitch dark at night,Electrical & Lighting Department,Street Lighting,Dark Road Safety Concern,HIGH
"hi assistant i am fine, road is flooded because a water pipeline is leaking in Dwarka Sector 10",Water Department,Water Supply,Water Pipeline Leakage,HIGH
"i am reporting an issue that sadak par bohot bade bade gaddhe hain, gaadi kharab ho rahi hai",Public Works Department,Roads / PWD,Dangerous Pothole,HIGH
"bhai listen fogging karwao area me, dengue phail raha hai",Public Health Department,Public Health,Vector Disease Control,HIGH
water has stopped coming in civil lines since yesterday,Water Department,Water Supply,No Water Supply,HIGH
traffic signal lights not working at major intersection near Connaught Place,Municipal Transport Department,Transport,Traffic Signal Defect,HIGH
i am rahul shamram i am fine so the problem is that sewage chamber is overflowing and sewage spreading on street near Connaught Place,Sanitation Department,Sanitation,Sewage Overflow,HIGH
i am rahul shamram i am fine so the problem is that kachra 4 din se nahi uthaya gaya hai Dwarka Sector 10 se,Sanitation & Waste Department,Waste Management,Uncollected Garbage,MEDIUM
i am rahul shamram i am fine so the problem is that frequent voltage fluctuations and power cuts in Connaught Place area,Electricity Department,Electricity,Power Outage,HIGH
"hi assistant i am fine, stormwater drain is completely clogged with silt near Connaught Place",Municipal Drainage Department,Drainage,Clogged Gutter,MEDIUM
sewage line overflowing near Model Town creating unsanitary conditions,Sanitation Department,Sanitation,Sewage Overflow,HIGH
"good morning sir, pothole on road needs urgent repair before an accident happens",Public Works Department,Roads / PWD,Dangerous Pothole,HIGH
in our area sewage chamber overflowing on the walking pavement near Lajpat Nagar,Sanitation Department,Sanitation,Sewage Overflow,HIGH
exposed live electrical wire hanging dangerously near school in Railway Station Road,Electricity Department,Electricity,Exposed Electrical Hazard,CRITICAL
severe waterlogging in Karol Bagh after light rain due to choked drains,Municipal Drainage Department,Drainage,Waterlogging,HIGH
i am rahul shamram i am fine so the problem is that nali overflow kar rahi hai Dwarka Sector 10 ke raste pe,Municipal Drainage Department,Drainage,Drainage Overflow,HIGH
"dengue cases badh rahe hain, please fogging karwao dwarka sector 10 me",Public Health Department,Public Health,Vector Disease Control,HIGH
bus stop shelter shade damaged and rusted near dwarka sector 10,Municipal Transport Department,Transport,Bus Stop Damage,LOW
i am rahul shamram i am fine so the problem is that bijli 6 ghante se nahi hai Vasant Kunj me,Electricity Department,Electricity,Power Outage,HIGH
"hi assistant i am fine, the main road has huge deep potholes near Railway Station Road",Public Works Department,Roads / PWD,Dangerous Pothole,HIGH
in our area nuisance and stench from dirty public toilet near Lajpat Nagar market,Sanitation Department,Sanitation,Foul Smell / Unsanitary Area,MEDIUM
"bhai listen bhai Sector 17 ke paas rasta poora toota hua hai, pothole hain bohot",Public Works Department,Roads / PWD,Dangerous Pothole,HIGH
hello sir my name is rahul and severe waterlogging in Civil Lines after light rain due to choked drains,Municipal Drainage Department,Drainage,Waterlogging,HIGH
bhai listen bijli 6 ghante se nahi hai dwarka sector 10 me,Electricity Department,Electricity,Power Outage,HIGH
bhai listen bijli 6 ghante se nahi hai Lajpat Nagar me,Electricity Department,Electricity,Power Outage,HIGH
bhai listen open manhole hai road pe near Civil Lines,Public Works Department,Roads / PWD,Open Manhole Hazard,CRITICAL
power supply has been out in Railway Station Road for more than 3 hours,Electricity Department,Electricity,Power Outage,HIGH
bhai listen open manhole hai road pe near Dwarka Sector 10,Public Works Department,Roads / PWD,Open Manhole Hazard,CRITICAL
hello sir my name is rahul and stormwater drain is completely clogged with silt near Dwarka Sector 10,Municipal Drainage Department,Drainage,Clogged Gutter,MEDIUM
fever cases increasing in Vasant Kunj suspected dengue mosquito infestation,Public Health Department,Public Health,Disease Outbreak,HIGH
nali overflow kar rahi hai karol bagh ke raste pe,Municipal Drainage Department,Drainage,Drainage Overflow,HIGH
i am rahul shamram i am fine so the problem is that streetlights turned off on main road near rohini sector 7 for 5 nights,Electrical & Lighting Department,Street Lighting,Streetlight Off,MEDIUM
in our area severe waterlogging in Model Town after light rain due to choked drains,Municipal Drainage Department,Drainage,Waterlogging,HIGH
hello sir my name is rahul and sewage chamber is overflowing and sewage spreading on street near Vasant Kunj,Sanitation Department,Sanitation,Sewage Overflow,HIGH
garbage has not been collected from Connaught Place for 5 days,Sanitation & Waste Department,Waste Management,Uncollected Garbage,MEDIUM
bhai listen nuisance and stench from dirty public toilet near Sector 17 market,Sanitation Department,Sanitation,Foul Smell / Unsanitary Area,MEDIUM
hello sir my name is rahul and traffic light kharab hai near Railway Station Road chowk,Municipal Transport Department,Transport,Traffic Signal Defect,HIGH
"dengue cases badh rahe hain, please fogging karwao Civil Lines me",Public Health Department,Public Health,Vector Disease Control,HIGH
"please help me, traffic signal lights not working at major intersection near Connaught Place",Municipal Transport Department,Transport,Traffic Signal Defect,HIGH
machhar bohot ho gaye hain stagnant water ke wajah se Vasant Kunj me,Public Health Department,Public Health,Mosquito Breeding Hazard,HIGH
in our area community waste bin overflowing near Lajpat Nagar,Sanitation & Waste Department,Waste Management,Garbage Dustbin Overflow,MEDIUM
"hello sir my name is rahul and sadak par bohot bade bade gaddhe hain, gaadi kharab ho rahi hai",Public Works Department,Roads / PWD,Dangerous Pothole,HIGH
plague and disease spreading in Railway Station Road due to mosquitoes and stagnant water,Public Health Department,Public Health,Disease Outbreak,HIGH
in our area bijli 6 ghante se nahi hai Dwarka Sector 10 me,Electricity Department,Electricity,Power Outage,HIGH
"sadak par bohot bade bade gaddhe hain, gaadi kharab ho rahi hai",Public Works Department,Roads / PWD,Dangerous Pothole,HIGH
"please help me, sewage chamber is overflowing and sewage spreading on street near Vasant Kunj",Sanitation Department,Sanitation,Sewage Overflow,HIGH
garbage has not been collected from Dwarka Sector 10 for 7 days,Sanitation & Waste Department,Waste Management,Uncollected Garbage,MEDIUM
"please help me, bijli 6 ghante se nahi hai Connaught Place me",Electricity Department,Electricity,Power Outage,HIGH
i am reporting an issue that road ki condition bahut kharab hai Model Town me,Public Works Department,Roads / PWD,Road Repair Needed,MEDIUM
i am reporting an issue that sewage manhole overflow causing smell and filth on pavement near Model Town,Sanitation Department,Sanitation,Sewage Overflow,HIGH
bhai listen stagnant water pool near rohini sector 7 becoming mosquito breeding ground,Public Health Department,Public Health,Mosquito Breeding Hazard,HIGH
traffic light kharab hai near Vasant Kunj chowk,Municipal Transport Department,Transport,Traffic Signal Defect,HIGH
"please help me, streetlight pole broken and light fixture hanging near Sector 17",Electrical & Lighting Department,Street Lighting,Broken Lamp Pole,MEDIUM
entire stretch of road near Rohini Sector 7 is pitch dark at night,Electrical & Lighting Department,Street Lighting,Dark Road Safety Concern,HIGH
traffic light kharab hai near Rohini Sector 7 chowk,Municipal Transport Department,Transport,Traffic Signal Defect,HIGH
streetlights turned off on main road near Rohini Sector 7 for 3 nights,Electrical & Lighting Department,Street Lighting,Streetlight Off,MEDIUM
"please help me, there is water everywhere on the road but our taps have no water",Water Department,Water Supply,No Water Supply,HIGH
i am reporting an issue that mosquito se dengue ho raha hai area me fogging ki zaroorat hai,Public Health Department,Public Health,Vector Disease Control,HIGH
i am reporting an issue that pothole on road needs urgent repair before an accident happens,Public Works Department,Roads / PWD,Dangerous Pothole,HIGH
i am rahul shamram i am fine so the problem is that bijli 6 ghante se nahi hai Civil Lines me,Electricity Department,Electricity,Power Outage,HIGH
"good morning sir, traffic signal lights not working at major intersection near Connaught Place",Municipal Transport Department,Transport,Traffic Signal Defect,HIGH
"hi assistant i am fine, bus stop shelter shade damaged and rusted near Sector 17",Municipal Transport Department,Transport,Bus Stop Damage,LOW
pipeline phat gayi hai Karol Bagh ke paas road par,Water Department,Water Supply,Water Pipeline Leakage,HIGH
in our area street light 1 hafte se band hai Dwarka Sector 10 me,Electrical & Lighting Department,Street Lighting,Streetlight Off,MEDIUM
i am reporting an issue that nali overflow kar rahi hai Railway Station Road ke raste pe,Municipal Drainage Department,Drainage,Drainage Overflow,HIGH
bhai listen there is sewage overflowing from the chamber onto the walking path in Civil Lines,Sanitation Department,Sanitation,Sewage Overflow,HIGH
public toilet near Sector 17 is extremely filthy and not cleaned,Sanitation Department,Sanitation,Public Toilet Cleaning,MEDIUM
"hi assistant i am fine, road is completely broken with dangerous potholes everywhere",Public Works Department,Roads / PWD,Dangerous Pothole,HIGH
"good morning sir, traffic light kharab hai near Dwarka Sector 10 chowk",Municipal Transport Department,Transport,Traffic Signal Defect,HIGH
"please help me, bus stop shelter shade damaged and rusted near Lajpat Nagar",Municipal Transport Department,Transport,Bus Stop Damage,LOW
"hi assistant i am fine, open manhole hai road pe near Connaught Place",Public Works Department,Roads / PWD,Open Manhole Hazard,CRITICAL
"i am reporting an issue that fogging karwao area me, dengue phail raha hai",Public Health Department,Public Health,Vector Disease Control,HIGH
hello sir my name is rahul and public toilet near Model Town is extremely filthy and not cleaned,Sanitation Department,Sanitation,Public Toilet Cleaning,MEDIUM
hello sir my name is rahul and footpath is broken and paved tiles are missing near Dwarka Sector 10,Public Works Department,Roads / PWD,Broken Footpath,LOW
i am rahul shamram i am fine so the problem is that fever cases increasing in Sector 17 suspected dengue mosquito infestation,Public Health Department,Public Health,Disease Outbreak,HIGH
"please help me, severe waterlogging in Lajpat Nagar after light rain due to choked drains",Municipal Drainage Department,Drainage,Waterlogging,HIGH
"good morning sir, fever cases increasing in Lajpat Nagar suspected dengue mosquito infestation",Public Health Department,Public Health,Disease Outbreak,HIGH
sewage ka paani raste pe beh raha hai near Lajpat Nagar,Sanitation Department,Sanitation,Sewage Overflow,HIGH
"good morning sir, mosquito se dengue ho raha hai area me fogging ki zaroorat hai",Public Health Department,Public Health,Vector Disease Control,HIGH
bijli 6 ghante se nahi hai rohini sector 7 me,Electricity Department,Electricity,Power Outage,HIGH
bhai listen there is water everywhere on the road but our taps have no water,Water Department,Water Supply,No Water Supply,HIGH
bhai listen stormwater drain is completely clogged with silt near Vasant Kunj,Municipal Drainage Department,Drainage,Clogged Gutter,MEDIUM
water pipe leak ho gaya hai Lajpat Nagar market ke paas,Water Department,Water Supply,Water Pipeline Leakage,HIGH
bhai listen traffic signal lights not working at major intersection near Connaught Place,Municipal Transport Department,Transport,Traffic Signal Defect,HIGH
water pressure is very low,Water Department,Water Supply,Low Water Pressure,MEDIUM
i am reporting an issue that street light 1 hafte se band hai Karol Bagh me,Electrical & Lighting Department,Street Lighting,Streetlight Off,MEDIUM
"hi assistant i am fine, bus stop shelter shade damaged and rusted near Model Town",Municipal Transport Department,Transport,Bus Stop Damage,LOW
"please help me, traffic signal lights not working at major intersection near Lajpat Nagar",Municipal Transport Department,Transport,Traffic Signal Defect,HIGH
hello sir my name is rahul and electric pole near Model Town is leaning dangerously and about to fall,Electricity Department,Electricity,Damaged Electric Pole,HIGH
urgent fogging required near Connaught Place due to mosquito menace and dengue threat,Public Health Department,Public Health,Vector Disease Control,HIGH
i am reporting an issue that streetlight pole broken and light fixture hanging near Rohini Sector 7,Electrical & Lighting Department,Street Lighting,Broken Lamp Pole,MEDIUM
"good morning sir, bus stop shelter shade damaged and rusted near Karol Bagh",Municipal Transport Department,Transport,Bus Stop Damage,LOW
i am reporting an issue that huge pile of uncollected trash dumped openly near Rohini Sector 7,Sanitation & Waste Department,Waste Management,Open Waste Dumping,MEDIUM
plague and disease spreading in Model Town due to mosquitoes and stagnant water,Public Health Department,Public Health,Disease Outbreak,HIGH
i am rahul shamram i am fine so the problem is that live electrical wire fallen on road near Connaught Place,Electricity Department,Electricity,Exposed Electrical Hazard,CRITICAL
in our area bus stop shelter shade damaged and rusted near Lajpat Nagar,Municipal Transport Department,Transport,Bus Stop Damage,LOW
bhai listen bimari phail rahi hai please health department ko bhejo Lajpat Nagar me,Public Health Department,Public Health,Disease Outbreak,HIGH
"hi assistant i am fine, open manhole hai road pe near Sector 17",Public Works Department,Roads / PWD,Open Manhole Hazard,CRITICAL
hello sir my name is rahul and big pothole on main road causing accidents and damage to vehicles,Public Works Department,Roads / PWD,Dangerous Pothole,HIGH
community waste bin overflowing near Sector 17,Sanitation & Waste Department,Waste Management,Garbage Dustbin Overflow,MEDIUM
i am rahul shamram i am fine so the problem is that drainage gutter overflow inundating street water in rohini sector 7,Municipal Drainage Department,Drainage,Drainage Overflow,HIGH
in our area there is a huge pothole on the main road,Public Works Department,Roads / PWD,Dangerous Pothole,HIGH
the main road has huge deep potholes near Vasant Kunj,Public Works Department,Roads / PWD,Dangerous Pothole,HIGH
hello sir my name is rahul and streetlights turned off on main road near Model Town for 5 nights,Electrical & Lighting Department,Street Lighting,Streetlight Off,MEDIUM
i am reporting an issue that water pipe is leaking continuously on the main road,Water Department,Water Supply,Water Pipeline Leakage,HIGH
"please help me, open manhole on main road near Karol Bagh poses severe danger to pedestrians",Public Works Department,Roads / PWD,Open Manhole Hazard,CRITICAL
i am rahul shamram i am fine so the problem is that no water coming out of kitchen tap since Monday,Water Department,Water Supply,No Water Supply,HIGH
"good morning sir, frequent voltage fluctuations and power cuts in Connaught Place area",Electricity Department,Electricity,Power Outage,HIGH
"please help me, bus stop shelter shade damaged and rusted near Karol Bagh",Municipal Transport Department,Transport,Bus Stop Damage,LOW
"please help me, frequent voltage fluctuations and power cuts in Rohini Sector 7 area",Electricity Department,Electricity,Power Outage,HIGH
nuisance and stench from dirty public toilet near dwarka sector 10 market,Sanitation Department,Sanitation,Foul Smell / Unsanitary Area,MEDIUM
i am reporting an issue that live electrical wire fallen on road near model town,Electricity Department,Electricity,Exposed Electrical Hazard,CRITICAL
i am reporting an issue that dengue phail raha hai please fogging lagwao area me,Public Health Department,Public Health,Vector Disease Control,HIGH
there is a huge pothole on the main road,Public Works Department,Roads / PWD,Dangerous Pothole,HIGH
"hello sir my name is rahul and fogging karwao area me, dengue phail raha hai",Public Health Department,Public Health,Vector Disease Control,HIGH
"please help me, electric pole near Lajpat Nagar is leaning dangerously and about to fall",Electricity Department,Electricity,Damaged Electric Pole,HIGH
"hi assistant i am fine, bus stop shelter shade damaged and rusted near Railway Station Road",Municipal Transport Department,Transport,Bus Stop Damage,LOW
hello sir my name is rahul and large deep potholes on main road near Rohini Sector 7 causing accidents,Public Works Department,Roads / PWD,Dangerous Pothole,HIGH
sewage manhole overflow causing smell and filth on pavement near Karol Bagh,Sanitation Department,Sanitation,Sewage Overflow,HIGH
"hi assistant i am fine, nali overflow kar rahi hai Rohini Sector 7 ke raste pe",Municipal Drainage Department,Drainage,Drainage Overflow,HIGH
bhai listen pothole on road needs urgent repair before an accident happens,Public Works Department,Roads / PWD,Dangerous Pothole,HIGH
"please help me, no water coming out of kitchen tap since yesterday",Water Department,Water Supply,No Water Supply,HIGH
sewage chamber overflowing on the walking pavement near Dwarka Sector 10,Sanitation Department,Sanitation,Sewage Overflow,HIGH
hello sir my name is rahul and kachra 4 din se nahi uthaya gaya hai Civil Lines se,Sanitation & Waste Department,Waste Management,Uncollected Garbage,MEDIUM
traffic light kharab hai near Civil Lines chowk,Municipal Transport Department,Transport,Traffic Signal Defect,HIGH
in our area entire stretch of road near railway station road is pitch dark at night,Electrical & Lighting Department,Street Lighting,Dark Road Safety Concern,HIGH
"please help me, community waste bin overflowing near Vasant Kunj",Sanitation & Waste Department,Waste Management,Garbage Dustbin Overflow,MEDIUM
i am rahul shamram i am fine so the problem is that paani ki pipe leak ho gayi hai sadak par,Water Department,Water Supply,Water Pipeline Leakage,HIGH
hello sir my name is rahul and big pothole on main road causing accidents and damage to vehicles,Public Works Department,Roads / PWD,Dangerous Pothole,HIGH
i am reporting an issue that kachra 4 din se nahi uthaya gaya hai Dwarka Sector 10 se,Sanitation & Waste Department,Waste Management,Uncollected Garbage,MEDIUM
in our area community waste bin overflowing near Sector 17,Sanitation & Waste Department,Waste Management,Garbage Dustbin Overflow,MEDIUM
in our area water is leaking from main underground pipeline onto the street,Water Department,Water Supply,Water Pipeline Leakage,HIGH
hello sir my name is rahul and huge pile of uncollected trash dumped openly near Civil Lines,Sanitation & Waste Department,Waste Management,Open Waste Dumping,MEDIUM
sadak par pipe se paani leak ho raha hai aur paani jama ho gaya hai,Water Department,Water Supply,Water Pipeline Leakage,HIGH
"good morning sir, fogging karwao area me, dengue phail raha hai",Public Health Department,Public Health,Vector Disease Control,HIGH
in our area traffic light kharab hai near Railway Station Road chowk,Municipal Transport Department,Transport,Traffic Signal Defect,HIGH
"hi assistant i am fine, exposed live electrical wire hanging dangerously near school in Lajpat Nagar",Electricity Department,Electricity,Exposed Electrical Hazard,CRITICAL
sewage ka paani raste pe beh raha hai near Rohini Sector 7,Sanitation Department,Sanitation,Sewage Overflow,HIGH
"please help me, sadak par bohot bade bade gaddhe hain, gaadi kharab ho rahi hai",Public Works Department,Roads / PWD,Dangerous Pothole,HIGH
dengue phail raha hai please fogging lagwao area me,Public Health Department,Public Health,Vector Disease Control,HIGH
"hi assistant i am fine, bijli 6 ghante se nahi hai Civil Lines me",Electricity Department,Electricity,Power Outage,HIGH
hello sir my name is rahul and huge pile of uncollected trash dumped openly near Civil Lines,Sanitation & Waste Department,Waste Management,Open Waste Dumping,MEDIUM
nali overflow kar rahi hai Railway Station Road ke raste pe,Municipal Drainage Department,Drainage,Drainage Overflow,HIGH
"in our area malaria aur dengue ke case badh rahe hain Railway Station Road me, fogging karo",Public Health Department,Public Health,Vector Disease Control,HIGH
kachra 4 din se nahi uthaya gaya hai Model Town se,Sanitation & Waste Department,Waste Management,Uncollected Garbage,MEDIUM
open manhole on main road near rohini sector 7 poses severe danger to pedestrians,Public Works Department,Roads / PWD,Open Manhole Hazard,CRITICAL
streetlights turned off on main road near Vasant Kunj for 2 nights,Electrical & Lighting Department,Street Lighting,Streetlight Off,MEDIUM
"please help me, bhai Dwarka Sector 10 ke paas rasta poora toota hua hai, pothole hain bohot",Public Works Department,Roads / PWD,Dangerous Pothole,HIGH
in our area plague and disease spreading in Sector 17 due to mosquitoes and stagnant water,Public Health Department,Public Health,Disease Outbreak,HIGH
i am rahul shamram i am fine so the problem is that transformer se spark nikal raha hai near Connaught Place market,Electricity Department,Electricity,Transformer Sparking,CRITICAL
hello sir my name is rahul and bus stop shelter shade damaged and rusted near Model Town,Municipal Transport Department,Transport,Bus Stop Damage,LOW
"i am rahul shamram i am fine so the problem is that malaria aur dengue ke case badh rahe hain Model Town me, fogging karo",Public Health Department,Public Health,Vector Disease Control,HIGH
hello sir my name is rahul and entire stretch of road near Rohini Sector 7 is pitch dark at night,Electrical & Lighting Department,Street Lighting,Dark Road Safety Concern,HIGH
i am reporting an issue that severe foul odor coming from unmaintained public restroom near Railway Station Road,Sanitation Department,Sanitation,Foul Smell / Unsanitary Area,MEDIUM
drainage gutter overflow inundating street water in Civil Lines,Municipal Drainage Department,Drainage,Drainage Overflow,HIGH
"i am reporting an issue that sadak par bohot bade bade gaddhe hain, gaadi kharab ho rahi hai",Public Works Department,Roads / PWD,Dangerous Pothole,HIGH
i am rahul shamram i am fine so the problem is that sewage chamber overflowing on the walking pavement near Civil Lines,Sanitation Department,Sanitation,Sewage Overflow,HIGH
bhai listen kachra 4 din se nahi uthaya gaya hai Connaught Place se,Sanitation & Waste Department,Waste Management,Uncollected Garbage,MEDIUM
in our area big pothole on main road causing accidents and damage to vehicles,Public Works Department,Roads / PWD,Dangerous Pothole,HIGH
in our area nali overflow kar rahi hai Rohini Sector 7 ke raste pe,Municipal Drainage Department,Drainage,Drainage Overflow,HIGH
entire stretch of road near Model Town is pitch dark at night,Electrical & Lighting Department,Street Lighting,Dark Road Safety Concern,HIGH
water pipe is leaking continuously on the main road,Water Department,Water Supply,Water Pipeline Leakage,HIGH
in our area drainage gutter overflow inundating street water in Vasant Kunj,Municipal Drainage Department,Drainage,Drainage Overflow,HIGH
i am rahul shamram i am fine so the problem is that garbage has not been collected from Civil Lines for 2 days,Sanitation & Waste Department,Waste Management,Uncollected Garbage,MEDIUM
"hi assistant i am fine, community waste bin overflowing near Karol Bagh",Sanitation & Waste Department,Waste Management,Garbage Dustbin Overflow,MEDIUM
"bhai Connaught Place ke paas rasta poora toota hua hai, pothole hain bohot",Public Works Department,Roads / PWD,Dangerous Pothole,HIGH
in our area nali overflow kar rahi hai Connaught Place ke raste pe,Municipal Drainage Department,Drainage,Drainage Overflow,HIGH
i am reporting an issue that entire stretch of road near Connaught Place is pitch dark at night,Electrical & Lighting Department,Street Lighting,Dark Road Safety Concern,HIGH
i am reporting an issue that electricity transformer near Rohini Sector 7 is sparking violently and emitting smoke,Electricity Department,Electricity,Transformer Sparking,CRITICAL
"hi assistant i am fine, stagnant water pool near Civil Lines becoming mosquito breeding ground",Public Health Department,Public Health,Mosquito Breeding Hazard,HIGH
hello sir my name is rahul and streetlights turned off on main road near Lajpat Nagar for 7 nights,Electrical & Lighting Department,Street Lighting,Streetlight Off,MEDIUM
"please help me, open manhole on main road near Vasant Kunj poses severe danger to pedestrians",Public Works Department,Roads / PWD,Open Manhole Hazard,CRITICAL
public toilet near Sector 17 is extremely filthy and not cleaned,Sanitation Department,Sanitation,Public Toilet Cleaning,MEDIUM
hello sir my name is rahul and severe foul odor coming from unmaintained public restroom near Sector 17,Sanitation Department,Sanitation,Foul Smell / Unsanitary Area,MEDIUM
i am rahul shamram i am fine so the problem is that kachra 4 din se nahi uthaya gaya hai Dwarka Sector 10 se,Sanitation & Waste Department,Waste Management,Uncollected Garbage,MEDIUM
streetlights turned off on main road near Dwarka Sector 10 for 4 nights,Electrical & Lighting Department,Street Lighting,Streetlight Off,MEDIUM
public toilet is closed and locked since 4 days near vasant kunj,Sanitation Department,Sanitation,Public Toilet Cleaning,MEDIUM
"please help me, bhai Lajpat Nagar ke paas rasta poora toota hua hai, pothole hain bohot",Public Works Department,Roads / PWD,Dangerous Pothole,HIGH
hello sir my name is rahul and water pressure is very low,Water Department,Water Supply,Low Water Pressure,MEDIUM
water is coming out of a broken pipe on the road near sector 17,Water Department,Water Supply,Water Pipeline Leakage,HIGH
"please help me, garbage has not been collected from Model Town for 7 days",Sanitation & Waste Department,Waste Management,Uncollected Garbage,MEDIUM
"hi assistant i am fine, community waste bin overflowing near civil lines",Sanitation & Waste Department,Waste Management,Garbage Dustbin Overflow,MEDIUM
i am reporting an issue that pipeline phat gayi hai Railway Station Road ke paas road par,Water Department,Water Supply,Water Pipeline Leakage,HIGH
"hi assistant i am fine, electric pole near Connaught Place is leaning dangerously and about to fall",Electricity Department,Electricity,Damaged Electric Pole,HIGH
bhai listen stormwater drain is completely clogged with silt near Civil Lines,Municipal Drainage Department,Drainage,Clogged Gutter,MEDIUM
there is sewage overflowing from the chamber onto the walking path in Civil Lines,Sanitation Department,Sanitation,Sewage Overflow,HIGH
"good morning sir, bijli 6 ghante se nahi hai Lajpat Nagar me",Electricity Department,Electricity,Power Outage,HIGH
in our area community waste bin overflowing near sector 17,Sanitation & Waste Department,Waste Management,Garbage Dustbin Overflow,MEDIUM
electricity transformer near Model Town is sparking violently and emitting smoke,Electricity Department,Electricity,Transformer Sparking,CRITICAL
huge pile of uncollected trash dumped openly near Karol Bagh,Sanitation & Waste Department,Waste Management,Open Waste Dumping,MEDIUM
"please help me, entire stretch of road near connaught place is pitch dark at night",Electrical & Lighting Department,Street Lighting,Dark Road Safety Concern,HIGH
"hi assistant i am fine, transformer se spark nikal raha hai near vasant kunj market",Electricity Department,Electricity,Transformer Sparking,CRITICAL
"good morning sir, there is sewage overflowing from the chamber onto the walking path in Lajpat Nagar",Sanitation Department,Sanitation,Sewage Overflow,HIGH
contaminated foul smelling water in supply line near Vasant Kunj,Water Department,Water Supply,Contaminated / Dirty Water,HIGH
nali overflow kar rahi hai Rohini Sector 7 ke raste pe,Municipal Drainage Department,Drainage,Drainage Overflow,HIGH
"good morning sir, kachra 4 din se nahi uthaya gaya hai Sector 17 se",Sanitation & Waste Department,Waste Management,Uncollected Garbage,MEDIUM
i am rahul shamram i am fine so the problem is that severe waterlogging in Railway Station Road after light rain due to choked drains,Municipal Drainage Department,Drainage,Waterlogging,HIGH
hello sir my name is rahul and drainage gutter overflow inundating street water in Civil Lines,Municipal Drainage Department,Drainage,Drainage Overflow,HIGH
i am reporting an issue that nuisance and stench from dirty public toilet near Connaught Place market,Sanitation Department,Sanitation,Foul Smell / Unsanitary Area,MEDIUM
bhai listen road ki condition bahut kharab hai Rohini Sector 7 me,Public Works Department,Roads / PWD,Road Repair Needed,MEDIUM
i am reporting an issue that nali overflow kar rahi hai Dwarka Sector 10 ke raste pe,Municipal Drainage Department,Drainage,Drainage Overflow,HIGH
transformer se spark nikal raha hai near Connaught Place market,Electricity Department,Electricity,Transformer Sparking,CRITICAL
bus stop shelter shade damaged and rusted near civil lines,Municipal Transport Department,Transport,Bus Stop Damage,LOW
in our area sewage ka paani raste pe beh raha hai near Lajpat Nagar,Sanitation Department,Sanitation,Sewage Overflow,HIGH
hello sir my name is rahul and bus stop shelter shade damaged and rusted near Model Town,Municipal Transport Department,Transport,Bus Stop Damage,LOW
"please help me, bus stop shelter shade damaged and rusted near Connaught Place",Municipal Transport Department,Transport,Bus Stop Damage,LOW
traffic light kharab hai near Vasant Kunj chowk,Municipal Transport Department,Transport,Traffic Signal Defect,HIGH
i am reporting an issue that machhar bohot ho gaye hain stagnant water ke wajah se Lajpat Nagar me,Public Health Department,Public Health,Mosquito Breeding Hazard,HIGH
"good morning sir, drainage gutter overflow inundating street water in Sector 17",Municipal Drainage Department,Drainage,Drainage Overflow,HIGH
i am reporting an issue that electric pole near Model Town is leaning dangerously and about to fall,Electricity Department,Electricity,Damaged Electric Pole,HIGH
mosquito se dengue ho raha hai area me fogging ki zaroorat hai,Public Health Department,Public Health,Vector Disease Control,HIGH
hello sir my name is rahul and traffic light kharab hai near Dwarka Sector 10 chowk,Municipal Transport Department,Transport,Traffic Signal Defect,HIGH
"hi assistant i am fine, street light 1 hafte se band hai Rohini Sector 7 me",Electrical & Lighting Department,Street Lighting,Streetlight Off,MEDIUM
bhai listen entire stretch of road near Dwarka Sector 10 is pitch dark at night,Electrical & Lighting Department,Street Lighting,Dark Road Safety Concern,HIGH
hello sir my name is rahul and nali overflow kar rahi hai rohini sector 7 ke raste pe,Municipal Drainage Department,Drainage,Drainage Overflow,HIGH
hello sir my name is rahul and huge pile of uncollected trash dumped openly near Civil Lines,Sanitation & Waste Department,Waste Management,Open Waste Dumping,MEDIUM
road is completely broken with dangerous potholes everywhere,Public Works Department,Roads / PWD,Dangerous Pothole,HIGH
bhai listen entire stretch of road near Sector 17 is pitch dark at night,Electrical & Lighting Department,Street Lighting,Dark Road Safety Concern,HIGH
community waste bin overflowing near Lajpat Nagar,Sanitation & Waste Department,Waste Management,Garbage Dustbin Overflow,MEDIUM
"please help me, entire stretch of road near Railway Station Road is pitch dark at night",Electrical & Lighting Department,Street Lighting,Dark Road Safety Concern,HIGH
"please help me, garbage has not been collected from Dwarka Sector 10 for 4 days",Sanitation & Waste Department,Waste Management,Uncollected Garbage,MEDIUM
i am rahul shamram i am fine so the problem is that stormwater drain is completely clogged with silt near Vasant Kunj,Municipal Drainage Department,Drainage,Clogged Gutter,MEDIUM
urgent fogging required near civil lines due to mosquito menace and dengue threat,Public Health Department,Public Health,Vector Disease Control,HIGH
"i am reporting an issue that fogging karwao area me, dengue phail raha hai",Public Health Department,Public Health,Vector Disease Control,HIGH
"hi assistant i am fine, community waste bin overflowing near Model Town",Sanitation & Waste Department,Waste Management,Garbage Dustbin Overflow,MEDIUM
hello sir my name is rahul and our taps have been completely dry in Connaught Place since this morning,Water Department,Water Supply,No Water Supply,HIGH
"good morning sir, open manhole on main road near Rohini Sector 7 poses severe danger to pedestrians",Public Works Department,Roads / PWD,Open Manhole Hazard,CRITICAL
i am reporting an issue that sadak par pipe se paani leak ho raha hai aur paani jama ho gaya hai,Water Department,Water Supply,Water Pipeline Leakage,HIGH
the road condition near Dwarka Sector 10 is extremely bad and damaged,Public Works Department,Roads / PWD,Road Repair Needed,MEDIUM
in our area huge pile of uncollected trash dumped openly near Vasant Kunj,Sanitation & Waste Department,Waste Management,Open Waste Dumping,MEDIUM
electric pole near Model Town is leaning dangerously and about to fall,Electricity Department,Electricity,Damaged Electric Pole,HIGH
huge pile of uncollected trash dumped openly near Lajpat Nagar,Sanitation & Waste Department,Waste Management,Open Waste Dumping,MEDIUM
"good morning sir, stormwater drain is completely clogged with silt near Model Town",Municipal Drainage Department,Drainage,Clogged Gutter,MEDIUM
in our area traffic light kharab hai near Lajpat Nagar chowk,Municipal Transport Department,Transport,Traffic Signal Defect,HIGH
in our area kachra 4 din se nahi uthaya gaya hai Rohini Sector 7 se,Sanitation & Waste Department,Waste Management,Uncollected Garbage,MEDIUM
power supply has been out in Rohini Sector 7 for more than 7 hours,Electricity Department,Electricity,Power Outage,HIGH
bhai listen sewage manhole overflow causing smell and filth on pavement near Connaught Place,Sanitation Department,Sanitation,Sewage Overflow,HIGH
"hi assistant i am fine, severe waterlogging in Lajpat Nagar after light rain due to choked drains",Municipal Drainage Department,Drainage,Waterlogging,HIGH
"hi assistant i am fine, entire stretch of road near Vasant Kunj is pitch dark at night",Electrical & Lighting Department,Street Lighting,Dark Road Safety Concern,HIGH
"hi assistant i am fine, traffic signal lights not working at major intersection near Sector 17",Municipal Transport Department,Transport,Traffic Signal Defect,HIGH
garbage has not been collected from model town for 5 days,Sanitation & Waste Department,Waste Management,Uncollected Garbage,MEDIUM
i am rahul shamram i am fine so the problem is that street light 1 hafte se band hai Civil Lines me,Electrical & Lighting Department,Street Lighting,Streetlight Off,MEDIUM
footpath is broken and paved tiles are missing near rohini sector 7,Public Works Department,Roads / PWD,Broken Footpath,LOW
in our area sewage chamber is overflowing and sewage spreading on street near Sector 17,Sanitation Department,Sanitation,Sewage Overflow,HIGH
fever cases increasing in Lajpat Nagar suspected dengue mosquito infestation,Public Health Department,Public Health,Disease Outbreak,HIGH
i am reporting an issue that fumigation and mosquito fogging required urgently in Model Town,Public Health Department,Public Health,Vector Disease Control,HIGH
"in our area dengue cases badh rahe hain, please fogging karwao Sector 17 me",Public Health Department,Public Health,Vector Disease Control,HIGH
bimari phail rahi hai please health department ko bhejo Lajpat Nagar me,Public Health Department,Public Health,Disease Outbreak,HIGH
in our area traffic signal lights not working at major intersection near Rohini Sector 7,Municipal Transport Department,Transport,Traffic Signal Defect,HIGH
"hi assistant i am fine, traffic light kharab hai near Dwarka Sector 10 chowk",Municipal Transport Department,Transport,Traffic Signal Defect,HIGH
nali overflow kar rahi hai Sector 17 ke raste pe,Municipal Drainage Department,Drainage,Drainage Overflow,HIGH
"good morning sir, streetlights turned off on main road near Connaught Place for 2 nights",Electrical & Lighting Department,Street Lighting,Streetlight Off,MEDIUM
sewage chamber is overflowing and sewage spreading on street near Vasant Kunj,Sanitation Department,Sanitation,Sewage Overflow,HIGH
sewage manhole overflow causing smell and filth on pavement near Model Town,Sanitation Department,Sanitation,Sewage Overflow,HIGH
stormwater drain is completely clogged with silt near Lajpat Nagar,Municipal Drainage Department,Drainage,Clogged Gutter,MEDIUM
in our area drainage gutter overflow inundating street water in Connaught Place,Municipal Drainage Department,Drainage,Drainage Overflow,HIGH
stormwater drain is completely clogged with silt near Vasant Kunj,Municipal Drainage Department,Drainage,Clogged Gutter,MEDIUM
i am reporting an issue that community waste bin overflowing near Model Town,Sanitation & Waste Department,Waste Management,Garbage Dustbin Overflow,MEDIUM
bhai listen bus stop shelter shade damaged and rusted near Dwarka Sector 10,Municipal Transport Department,Transport,Bus Stop Damage,LOW
i am reporting an issue that pothole on road needs urgent repair before an accident happens,Public Works Department,Roads / PWD,Dangerous Pothole,HIGH
"please help me, traffic light kharab hai near Model Town chowk",Municipal Transport Department,Transport,Traffic Signal Defect,HIGH
in our area nuisance and stench from dirty public toilet near Rohini Sector 7 market,Sanitation Department,Sanitation,Foul Smell / Unsanitary Area,MEDIUM
"good morning sir, public toilet near Sector 17 is extremely filthy and not cleaned",Sanitation Department,Sanitation,Public Toilet Cleaning,MEDIUM
i am rahul shamram i am fine so the problem is that tap se ganda paani aa raha hai,Water Department,Water Supply,Contaminated / Dirty Water,HIGH
hello sir my name is rahul and sewage chamber is overflowing and sewage spreading on street near Dwarka Sector 10,Sanitation Department,Sanitation,Sewage Overflow,HIGH
"please help me, public toilet is closed and locked since 2 days near Model Town",Sanitation Department,Sanitation,Public Toilet Cleaning,MEDIUM
fever cases increasing in Model Town suspected dengue mosquito infestation,Public Health Department,Public Health,Disease Outbreak,HIGH
"hi assistant i am fine, streetlight pole broken and light fixture hanging near Connaught Place",Electrical & Lighting Department,Street Lighting,Broken Lamp Pole,MEDIUM
"good morning sir, community waste bin overflowing near Dwarka Sector 10",Sanitation & Waste Department,Waste Management,Garbage Dustbin Overflow,MEDIUM
"hi assistant i am fine, big pothole on main road causing accidents and damage to vehicles",Public Works Department,Roads / PWD,Dangerous Pothole,HIGH
transformer se spark nikal raha hai near Connaught Place market,Electricity Department,Electricity,Transformer Sparking,CRITICAL
"good morning sir, sewage chamber is overflowing and sewage spreading on street near Railway Station Road",Sanitation Department,Sanitation,Sewage Overflow,HIGH
bijli 6 ghante se nahi hai Karol Bagh me,Electricity Department,Electricity,Power Outage,HIGH
traffic light kharab hai near Rohini Sector 7 chowk,Municipal Transport Department,Transport,Traffic Signal Defect,HIGH
hello sir my name is rahul and community waste bin overflowing near Dwarka Sector 10,Sanitation & Waste Department,Waste Management,Garbage Dustbin Overflow,MEDIUM
footpath is broken and paved tiles are missing near Sector 17,Public Works Department,Roads / PWD,Broken Footpath,LOW
"hi assistant i am fine, streetlights turned off on main road near Model Town for 5 nights",Electrical & Lighting Department,Street Lighting,Streetlight Off,MEDIUM
mosquito se dengue ho raha hai area me fogging ki zaroorat hai,Public Health Department,Public Health,Vector Disease Control,HIGH
bhai listen stormwater drain is completely clogged with silt near Vasant Kunj,Municipal Drainage Department,Drainage,Clogged Gutter,MEDIUM
i am rahul shamram i am fine so the problem is that traffic light kharab hai near Lajpat Nagar chowk,Municipal Transport Department,Transport,Traffic Signal Defect,HIGH
hello sir my name is rahul and transformer se spark nikal raha hai near Model Town market,Electricity Department,Electricity,Transformer Sparking,CRITICAL
in our area water pressure is very low,Water Department,Water Supply,Low Water Pressure,MEDIUM
bhai listen bus stop shelter shade damaged and rusted near Lajpat Nagar,Municipal Transport Department,Transport,Bus Stop Damage,LOW
in our area plague and disease spreading in Lajpat Nagar due to mosquitoes and stagnant water,Public Health Department,Public Health,Disease Outbreak,HIGH
kachra 4 din se nahi uthaya gaya hai Karol Bagh se,Sanitation & Waste Department,Waste Management,Uncollected Garbage,MEDIUM
"hi assistant i am fine, drainage gutter overflow inundating street water in Dwarka Sector 10",Municipal Drainage Department,Drainage,Drainage Overflow,HIGH
i am reporting an issue that kachra 4 din se nahi uthaya gaya hai Railway Station Road se,Sanitation & Waste Department,Waste Management,Uncollected Garbage,MEDIUM
"please help me, the main road has huge deep potholes near Civil Lines",Public Works Department,Roads / PWD,Dangerous Pothole,HIGH
stormwater drain is completely clogged with silt near Railway Station Road,Municipal Drainage Department,Drainage,Clogged Gutter,MEDIUM
pipeline leak hai aur paani road par jama ho raha hai,Water Department,Water Supply,Water Pipeline Leakage,HIGH
"good morning sir, entire stretch of road near Civil Lines is pitch dark at night",Electrical & Lighting Department,Street Lighting,Dark Road Safety Concern,HIGH
"good morning sir, dengue cases badh rahe hain, please fogging karwao dwarka sector 10 me",Public Health Department,Public Health,Vector Disease Control,HIGH
"good morning sir, nali overflow kar rahi hai rohini sector 7 ke raste pe",Municipal Drainage Department,Drainage,Drainage Overflow,HIGH
i am rahul shamram i am fine so the problem is that kachra 4 din se nahi uthaya gaya hai Civil Lines se,Sanitation & Waste Department,Waste Management,Uncollected Garbage,MEDIUM
"i am reporting an issue that bhai Connaught Place ke paas rasta poora toota hua hai, pothole hain bohot",Public Works Department,Roads / PWD,Dangerous Pothole,HIGH
in our area plague and disease spreading in Karol Bagh due to mosquitoes and stagnant water,Public Health Department,Public Health,Disease Outbreak,HIGH
"please help me, streetlights turned off on main road near Vasant Kunj for 7 nights",Electrical & Lighting Department,Street Lighting,Streetlight Off,MEDIUM
"please help me, pothole on road needs urgent repair before an accident happens",Public Works Department,Roads / PWD,Dangerous Pothole,HIGH
"hi assistant i am fine, drainage gutter overflow inundating street water in Karol Bagh",Municipal Drainage Department,Drainage,Drainage Overflow,HIGH
in our area there are large potholes on the road making driving very dangerous,Public Works Department,Roads / PWD,Dangerous Pothole,HIGH
bhai listen pipeline phat gayi hai Dwarka Sector 10 ke paas road par,Water Department,Water Supply,Water Pipeline Leakage,HIGH
in our area sewage line overflowing near Model Town creating unsanitary conditions,Sanitation Department,Sanitation,Sewage Overflow,HIGH
i am rahul shamram i am fine so the problem is that kachra 4 din se nahi uthaya gaya hai Model Town se,Sanitation & Waste Department,Waste Management,Uncollected Garbage,MEDIUM
i am rahul shamram i am fine so the problem is that sewage manhole overflow causing smell and filth on pavement near Dwarka Sector 10,Sanitation Department,Sanitation,Sewage Overflow,HIGH
"bhai Vasant Kunj ke paas rasta poora toota hua hai, pothole hain bohot",Public Works Department,Roads / PWD,Dangerous Pothole,HIGH
hello sir my name is rahul and garbage has not been collected from Rohini Sector 7 for 5 days,Sanitation & Waste Department,Waste Management,Uncollected Garbage,MEDIUM
bhai listen entire stretch of road near Vasant Kunj is pitch dark at night,Electrical & Lighting Department,Street Lighting,Dark Road Safety Concern,HIGH
in our area garbage has not been collected from Connaught Place for 3 days,Sanitation & Waste Department,Waste Management,Uncollected Garbage,MEDIUM
hello sir my name is rahul and bus stop shelter shade damaged and rusted near Civil Lines,Municipal Transport Department,Transport,Bus Stop Damage,LOW
fumigation and mosquito fogging required urgently in Vasant Kunj,Public Health Department,Public Health,Vector Disease Control,HIGH
bhai listen traffic light kharab hai near Dwarka Sector 10 chowk,Municipal Transport Department,Transport,Traffic Signal Defect,HIGH
"fogging karwao area me, dengue phail raha hai",Public Health Department,Public Health,Vector Disease Control,HIGH
in our area there is no water supply in Sector 17,Water Department,Water Supply,No Water Supply,HIGH
"please help me, sewage line overflowing near Vasant Kunj creating unsanitary conditions",Sanitation Department,Sanitation,Sewage Overflow,HIGH
in our area entire stretch of road near sector 17 is pitch dark at night,Electrical & Lighting Department,Street Lighting,Dark Road Safety Concern,HIGH
hello sir my name is rahul and stagnant water pool near Railway Station Road becoming mosquito breeding ground,Public Health Department,Public Health,Mosquito Breeding Hazard,HIGH
i am reporting an issue that severe foul odor coming from unmaintained public restroom near Civil Lines,Sanitation Department,Sanitation,Foul Smell / Unsanitary Area,MEDIUM
nali overflow kar rahi hai Dwarka Sector 10 ke raste pe,Municipal Drainage Department,Drainage,Drainage Overflow,HIGH
dengue phail raha hai please fogging lagwao area me,Public Health Department,Public Health,Vector Disease Control,HIGH
hello sir my name is rahul and traffic light kharab hai near Railway Station Road chowk,Municipal Transport Department,Transport,Traffic Signal Defect,HIGH
"i am reporting an issue that dengue cases badh rahe hain, please fogging karwao Connaught Place me",Public Health Department,Public Health,Vector Disease Control,HIGH
i am rahul shamram i am fine so the problem is that entire stretch of road near vasant kunj is pitch dark at night,Electrical & Lighting Department,Street Lighting,Dark Road Safety Concern,HIGH
"good morning sir, nali overflow kar rahi hai Vasant Kunj ke raste pe",Municipal Drainage Department,Drainage,Drainage Overflow,HIGH
"please help me, drainage gutter overflow inundating street water in Lajpat Nagar",Municipal Drainage Department,Drainage,Drainage Overflow,HIGH
"good morning sir, nali overflow kar rahi hai Railway Station Road ke raste pe",Municipal Drainage Department,Drainage,Drainage Overflow,HIGH
"please help me, public toilet is closed and locked since 2 days near Model Town",Sanitation Department,Sanitation,Public Toilet Cleaning,MEDIUM
in our area power supply has been out in Karol Bagh for more than 2 hours,Electricity Department,Electricity,Power Outage,HIGH
large deep potholes on main road near Connaught Place causing accidents,Public Works Department,Roads / PWD,Dangerous Pothole,HIGH
"good morning sir, public toilet near Connaught Place is extremely filthy and not cleaned",Sanitation Department,Sanitation,Public Toilet Cleaning,MEDIUM
severe foul odor coming from unmaintained public restroom near Lajpat Nagar,Sanitation Department,Sanitation,Foul Smell / Unsanitary Area,MEDIUM
"please help me, stormwater drain is completely clogged with silt near Connaught Place",Municipal Drainage Department,Drainage,Clogged Gutter,MEDIUM
"hi assistant i am fine, contaminated foul smelling water in supply line near Vasant Kunj",Water Department,Water Supply,Contaminated / Dirty Water,HIGH
"bhai listen fogging karwao area me, dengue phail raha hai",Public Health Department,Public Health,Vector Disease Control,HIGH
traffic signal lights not working at major intersection near Sector 17,Municipal Transport Department,Transport,Traffic Signal Defect,HIGH
live electrical wire fallen on road near Sector 17,Electricity Department,Electricity,Exposed Electrical Hazard,CRITICAL
huge pile of uncollected trash dumped openly near Dwarka Sector 10,Sanitation & Waste Department,Waste Management,Open Waste Dumping,MEDIUM
transformer se spark nikal raha hai near Model Town market,Electricity Department,Electricity,Transformer Sparking,CRITICAL
bhai listen entire stretch of road near Dwarka Sector 10 is pitch dark at night,Electrical & Lighting Department,Street Lighting,Dark Road Safety Concern,HIGH
drainage gutter overflow inundating street water in Lajpat Nagar,Municipal Drainage Department,Drainage,Drainage Overflow,HIGH
i am reporting an issue that severe waterlogging in Civil Lines after light rain due to choked drains,Municipal Drainage Department,Drainage,Waterlogging,HIGH
"hello sir my name is rahul and malaria aur dengue ke case badh rahe hain Sector 17 me, fogging karo",Public Health Department,Public Health,Vector Disease Control,HIGH
i am reporting an issue that there is sewage overflowing from the chamber onto the walking path in railway station road,Sanitation Department,Sanitation,Sewage Overflow,HIGH
"hi assistant i am fine, pipe leakage near Rohini Sector 7 wasting clean drinking water",Water Department,Water Supply,Water Pipeline Leakage,HIGH
bus stop shelter shade damaged and rusted near Vasant Kunj,Municipal Transport Department,Transport,Bus Stop Damage,LOW
i am rahul shamram i am fine so the problem is that transformer se spark nikal raha hai near dwarka sector 10 market,Electricity Department,Electricity,Transformer Sparking,CRITICAL
bhai listen there is water on road due to broken pipeline near Sector 17,Water Department,Water Supply,Water Pipeline Leakage,HIGH
open manhole on main road near Dwarka Sector 10 poses severe danger to pedestrians,Public Works Department,Roads / PWD,Open Manhole Hazard,CRITICAL
no water supply in Karol Bagh for 2 days,Water Department,Water Supply,No Water Supply,HIGH
i am reporting an issue that big pothole on main road causing accidents and damage to vehicles,Public Works Department,Roads / PWD,Dangerous Pothole,HIGH
huge pile of uncollected trash dumped openly near Lajpat Nagar,Sanitation & Waste Department,Waste Management,Open Waste Dumping,MEDIUM
bhai listen live electrical wire fallen on road near Karol Bagh,Electricity Department,Electricity,Exposed Electrical Hazard,CRITICAL
i am reporting an issue that bus stop shelter shade damaged and rusted near sector 17,Municipal Transport Department,Transport,Bus Stop Damage,LOW
nali overflow kar rahi hai Lajpat Nagar ke raste pe,Municipal Drainage Department,Drainage,Drainage Overflow,HIGH
"good morning sir, mosquito se dengue ho raha hai area me fogging ki zaroorat hai",Public Health Department,Public Health,Vector Disease Control,HIGH
pipeline burst near Rohini Sector 7 causing heavy water leakage on road,Water Department,Water Supply,Water Pipeline Leakage,HIGH
hello sir my name is rahul and bus stop shelter shade damaged and rusted near Vasant Kunj,Municipal Transport Department,Transport,Bus Stop Damage,LOW
"hi assistant i am fine, our taps have been completely dry in dwarka sector 10 since yesterday",Water Department,Water Supply,No Water Supply,HIGH
i am reporting an issue that urgent fogging required near Connaught Place due to mosquito menace and dengue threat,Public Health Department,Public Health,Vector Disease Control,HIGH
"hi assistant i am fine, bus stop shelter shade damaged and rusted near Karol Bagh",Municipal Transport Department,Transport,Bus Stop Damage,LOW
hello sir my name is rahul and nali overflow kar rahi hai Karol Bagh ke raste pe,Municipal Drainage Department,Drainage,Drainage Overflow,HIGH
"good morning sir, public toilet near Lajpat Nagar is extremely filthy and not cleaned",Sanitation Department,Sanitation,Public Toilet Cleaning,MEDIUM
"please help me, there is no water supply in Civil Lines",Water Department,Water Supply,No Water Supply,HIGH
i am reporting an issue that sewage chamber overflowing on the walking pavement near Civil Lines,Sanitation Department,Sanitation,Sewage Overflow,HIGH
"good morning sir, garbage has not been collected from Vasant Kunj for 5 days",Sanitation & Waste Department,Waste Management,Uncollected Garbage,MEDIUM
"good morning sir, pipeline burst near Model Town causing heavy water leakage on road",Water Department,Water Supply,Water Pipeline Leakage,HIGH
"please help me, streetlights turned off on main road near Railway Station Road for 3 nights",Electrical & Lighting Department,Street Lighting,Streetlight Off,MEDIUM
"hi assistant i am fine, sewage chamber is overflowing and sewage spreading on street near Connaught Place",Sanitation Department,Sanitation,Sewage Overflow,HIGH
"hi assistant i am fine, transformer se spark nikal raha hai near Model Town market",Electricity Department,Electricity,Transformer Sparking,CRITICAL
garbage has not been collected from Vasant Kunj for 7 days,Sanitation & Waste Department,Waste Management,Uncollected Garbage,MEDIUM
"please help me, road is completely broken with dangerous potholes everywhere",Public Works Department,Roads / PWD,Dangerous Pothole,HIGH
"please help me, nali overflow kar rahi hai Model Town ke raste pe",Municipal Drainage Department,Drainage,Drainage Overflow,HIGH
"please help me, open manhole hai road pe near Vasant Kunj",Public Works Department,Roads / PWD,Open Manhole Hazard,CRITICAL
streetlight pole broken and light fixture hanging near Rohini Sector 7,Electrical & Lighting Department,Street Lighting,Broken Lamp Pole,MEDIUM
"please help me, road par pipeline phat gayi hai",Water Department,Water Supply,Water Pipeline Leakage,HIGH
"please help me, nali overflow kar rahi hai Vasant Kunj ke raste pe",Municipal Drainage Department,Drainage,Drainage Overflow,HIGH
bhai listen transformer se spark nikal raha hai near Karol Bagh market,Electricity Department,Electricity,Transformer Sparking,CRITICAL
i am reporting an issue that big pothole on main road causing accidents and damage to vehicles,Public Works Department,Roads / PWD,Dangerous Pothole,HIGH
i am reporting an issue that stormwater drain is completely clogged with silt near Rohini Sector 7,Municipal Drainage Department,Drainage,Clogged Gutter,MEDIUM
bus stop shelter shade damaged and rusted near lajpat nagar,Municipal Transport Department,Transport,Bus Stop Damage,LOW
"please help me, urgent fogging required near rohini sector 7 due to mosquito menace and dengue threat",Public Health Department,Public Health,Vector Disease Control,HIGH
"please help me, exposed live electrical wire hanging dangerously near school in Model Town",Electricity Department,Electricity,Exposed Electrical Hazard,CRITICAL
severe waterlogging in Civil Lines after light rain due to choked drains,Municipal Drainage Department,Drainage,Waterlogging,HIGH
kachra 4 din se nahi uthaya gaya hai Railway Station Road se,Sanitation & Waste Department,Waste Management,Uncollected Garbage,MEDIUM
bhai listen sewage chamber is overflowing and sewage spreading on street near Lajpat Nagar,Sanitation Department,Sanitation,Sewage Overflow,HIGH
there is sewage overflowing from the chamber onto the walking path in Connaught Place,Sanitation Department,Sanitation,Sewage Overflow,HIGH
water pipe is leaking continuously on the main road,Water Department,Water Supply,Water Pipeline Leakage,HIGH
"hi assistant i am fine, severe foul odor coming from unmaintained public restroom near Model Town",Sanitation Department,Sanitation,Foul Smell / Unsanitary Area,MEDIUM
i am reporting an issue that stormwater drain is completely clogged with silt near Karol Bagh,Municipal Drainage Department,Drainage,Clogged Gutter,MEDIUM
bhai listen electricity transformer near Dwarka Sector 10 is sparking violently and emitting smoke,Electricity Department,Electricity,Transformer Sparking,CRITICAL
"good morning sir, stormwater drain is completely clogged with silt near Railway Station Road",Municipal Drainage Department,Drainage,Clogged Gutter,MEDIUM
i am reporting an issue that severe waterlogging in Dwarka Sector 10 after light rain due to choked drains,Municipal Drainage Department,Drainage,Waterlogging,HIGH
i am reporting an issue that the main road has huge deep potholes near Dwarka Sector 10,Public Works Department,Roads / PWD,Dangerous Pothole,HIGH
i am rahul shamram i am fine so the problem is that plague and disease spreading in Dwarka Sector 10 due to mosquitoes and stagnant water,Public Health Department,Public Health,Disease Outbreak,HIGH
hello sir my name is rahul and road construction work near Railway Station Road has been left incomplete for months,Public Works Department,Roads / PWD,Incomplete Road Construction,MEDIUM
bhai listen pipe leakage near Vasant Kunj wasting clean drinking water,Water Department,Water Supply,Water Pipeline Leakage,HIGH
i am reporting an issue that road construction work near Railway Station Road has been left incomplete for months,Public Works Department,Roads / PWD,Incomplete Road Construction,MEDIUM
i am rahul shamram i am fine so the problem is that severe waterlogging in Karol Bagh after light rain due to choked drains,Municipal Drainage Department,Drainage,Waterlogging,HIGH
"good morning sir, streetlights turned off on main road near Sector 17 for 7 nights",Electrical & Lighting Department,Street Lighting,Streetlight Off,MEDIUM
community waste bin overflowing near Karol Bagh,Sanitation & Waste Department,Waste Management,Garbage Dustbin Overflow,MEDIUM
traffic light kharab hai near Model Town chowk,Municipal Transport Department,Transport,Traffic Signal Defect,HIGH
hello sir my name is rahul and drainage gutter overflow inundating street water in Connaught Place,Municipal Drainage Department,Drainage,Drainage Overflow,HIGH
in our area there is sewage overflowing from the chamber onto the walking path in Model Town,Sanitation Department,Sanitation,Sewage Overflow,HIGH
in our area traffic light kharab hai near Dwarka Sector 10 chowk,Municipal Transport Department,Transport,Traffic Signal Defect,HIGH
"please help me, huge pile of uncollected trash dumped openly near Model Town",Sanitation & Waste Department,Waste Management,Open Waste Dumping,MEDIUM
severe waterlogging in Connaught Place after light rain due to choked drains,Municipal Drainage Department,Drainage,Waterlogging,HIGH
"good morning sir, severe foul odor coming from unmaintained public restroom near Lajpat Nagar",Sanitation Department,Sanitation,Foul Smell / Unsanitary Area,MEDIUM
hello sir my name is rahul and live electrical wire fallen on road near Civil Lines,Electricity Department,Electricity,Exposed Electrical Hazard,CRITICAL
"please help me, road par pipeline phat gayi hai",Water Department,Water Supply,Water Pipeline Leakage,HIGH
"please help me, drainage gutter overflow inundating street water in Model Town",Municipal Drainage Department,Drainage,Drainage Overflow,HIGH
bus stop shelter shade damaged and rusted near Rohini Sector 7,Municipal Transport Department,Transport,Bus Stop Damage,LOW
big pothole on main road causing accidents and damage to vehicles,Public Works Department,Roads / PWD,Dangerous Pothole,HIGH
hello sir my name is rahul and severe foul odor coming from unmaintained public restroom near Karol Bagh,Sanitation Department,Sanitation,Foul Smell / Unsanitary Area,MEDIUM
i am reporting an issue that traffic light kharab hai near Dwarka Sector 10 chowk,Municipal Transport Department,Transport,Traffic Signal Defect,HIGH
"good morning sir, bhai Lajpat Nagar ke paas rasta poora toota hua hai, pothole hain bohot",Public Works Department,Roads / PWD,Dangerous Pothole,HIGH
"i am rahul shamram i am fine so the problem is that bhai Sector 17 ke paas rasta poora toota hua hai, pothole hain bohot",Public Works Department,Roads / PWD,Dangerous Pothole,HIGH
hello sir my name is rahul and water pressure is very low,Water Department,Water Supply,Low Water Pressure,MEDIUM
i am reporting an issue that entire stretch of road near Civil Lines is pitch dark at night,Electrical & Lighting Department,Street Lighting,Dark Road Safety Concern,HIGH
"please help me, fever cases increasing in Railway Station Road suspected dengue mosquito infestation",Public Health Department,Public Health,Disease Outbreak,HIGH
"good morning sir, transformer se spark nikal raha hai near Connaught Place market",Electricity Department,Electricity,Transformer Sparking,CRITICAL
"good morning sir, dengue phail raha hai please fogging lagwao area me",Public Health Department,Public Health,Vector Disease Control,HIGH
"hi assistant i am fine, pipeline leak hai aur paani road par jama ho raha hai",Water Department,Water Supply,Water Pipeline Leakage,HIGH
kachra 4 din se nahi uthaya gaya hai Dwarka Sector 10 se,Sanitation & Waste Department,Waste Management,Uncollected Garbage,MEDIUM
in our area garbage has not been collected from Railway Station Road for 5 days,Sanitation & Waste Department,Waste Management,Uncollected Garbage,MEDIUM
"bhai listen paani ki supply bilkul band hai Civil Lines me, please help karo",Water Department,Water Supply,No Water Supply,HIGH
plague and disease spreading in Lajpat Nagar due to mosquitoes and stagnant water,Public Health Department,Public Health,Disease Outbreak,HIGH
"hi assistant i am fine, bijli 6 ghante se nahi hai Dwarka Sector 10 me",Electricity Department,Electricity,Power Outage,HIGH
i am reporting an issue that drainage gutter overflow inundating street water in Vasant Kunj,Municipal Drainage Department,Drainage,Drainage Overflow,HIGH
hello sir my name is rahul and streetlights turned off on main road near Civil Lines for 3 nights,Electrical & Lighting Department,Street Lighting,Streetlight Off,MEDIUM
i am reporting an issue that severe waterlogging in Karol Bagh after light rain due to choked drains,Municipal Drainage Department,Drainage,Waterlogging,HIGH
traffic signal lights not working at major intersection near Connaught Place,Municipal Transport Department,Transport,Traffic Signal Defect,HIGH
in our area bhai hamare area Sector 17 me 5 din se paani nahi aa raha hai,Water Department,Water Supply,No Water Supply,HIGH
nuisance and stench from dirty public toilet near Rohini Sector 7 market,Sanitation Department,Sanitation,Foul Smell / Unsanitary Area,MEDIUM
"good morning sir, traffic light kharab hai near Railway Station Road chowk",Municipal Transport Department,Transport,Traffic Signal Defect,HIGH
bhai listen community waste bin overflowing near Sector 17,Sanitation & Waste Department,Waste Management,Garbage Dustbin Overflow,MEDIUM
hello sir my name is rahul and streetlights turned off on main road near Dwarka Sector 10 for 5 nights,Electrical & Lighting Department,Street Lighting,Streetlight Off,MEDIUM
"hi assistant i am fine, sewage manhole overflow causing smell and filth on pavement near Karol Bagh",Sanitation Department,Sanitation,Sewage Overflow,HIGH
i am reporting an issue that drainage gutter overflow inundating street water in Connaught Place,Municipal Drainage Department,Drainage,Drainage Overflow,HIGH
hello sir my name is rahul and the main road has huge deep potholes near Dwarka Sector 10,Public Works Department,Roads / PWD,Dangerous Pothole,HIGH
bhai listen garbage has not been collected from Vasant Kunj for 7 days,Sanitation & Waste Department,Waste Management,Uncollected Garbage,MEDIUM
"please help me, garbage has not been collected from Railway Station Road for 4 days",Sanitation & Waste Department,Waste Management,Uncollected Garbage,MEDIUM
"please help me, drainage gutter overflow inundating street water in Vasant Kunj",Municipal Drainage Department,Drainage,Drainage Overflow,HIGH
nali overflow kar rahi hai Karol Bagh ke raste pe,Municipal Drainage Department,Drainage,Drainage Overflow,HIGH
bhai listen electric pole near Dwarka Sector 10 is leaning dangerously and about to fall,Electricity Department,Electricity,Damaged Electric Pole,HIGH
traffic signal lights not working at major intersection near Vasant Kunj,Municipal Transport Department,Transport,Traffic Signal Defect,HIGH
bhai listen traffic light kharab hai near Vasant Kunj chowk,Municipal Transport Department,Transport,Traffic Signal Defect,HIGH
bhai listen nali overflow kar rahi hai Lajpat Nagar ke raste pe,Municipal Drainage Department,Drainage,Drainage Overflow,HIGH
in our area streetlights turned off on main road near Connaught Place for 7 nights,Electrical & Lighting Department,Street Lighting,Streetlight Off,MEDIUM
hello sir my name is rahul and road is completely broken with dangerous potholes everywhere,Public Works Department,Roads / PWD,Dangerous Pothole,HIGH
"i am reporting an issue that bhai Dwarka Sector 10 ke paas rasta poora toota hua hai, pothole hain bohot",Public Works Department,Roads / PWD,Dangerous Pothole,HIGH
kachra 4 din se nahi uthaya gaya hai Lajpat Nagar se,Sanitation & Waste Department,Waste Management,Uncollected Garbage,MEDIUM
drainage gutter overflow inundating street water in Connaught Place,Municipal Drainage Department,Drainage,Drainage Overflow,HIGH
"hi assistant i am fine, dengue phail raha hai please fogging lagwao area me",Public Health Department,Public Health,Vector Disease Control,HIGH
live electrical wire fallen on road near model town,Electricity Department,Electricity,Exposed Electrical Hazard,CRITICAL
i am rahul shamram i am fine so the problem is that severe waterlogging in Civil Lines after light rain due to choked drains,Municipal Drainage Department,Drainage,Waterlogging,HIGH
"good morning sir, power supply has been out in Civil Lines for more than 3 hours",Electricity Department,Electricity,Power Outage,HIGH
i am rahul shamram i am fine so the problem is that drainage gutter overflow inundating street water in Lajpat Nagar,Municipal Drainage Department,Drainage,Drainage Overflow,HIGH
"please help me, plague and disease spreading in railway station road due to mosquitoes and stagnant water",Public Health Department,Public Health,Disease Outbreak,HIGH
i am rahul shamram i am fine so the problem is that plague and disease spreading in Dwarka Sector 10 due to mosquitoes and stagnant water,Public Health Department,Public Health,Disease Outbreak,HIGH
bhai listen the road condition near Dwarka Sector 10 is extremely bad and damaged,Public Works Department,Roads / PWD,Road Repair Needed,MEDIUM
i am reporting an issue that road is flooded because a water pipeline is leaking in Model Town,Water Department,Water Supply,Water Pipeline Leakage,HIGH
i am reporting an issue that there is a road on that road there is a pipe that is leaking and road is full of water,Water Department,Water Supply,Water Pipeline Leakage,HIGH
sewage chamber is overflowing and sewage spreading on street near Rohini Sector 7,Sanitation Department,Sanitation,Sewage Overflow,HIGH
sewage line overflowing near Civil Lines creating unsanitary conditions,Sanitation Department,Sanitation,Sewage Overflow,HIGH
i am rahul shamram i am fine so the problem is that streetlight pole broken and light fixture hanging near Dwarka Sector 10,Electrical & Lighting Department,Street Lighting,Broken Lamp Pole,MEDIUM
electric pole near Sector 17 is leaning dangerously and about to fall,Electricity Department,Electricity,Damaged Electric Pole,HIGH
"good morning sir, there is a road on that road there is a pipe that is leaking and road is full of water",Water Department,Water Supply,Water Pipeline Leakage,HIGH
hello sir my name is rahul and bus stop shelter shade damaged and rusted near Lajpat Nagar,Municipal Transport Department,Transport,Bus Stop Damage,LOW
i am rahul shamram i am fine so the problem is that sewage line overflowing near Karol Bagh creating unsanitary conditions,Sanitation Department,Sanitation,Sewage Overflow,HIGH
"good morning sir, the main road has huge deep potholes near Civil Lines",Public Works Department,Roads / PWD,Dangerous Pothole,HIGH
hello sir my name is rahul and sewage manhole overflow causing smell and filth on pavement near Lajpat Nagar,Sanitation Department,Sanitation,Sewage Overflow,HIGH
nali overflow kar rahi hai model town ke raste pe,Municipal Drainage Department,Drainage,Drainage Overflow,HIGH
in our area water is leaking from main underground pipeline onto the street,Water Department,Water Supply,Water Pipeline Leakage,HIGH
"please help me, street light 1 hafte se band hai Karol Bagh me",Electrical & Lighting Department,Street Lighting,Streetlight Off,MEDIUM
"good morning sir, there is a road on that road there is a pipe that is leaking and road is full of water",Water Department,Water Supply,Water Pipeline Leakage,HIGH
traffic signal lights not working at major intersection near Lajpat Nagar,Municipal Transport Department,Transport,Traffic Signal Defect,HIGH
bus stop shelter shade damaged and rusted near Sector 17,Municipal Transport Department,Transport,Bus Stop Damage,LOW
streetlights turned off on main road near Civil Lines for 5 nights,Electrical & Lighting Department,Street Lighting,Streetlight Off,MEDIUM
bus stop shelter shade damaged and rusted near Connaught Place,Municipal Transport Department,Transport,Bus Stop Damage,LOW
bhai listen plague and disease spreading in Lajpat Nagar due to mosquitoes and stagnant water,Public Health Department,Public Health,Disease Outbreak,HIGH
"hi assistant i am fine, road ki condition bahut kharab hai Vasant Kunj me",Public Works Department,Roads / PWD,Road Repair Needed,MEDIUM
"hi assistant i am fine, no water coming out of kitchen tap since this morning",Water Department,Water Supply,No Water Supply,HIGH
"good morning sir, traffic signal lights not working at major intersection near Civil Lines",Municipal Transport Department,Transport,Traffic Signal Defect,HIGH
streetlights turned off on main road near Karol Bagh for 4 nights,Electrical & Lighting Department,Street Lighting,Streetlight Off,MEDIUM
community waste bin overflowing near Rohini Sector 7,Sanitation & Waste Department,Waste Management,Garbage Dustbin Overflow,MEDIUM
"please help me, streetlights turned off on main road near Karol Bagh for 2 nights",Electrical & Lighting Department,Street Lighting,Streetlight Off,MEDIUM
i am reporting an issue that the main road has huge deep potholes near Civil Lines,Public Works Department,Roads / PWD,Dangerous Pothole,HIGH
hello sir my name is rahul and paani nahi aa raha ghar mein,Water Department,Water Supply,No Water Supply,HIGH
garbage has not been collected from Lajpat Nagar for 7 days,Sanitation & Waste Department,Waste Management,Uncollected Garbage,MEDIUM
bhai listen community waste bin overflowing near Rohini Sector 7,Sanitation & Waste Department,Waste Management,Garbage Dustbin Overflow,MEDIUM
"please help me, frequent voltage fluctuations and power cuts in Karol Bagh area",Electricity Department,Electricity,Power Outage,HIGH
"good morning sir, bijli 6 ghante se nahi hai Model Town me",Electricity Department,Electricity,Power Outage,HIGH
there is sewage overflowing from the chamber onto the walking path in Model Town,Sanitation Department,Sanitation,Sewage Overflow,HIGH
garbage has not been collected from Model Town for 5 days,Sanitation & Waste Department,Waste Management,Uncollected Garbage,MEDIUM
i am reporting an issue that mosquito se dengue ho raha hai area me fogging ki zaroorat hai,Public Health Department,Public Health,Vector Disease Control,HIGH
mosquito se dengue ho raha hai area me fogging ki zaroorat hai,Public Health Department,Public Health,Vector Disease Control,HIGH
paani ki pipe leak ho gayi hai sadak par,Water Department,Water Supply,Water Pipeline Leakage,HIGH
bhai listen drainage gutter overflow inundating street water in Connaught Place,Municipal Drainage Department,Drainage,Drainage Overflow,HIGH
bhai listen garbage has not been collected from Model Town for 2 days,Sanitation & Waste Department,Waste Management,Uncollected Garbage,MEDIUM
severe foul odor coming from unmaintained public restroom near vasant kunj,Sanitation Department,Sanitation,Foul Smell / Unsanitary Area,MEDIUM
live electrical wire fallen on road near railway station road,Electricity Department,Electricity,Exposed Electrical Hazard,CRITICAL
i am reporting an issue that sewage line overflowing near Connaught Place creating unsanitary conditions,Sanitation Department,Sanitation,Sewage Overflow,HIGH
road construction work near dwarka sector 10 has been left incomplete for months,Public Works Department,Roads / PWD,Incomplete Road Construction,MEDIUM
traffic light kharab hai near Railway Station Road chowk,Municipal Transport Department,Transport,Traffic Signal Defect,HIGH
i am rahul shamram i am fine so the problem is that nali overflow kar rahi hai Sector 17 ke raste pe,Municipal Drainage Department,Drainage,Drainage Overflow,HIGH
i am reporting an issue that there is sewage overflowing from the chamber onto the walking path in Vasant Kunj,Sanitation Department,Sanitation,Sewage Overflow,HIGH
"good morning sir, traffic signal lights not working at major intersection near model town",Municipal Transport Department,Transport,Traffic Signal Defect,HIGH
i am reporting an issue that streetlights turned off on main road near Connaught Place for 3 nights,Electrical & Lighting Department,Street Lighting,Streetlight Off,MEDIUM
hello sir my name is rahul and kachra 4 din se nahi uthaya gaya hai Rohini Sector 7 se,Sanitation & Waste Department,Waste Management,Uncollected Garbage,MEDIUM
bhai listen kachra 4 din se nahi uthaya gaya hai Connaught Place se,Sanitation & Waste Department,Waste Management,Uncollected Garbage,MEDIUM
"fogging karwao area me, dengue phail raha hai",Public Health Department,Public Health,Vector Disease Control,HIGH
i am reporting an issue that streetlight pole broken and light fixture hanging near Model Town,Electrical & Lighting Department,Street Lighting,Broken Lamp Pole,MEDIUM
"hi assistant i am fine, streetlight pole broken and light fixture hanging near Connaught Place",Electrical & Lighting Department,Street Lighting,Broken Lamp Pole,MEDIUM
hello sir my name is rahul and big pothole on main road causing accidents and damage to vehicles,Public Works Department,Roads / PWD,Dangerous Pothole,HIGH
"hi assistant i am fine, bus stop shelter shade damaged and rusted near Model Town",Municipal Transport Department,Transport,Bus Stop Damage,LOW
"hi assistant i am fine, bimari phail rahi hai please health department ko bhejo Civil Lines me",Public Health Department,Public Health,Disease Outbreak,HIGH
there are large potholes on the road making driving very dangerous,Public Works Department,Roads / PWD,Dangerous Pothole,HIGH
bhai listen huge pile of uncollected trash dumped openly near Dwarka Sector 10,Sanitation & Waste Department,Waste Management,Open Waste Dumping,MEDIUM
hello sir my name is rahul and community waste bin overflowing near Rohini Sector 7,Sanitation & Waste Department,Waste Management,Garbage Dustbin Overflow,MEDIUM
in our area bus stop shelter shade damaged and rusted near Rohini Sector 7,Municipal Transport Department,Transport,Bus Stop Damage,LOW
i am reporting an issue that frequent voltage fluctuations and power cuts in Dwarka Sector 10 area,Electricity Department,Electricity,Power Outage,HIGH
in our area bijli 6 ghante se nahi hai Connaught Place me,Electricity Department,Electricity,Power Outage,HIGH
"i am rahul shamram i am fine so the problem is that malaria aur dengue ke case badh rahe hain Rohini Sector 7 me, fogging karo",Public Health Department,Public Health,Vector Disease Control,HIGH
i am reporting an issue that water pipe leak ho gaya hai Railway Station Road market ke paas,Water Department,Water Supply,Water Pipeline Leakage,HIGH
huge pile of uncollected trash dumped openly near Sector 17,Sanitation & Waste Department,Waste Management,Open Waste Dumping,MEDIUM
"hi assistant i am fine, ganda paani aa raha hai tap me Karol Bagh ke andar",Water Department,Water Supply,Contaminated / Dirty Water,HIGH
"good morning sir, stormwater drain is completely clogged with silt near Karol Bagh",Municipal Drainage Department,Drainage,Clogged Gutter,MEDIUM
bhai listen community waste bin overflowing near Sector 17,Sanitation & Waste Department,Waste Management,Garbage Dustbin Overflow,MEDIUM
"hi assistant i am fine, big pothole on main road causing accidents and damage to vehicles",Public Works Department,Roads / PWD,Dangerous Pothole,HIGH
i am reporting an issue that the road condition near Rohini Sector 7 is extremely bad and damaged,Public Works Department,Roads / PWD,Road Repair Needed,MEDIUM
bhai listen frequent voltage fluctuations and power cuts in Dwarka Sector 10 area,Electricity Department,Electricity,Power Outage,HIGH
"hi assistant i am fine, paani sadak par beh raha hai pipe leak hone ki wajah se",Water Department,Water Supply,Water Pipeline Leakage,HIGH
garbage has not been collected from Vasant Kunj for 4 days,Sanitation & Waste Department,Waste Management,Uncollected Garbage,MEDIUM
in our area severe waterlogging in Model Town after light rain due to choked drains,Municipal Drainage Department,Drainage,Waterlogging,HIGH
"please help me, there is sewage overflowing from the chamber onto the walking path in sector 17",Sanitation Department,Sanitation,Sewage Overflow,HIGH
bhai listen traffic light kharab hai near Sector 17 chowk,Municipal Transport Department,Transport,Traffic Signal Defect,HIGH
bhai listen community waste bin overflowing near Sector 17,Sanitation & Waste Department,Waste Management,Garbage Dustbin Overflow,MEDIUM
"hi assistant i am fine, water comes with very poor low pressure in Vasant Kunj",Water Department,Water Supply,Low Water Pressure,MEDIUM
pothole on road needs urgent repair before an accident happens,Public Works Department,Roads / PWD,Dangerous Pothole,HIGH
mosquito se dengue ho raha hai area me fogging ki zaroorat hai,Public Health Department,Public Health,Vector Disease Control,HIGH
"good morning sir, traffic light kharab hai near civil lines chowk",Municipal Transport Department,Transport,Traffic Signal Defect,HIGH
streetlight pole broken and light fixture hanging near Karol Bagh,Electrical & Lighting Department,Street Lighting,Broken Lamp Pole,MEDIUM
"good morning sir, the road condition near Dwarka Sector 10 is extremely bad and damaged",Public Works Department,Roads / PWD,Road Repair Needed,MEDIUM
"please help me, streetlights turned off on main road near Civil Lines for 3 nights",Electrical & Lighting Department,Street Lighting,Streetlight Off,MEDIUM
mosquito se dengue ho raha hai area me fogging ki zaroorat hai,Public Health Department,Public Health,Vector Disease Control,HIGH
"hi assistant i am fine, stormwater drain is completely clogged with silt near Vasant Kunj",Municipal Drainage Department,Drainage,Clogged Gutter,MEDIUM
i am rahul shamram i am fine so the problem is that sewage ka paani raste pe beh raha hai near Karol Bagh,Sanitation Department,Sanitation,Sewage Overflow,HIGH
"bhai listen paani ki supply bilkul band hai Sector 17 me, please help karo",Water Department,Water Supply,No Water Supply,HIGH
"please help me, kachra 4 din se nahi uthaya gaya hai Karol Bagh se",Sanitation & Waste Department,Waste Management,Uncollected Garbage,MEDIUM
urgent fogging required near Civil Lines due to mosquito menace and dengue threat,Public Health Department,Public Health,Vector Disease Control,HIGH
in our area big pothole on main road causing accidents and damage to vehicles,Public Works Department,Roads / PWD,Dangerous Pothole,HIGH
i am rahul shamram i am fine so the problem is that nuisance and stench from dirty public toilet near Vasant Kunj market,Sanitation Department,Sanitation,Foul Smell / Unsanitary Area,MEDIUM
i am rahul shamram i am fine so the problem is that urgent fogging required near Connaught Place due to mosquito menace and dengue threat,Public Health Department,Public Health,Vector Disease Control,HIGH
in our area drainage gutter overflow inundating street water in Railway Station Road,Municipal Drainage Department,Drainage,Drainage Overflow,HIGH
"please help me, bus stop shelter shade damaged and rusted near Rohini Sector 7",Municipal Transport Department,Transport,Bus Stop Damage,LOW
"please help me, bus stop shelter shade damaged and rusted near Lajpat Nagar",Municipal Transport Department,Transport,Bus Stop Damage,LOW
bhai listen open manhole hai road pe near Sector 17,Public Works Department,Roads / PWD,Open Manhole Hazard,CRITICAL
hello sir my name is rahul and streetlight pole broken and light fixture hanging near Model Town,Electrical & Lighting Department,Street Lighting,Broken Lamp Pole,MEDIUM
hello sir my name is rahul and severe waterlogging in Connaught Place after light rain due to choked drains,Municipal Drainage Department,Drainage,Waterlogging,HIGH
i am reporting an issue that live electrical wire fallen on road near rohini sector 7,Electricity Department,Electricity,Exposed Electrical Hazard,CRITICAL
plague and disease spreading in Sector 17 due to mosquitoes and stagnant water,Public Health Department,Public Health,Disease Outbreak,HIGH
hello sir my name is rahul and public toilet is closed and locked since 4 days near Dwarka Sector 10,Sanitation Department,Sanitation,Public Toilet Cleaning,MEDIUM
water is coming out of a broken pipe on the road near Dwarka Sector 10,Water Department,Water Supply,Water Pipeline Leakage,HIGH
"hi assistant i am fine, public toilet is closed and locked since 7 days near Vasant Kunj",Sanitation Department,Sanitation,Public Toilet Cleaning,MEDIUM
pipeline phat gayi hai Railway Station Road ke paas road par,Water Department,Water Supply,Water Pipeline Leakage,HIGH
public toilet is closed and locked since 4 days near Sector 17,Sanitation Department,Sanitation,Public Toilet Cleaning,MEDIUM
"hi assistant i am fine, pipeline leak hai aur paani road par jama ho raha hai",Water Department,Water Supply,Water Pipeline Leakage,HIGH
broken water pipeline is flooding the street in Lajpat Nagar,Water Department,Water Supply,Water Pipeline Leakage,HIGH
"good morning sir, severe waterlogging in lajpat nagar after light rain due to choked drains",Municipal Drainage Department,Drainage,Waterlogging,HIGH
hello sir my name is rahul and traffic light kharab hai near Railway Station Road chowk,Municipal Transport Department,Transport,Traffic Signal Defect,HIGH
bhai listen streetlights turned off on main road near Connaught Place for 3 nights,Electrical & Lighting Department,Street Lighting,Streetlight Off,MEDIUM
i am rahul shamram i am fine so the problem is that there is water on road due to broken pipeline near Vasant Kunj,Water Department,Water Supply,Water Pipeline Leakage,HIGH
streetlights turned off on main road near Connaught Place for 4 nights,Electrical & Lighting Department,Street Lighting,Streetlight Off,MEDIUM
bhai listen streetlights turned off on main road near Dwarka Sector 10 for 7 nights,Electrical & Lighting Department,Street Lighting,Streetlight Off,MEDIUM
bhai listen water pipe is leaking continuously on the main road,Water Department,Water Supply,Water Pipeline Leakage,HIGH
electricity transformer near Rohini Sector 7 is sparking violently and emitting smoke,Electricity Department,Electricity,Transformer Sparking,CRITICAL
bhai listen frequent voltage fluctuations and power cuts in Sector 17 area,Electricity Department,Electricity,Power Outage,HIGH
"good morning sir, bhai hamare area Model Town me 5 din se paani nahi aa raha hai",Water Department,Water Supply,No Water Supply,HIGH
i am rahul shamram i am fine so the problem is that kachra 4 din se nahi uthaya gaya hai karol bagh se,Sanitation & Waste Department,Waste Management,Uncollected Garbage,MEDIUM
frequent voltage fluctuations and power cuts in Civil Lines area,Electricity Department,Electricity,Power Outage,HIGH
street light 1 hafte se band hai model town me,Electrical & Lighting Department,Street Lighting,Streetlight Off,MEDIUM
"please help me, the road condition near Connaught Place is extremely bad and damaged",Public Works Department,Roads / PWD,Road Repair Needed,MEDIUM
i am reporting an issue that public toilet near Rohini Sector 7 is extremely filthy and not cleaned,Sanitation Department,Sanitation,Public Toilet Cleaning,MEDIUM
"hi assistant i am fine, machhar bohot ho gaye hain stagnant water ke wajah se connaught place me",Public Health Department,Public Health,Mosquito Breeding Hazard,HIGH
"please help me, pipe leakage near Civil Lines wasting clean drinking water",Water Department,Water Supply,Water Pipeline Leakage,HIGH
community waste bin overflowing near Sector 17,Sanitation & Waste Department,Waste Management,Garbage Dustbin Overflow,MEDIUM
bus stop shelter shade damaged and rusted near Rohini Sector 7,Municipal Transport Department,Transport,Bus Stop Damage,LOW
"please help me, water is coming out of a broken pipe on the road near Lajpat Nagar",Water Department,Water Supply,Water Pipeline Leakage,HIGH
open manhole on main road near Dwarka Sector 10 poses severe danger to pedestrians,Public Works Department,Roads / PWD,Open Manhole Hazard,CRITICAL
bhai listen street light 1 hafte se band hai Lajpat Nagar me,Electrical & Lighting Department,Street Lighting,Streetlight Off,MEDIUM
i am reporting an issue that pothole on road needs urgent repair before an accident happens,Public Works Department,Roads / PWD,Dangerous Pothole,HIGH
frequent voltage fluctuations and power cuts in Railway Station Road area,Electricity Department,Electricity,Power Outage,HIGH
"good morning sir, bijli 6 ghante se nahi hai Model Town me",Electricity Department,Electricity,Power Outage,HIGH
water has stopped coming in lajpat nagar since monday,Water Department,Water Supply,No Water Supply,HIGH
hello sir my name is rahul and public toilet is closed and locked since 3 days near Connaught Place,Sanitation Department,Sanitation,Public Toilet Cleaning,MEDIUM
"hi assistant i am fine, bus stop shelter shade damaged and rusted near Karol Bagh",Municipal Transport Department,Transport,Bus Stop Damage,LOW
"hi assistant i am fine, urgent fogging required near Dwarka Sector 10 due to mosquito menace and dengue threat",Public Health Department,Public Health,Vector Disease Control,HIGH
garbage has not been collected from Civil Lines for 5 days,Sanitation & Waste Department,Waste Management,Uncollected Garbage,MEDIUM
i am rahul shamram i am fine so the problem is that there is sewage overflowing from the chamber onto the walking path in Karol Bagh,Sanitation Department,Sanitation,Sewage Overflow,HIGH
"hi assistant i am fine, paani sadak par beh raha hai pipe leak hone ki wajah se",Water Department,Water Supply,Water Pipeline Leakage,HIGH
"good morning sir, there is a huge pothole on the main road",Public Works Department,Roads / PWD,Dangerous Pothole,HIGH
footpath is broken and paved tiles are missing near Karol Bagh,Public Works Department,Roads / PWD,Broken Footpath,LOW
exposed live electrical wire hanging dangerously near school in Model Town,Electricity Department,Electricity,Exposed Electrical Hazard,CRITICAL
i am reporting an issue that footpath is broken and paved tiles are missing near Dwarka Sector 10,Public Works Department,Roads / PWD,Broken Footpath,LOW
drainage gutter overflow inundating street water in Civil Lines,Municipal Drainage Department,Drainage,Drainage Overflow,HIGH
"please help me, garbage has not been collected from Rohini Sector 7 for 3 days",Sanitation & Waste Department,Waste Management,Uncollected Garbage,MEDIUM
in our area sewage chamber is overflowing and sewage spreading on street near Sector 17,Sanitation Department,Sanitation,Sewage Overflow,HIGH
"good morning sir, traffic light kharab hai near Karol Bagh chowk",Municipal Transport Department,Transport,Traffic Signal Defect,HIGH
paani ki pipe leak ho gayi hai sadak par,Water Department,Water Supply,Water Pipeline Leakage,HIGH
i am reporting an issue that open manhole on main road near Civil Lines poses severe danger to pedestrians,Public Works Department,Roads / PWD,Open Manhole Hazard,CRITICAL
"good morning sir, sewage manhole overflow causing smell and filth on pavement near Civil Lines",Sanitation Department,Sanitation,Sewage Overflow,HIGH
in our area traffic signal lights not working at major intersection near Dwarka Sector 10,Municipal Transport Department,Transport,Traffic Signal Defect,HIGH
i am rahul shamram i am fine so the problem is that stormwater drain is completely clogged with silt near Model Town,Municipal Drainage Department,Drainage,Clogged Gutter,MEDIUM
kachra 4 din se nahi uthaya gaya hai Sector 17 se,Sanitation & Waste Department,Waste Management,Uncollected Garbage,MEDIUM
hello sir my name is rahul and kachra 4 din se nahi uthaya gaya hai rohini sector 7 se,Sanitation & Waste Department,Waste Management,Uncollected Garbage,MEDIUM
i am rahul shamram i am fine so the problem is that sewage line overflowing near Civil Lines creating unsanitary conditions,Sanitation Department,Sanitation,Sewage Overflow,HIGH
nali overflow kar rahi hai Dwarka Sector 10 ke raste pe,Municipal Drainage Department,Drainage,Drainage Overflow,HIGH
in our area stormwater drain is completely clogged with silt near Karol Bagh,Municipal Drainage Department,Drainage,Clogged Gutter,MEDIUM
"please help me, bimari phail rahi hai please health department ko bhejo Model Town me",Public Health Department,Public Health,Disease Outbreak,HIGH
hello sir my name is rahul and traffic signal lights not working at major intersection near civil lines,Municipal Transport Department,Transport,Traffic Signal Defect,HIGH
i am reporting an issue that there is a road on that road there is a pipe that is leaking and road is full of water,Water Department,Water Supply,Water Pipeline Leakage,HIGH
in our area traffic light kharab hai near Civil Lines chowk,Municipal Transport Department,Transport,Traffic Signal Defect,HIGH
bhai listen kachra 4 din se nahi uthaya gaya hai Dwarka Sector 10 se,Sanitation & Waste Department,Waste Management,Uncollected Garbage,MEDIUM
in our area streetlight pole broken and light fixture hanging near Karol Bagh,Electrical & Lighting Department,Street Lighting,Broken Lamp Pole,MEDIUM
"i am rahul shamram i am fine so the problem is that malaria aur dengue ke case badh rahe hain Lajpat Nagar me, fogging karo",Public Health Department,Public Health,Vector Disease Control,HIGH
bus stop shelter shade damaged and rusted near Karol Bagh,Municipal Transport Department,Transport,Bus Stop Damage,LOW
bhai listen open manhole on main road near Sector 17 poses severe danger to pedestrians,Public Works Department,Roads / PWD,Open Manhole Hazard,CRITICAL
severe waterlogging in Dwarka Sector 10 after light rain due to choked drains,Municipal Drainage Department,Drainage,Waterlogging,HIGH
exposed live electrical wire hanging dangerously near school in Karol Bagh,Electricity Department,Electricity,Exposed Electrical Hazard,CRITICAL
"good morning sir, contaminated foul smelling water in supply line near Rohini Sector 7",Water Department,Water Supply,Contaminated / Dirty Water,HIGH
huge pile of uncollected trash dumped openly near Dwarka Sector 10,Sanitation & Waste Department,Waste Management,Open Waste Dumping,MEDIUM
in our area stormwater drain is completely clogged with silt near Lajpat Nagar,Municipal Drainage Department,Drainage,Clogged Gutter,MEDIUM
in our area transformer se spark nikal raha hai near Connaught Place market,Electricity Department,Electricity,Transformer Sparking,CRITICAL
"good morning sir, malaria aur dengue ke case badh rahe hain Railway Station Road me, fogging karo",Public Health Department,Public Health,Vector Disease Control,HIGH
the road condition near Connaught Place is extremely bad and damaged,Public Works Department,Roads / PWD,Road Repair Needed,MEDIUM
i am reporting an issue that sewage ka paani raste pe beh raha hai near Vasant Kunj,Sanitation Department,Sanitation,Sewage Overflow,HIGH
streetlight pole broken and light fixture hanging near Civil Lines,Electrical & Lighting Department,Street Lighting,Broken Lamp Pole,MEDIUM
pipeline phat gayi hai Lajpat Nagar ke paas road par,Water Department,Water Supply,Water Pipeline Leakage,HIGH
