text,department,category,subcategory,priority
Fumigation and mosquito fogging required urgently in Connaught Place area.,Public Health Department,Public Health,Vector Disease Control,HIGH
road is completely dug up near chandni chowk and no barricades put.,Public Works Department,Roads / PWD,Dangerous Pothole,HIGH
"street light 1 hafte se band hai Dwarka Sector 10 me, andhera rehta hai.",Electrical & Lighting Department,Street Lighting,Daytime Light On,LOW
"Street lights remain turned on during daytime near Sector 17, wasting electricity.",Electrical & Lighting Department,Street Lighting,Dark Road Safety Concern,HIGH
footpath is broken and paved tiles are missing near rajouri garden.,Public Works Department,Roads / PWD,Open Manhole Hazard,CRITICAL
Drainage gutter overflow inundating street water in Railway Station Road.,Municipal Drainage Department,Drainage,Drainage Overflow,HIGH
There is a major water shortage in our colony near Ring Road Junction.,Water Department,Water Supply,Water Meter Defect,LOW
traffic signal blinking red continuously at civil lines intersection.,Municipal Transport Department,Transport,Public Transport Facility,LOW
public toilet bahut ganda hai near Kashmere Gate bus stand.,Sanitation Department,Sanitation,Foul Smell / Unsanitary Area,MEDIUM
Huge pile of uncollected trash dumped openly near Chandni Chowk corner.,Sanitation & Waste Department,Waste Management,Open Waste Dumping,MEDIUM
nali overflow kar rahi hai rajouri garden ke raste pe.,Municipal Drainage Department,Drainage,Stormwater Drain Blockage,HIGH
Sewage line overflowing near Rohini Sector 7 creating unsanitary conditions.,Sanitation Department,Sanitation,Public Sanitation Nuisance,MEDIUM
"STREET LIGHT 1 HAFTE SE BAND HAI PITAMPURA ME, ANDHERA REHTA HAI.",Electrical & Lighting Department,Street Lighting,Dark Road Safety Concern,HIGH
non-functional street lamps along main highway stretch near dwarka sector 10.,Electrical & Lighting Department,Street Lighting,Dark Road Safety Concern,HIGH
water pipe leak ho gaya hai GT Road market ke paas.,Water Department,Water Supply,Water Meter Defect,LOW
Sewage line overflowing near Kashmere Gate creating unsanitary conditions.,Sanitation Department,Sanitation,Public Sanitation Nuisance,MEDIUM
"TRAFFIC LIGHT KHARAB HAI NEAR DWARKA SECTOR 10 CHOWK, JAM LAG RAHA HAI.",Municipal Transport Department,Transport,Public Transport Facility,LOW
traffic signal blinking red continuously at Vasant Kunj intersection.,Municipal Transport Department,Transport,Traffic Signal Defect,HIGH
Garbage has not been collected from GT Road for 10 days.,Sanitation & Waste Department,Waste Management,Uncollected Garbage,MEDIUM
MAIN WATER SUPPLY PIPELINE DAMAGED DURING ROAD WORK IN CONNAUGHT PLACE.,Water Department,Water Supply,No Water Supply,HIGH
Exposed live electrical wire hanging dangerously near school entrance in Lajpat Nagar.,Electricity Department,Electricity,Power Outage,HIGH
Huge pile of uncollected trash dumped openly near Mayur Vihar Phase 1 corner.,Sanitation & Waste Department,Waste Management,Open Waste Dumping,MEDIUM
our taps have been completely dry since tuesday.,Water Department,Water Supply,Water Pipeline Leakage,HIGH
door-to-door sanitation truck hasn't visited rajouri garden this week.,Sanitation & Waste Department,Waste Management,Irregular Door-to-Door Collection,LOW
water comes for only 10 minutes in the morning with very poor pressure at karol bagh.,Water Department,Water Supply,Water Pipeline Leakage,HIGH
Power transformer overloaded and sparking near Model Town residential block.,Electricity Department,Electricity,Low Voltage Issue,MEDIUM
electric pole near railway station road is leaning dangerously and about to fall.,Electricity Department,Electricity,Power Outage,HIGH
DRAINAGE GUTTER OVERFLOW INUNDATING STREET WATER IN RAILWAY STATION ROAD.,Municipal Drainage Department,Drainage,Waterlogging,HIGH
No proper bus seating shed or display board at Janakpuri stop.,Municipal Transport Department,Transport,Illegal Bus Parking,MEDIUM
transformer se spark nikal raha hai near mayur vihar phase 1 market.,Electricity Department,Electricity,Low Voltage Issue,MEDIUM
transformer se spark nikal raha hai near kashmere gate market.,Electricity Department,Electricity,Transformer Sparking,CRITICAL
sanitation condition is very bad near Sector 17 market area.,Sanitation Department,Sanitation,Sewage Overflow,HIGH
Dirty brown water is coming from the tap in Karol Bagh.,Water Department,Water Supply,Contaminated / Dirty Water,HIGH
Overflowing sewage chamber creating severe health hazard near Connaught Place residential flats.,Sanitation Department,Sanitation,Public Toilet Cleaning,MEDIUM
sewage ka paani raste pe beh raha hai near Ring Road Junction.,Sanitation Department,Sanitation,Public Toilet Cleaning,MEDIUM
sanitation condition is very bad near pitampura market area.,Sanitation Department,Sanitation,Public Sanitation Nuisance,MEDIUM
"Road ki condition bahut kharab hai Preet Vihar me, accident ho rahe hain.",Public Works Department,Roads / PWD,Broken Footpath,LOW
Pest infestation and open unhygienic waste near Pitampura food market.,Public Health Department,Public Health,Vector Disease Control,HIGH
Entire stretch of road near Sector 17 is pitch dark at night creating safety hazard.,Electrical & Lighting Department,Street Lighting,Daytime Light On,LOW
Stormwater drain is completely clogged with silt near Rohini Sector 7.,Municipal Drainage Department,Drainage,Drainage Overflow,HIGH
Sewage and drain water entering houses in Janakpuri locality.,Municipal Drainage Department,Drainage,Drainage Overflow,HIGH
Sewage and drain water entering houses in Preet Vihar locality.,Municipal Drainage Department,Drainage,Drainage Overflow,HIGH
Garbage has not been collected from Preet Vihar for 5 days.,Sanitation & Waste Department,Waste Management,Uncollected Garbage,MEDIUM
machhar bohot ho gaye hain stagnant water ke wajah se Karol Bagh me.,Public Health Department,Public Health,Vector Disease Control,HIGH
Garbage has not been collected from Kashmere Gate for 3 days.,Sanitation & Waste Department,Waste Management,Uncollected Garbage,MEDIUM
dark street near sector 17 making it unsafe for women at night.,Electrical & Lighting Department,Street Lighting,Streetlight Off,MEDIUM
SEWAGE LINE OVERFLOWING NEAR CHANDNI CHOWK CREATING UNSANITARY CONDITIONS.,Sanitation Department,Sanitation,Sewage Overflow,HIGH
Main junction near Rohini Sector 7 has huge potholes damaging vehicles daily.,Public Works Department,Roads / PWD,Road Repair Needed,MEDIUM
"BAARISH KE BAAD GT ROAD ME PAANI BHAR GAYA HAI, DRAIN BLOCKED HAI.",Municipal Drainage Department,Drainage,Clogged Gutter,MEDIUM
garbage dump ho raha hai open space me near Ring Road Junction.,Sanitation & Waste Department,Waste Management,Garbage Dustbin Overflow,MEDIUM
traffic signal blinking red continuously at civil lines intersection.,Municipal Transport Department,Transport,Public Transport Facility,LOW
Rotting organic waste creating intense stench near Lajpat Nagar main market.,Sanitation & Waste Department,Waste Management,Open Waste Dumping,MEDIUM
Clogged stormwater channel causing 2 feet water accumulation in Railway Station Road.,Municipal Drainage Department,Drainage,Clogged Gutter,MEDIUM
Community waste bin overflowing near Rohini Sector 7 attracting flies and stray animals.,Sanitation & Waste Department,Waste Management,Uncollected Garbage,MEDIUM
HIGH VOLTAGE SURGE BURNT ELECTRICAL APPLIANCES IN CHANDNI CHOWK.,Electricity Department,Electricity,Damaged Electric Pole,HIGH
"fogging karwao Model Town area me, dengue cases badh rahe hain.",Public Health Department,Public Health,Food Hygiene Violation,MEDIUM
Sewage and drain water entering houses in Janakpuri locality.,Municipal Drainage Department,Drainage,Waterlogging,HIGH
Asphalt has caved in near Kashmere Gate creating a dangerous road depression.,Public Works Department,Roads / PWD,Road Repair Needed,MEDIUM
light pole toota hua hai near Lajpat Nagar park.,Electrical & Lighting Department,Street Lighting,Daytime Light On,LOW
"fogging karwao Model Town area me, dengue cases badh rahe hain.",Public Health Department,Public Health,Stray Animal Nuisance,MEDIUM
Entire stretch of road near GT Road is pitch dark at night creating safety hazard.,Electrical & Lighting Department,Street Lighting,Streetlight Off,MEDIUM
"paani ki supply bilkul band hai Pitampura me, please help karo.",Water Department,Water Supply,Water Meter Defect,LOW
"FOGGING KARWAO ROHINI SECTOR 7 AREA ME, DENGUE CASES BADH RAHE HAIN.",Public Health Department,Public Health,Mosquito Breeding Hazard,HIGH
Streetlights turned off on main road near Civil Lines for 3 nights.,Electrical & Lighting Department,Street Lighting,Dark Road Safety Concern,HIGH
FOOTPATH BROKEN HAI NEAR SECTOR 17 STATION AREA.,Public Works Department,Roads / PWD,Dangerous Pothole,HIGH
Our taps have been completely dry since yesterday.,Water Department,Water Supply,Water Pipeline Leakage,HIGH
traffic signal blinking red continuously at Lajpat Nagar intersection.,Municipal Transport Department,Transport,Illegal Bus Parking,MEDIUM
Sewage line overflowing near GT Road creating unsanitary conditions.,Sanitation Department,Sanitation,Public Toilet Cleaning,MEDIUM
"street light 1 hafte se band hai lajpat nagar me, andhera rehta hai.",Electrical & Lighting Department,Street Lighting,Daytime Light On,LOW
non-functional street lamps along main highway stretch near karol bagh.,Electrical & Lighting Department,Street Lighting,Daytime Light On,LOW
Complete blackout in GT Road locality since yesterday night.,Electricity Department,Electricity,Low Voltage Issue,MEDIUM
garbage dump ho raha hai open space me near karol bagh.,Sanitation & Waste Department,Waste Management,Open Waste Dumping,MEDIUM
public toilet bahut ganda hai near Ring Road Junction bus stand.,Sanitation Department,Sanitation,Sewage Overflow,HIGH
sewage ka paani raste pe beh raha hai near Vasant Kunj.,Sanitation Department,Sanitation,Public Toilet Cleaning,MEDIUM
urgent mosquito spray drive needed in connaught place due to malaria outbreak risk.,Public Health Department,Public Health,Food Hygiene Violation,MEDIUM
streetlight pole broken and light fixture hanging near mayur vihar phase 1.,Electrical & Lighting Department,Street Lighting,Dark Road Safety Concern,HIGH
No proper bus seating shed or display board at Janakpuri stop.,Municipal Transport Department,Transport,Illegal Bus Parking,MEDIUM
Stray dogs aggressiveness causing safety fear near Pitampura park.,Public Health Department,Public Health,Stray Animal Nuisance,MEDIUM
traffic signal blinking red continuously at ring road junction intersection.,Municipal Transport Department,Transport,Public Transport Facility,LOW
Streetlight pole broken and light fixture hanging near Sector 17.,Electrical & Lighting Department,Street Lighting,Dark Road Safety Concern,HIGH
our taps have been completely dry since yesterday.,Water Department,Water Supply,Contaminated / Dirty Water,HIGH
Sewage and drain water entering houses in Railway Station Road locality.,Municipal Drainage Department,Drainage,Waterlogging,HIGH
Stray dogs aggressiveness causing safety fear near Preet Vihar park.,Public Health Department,Public Health,Stray Animal Nuisance,MEDIUM
light pole toota hua hai near Dwarka Sector 10 park.,Electrical & Lighting Department,Street Lighting,Dark Road Safety Concern,HIGH
Stormwater drain is completely clogged with silt near Sector 17.,Municipal Drainage Department,Drainage,Clogged Gutter,MEDIUM
BUSES PARKING ILLEGALLY BLOCKING LANE NEAR CHANDNI CHOWK TERMINAL.,Municipal Transport Department,Transport,Bus Stop Damage,LOW
"baarish ke baad Kashmere Gate me paani bhar gaya hai, drain blocked hai.",Municipal Drainage Department,Drainage,Drainage Overflow,HIGH
Fumigation and mosquito fogging required urgently in Rajouri Garden area.,Public Health Department,Public Health,Mosquito Breeding Hazard,HIGH
traffic signal blinking red continuously at Rohini Sector 7 intersection.,Municipal Transport Department,Transport,Illegal Bus Parking,MEDIUM
Complete blackout in Chandni Chowk locality since last week night.,Electricity Department,Electricity,Damaged Electric Pole,HIGH
"road ki condition bahut kharab hai preet vihar me, accident ho rahe hain.",Public Works Department,Roads / PWD,Broken Footpath,LOW
Stray dogs aggressiveness causing safety fear near Railway Station Road park.,Public Health Department,Public Health,Mosquito Breeding Hazard,HIGH
asphalt has caved in near sector 17 creating a dangerous road depression.,Public Works Department,Roads / PWD,Incomplete Road Construction,MEDIUM
sanitation condition is very bad near Civil Lines market area.,Sanitation Department,Sanitation,Foul Smell / Unsanitary Area,MEDIUM
Traffic signal lights not working at major intersection near Lajpat Nagar.,Municipal Transport Department,Transport,Bus Stop Damage,LOW
Open manhole on main road near Karol Bagh poses severe danger to pedestrians.,Public Works Department,Roads / PWD,Dangerous Pothole,HIGH
"baarish ke baad karol bagh me paani bhar gaya hai, drain blocked hai.",Municipal Drainage Department,Drainage,Clogged Gutter,MEDIUM
Entire stretch of road near Ring Road Junction is pitch dark at night creating safety hazard.,Electrical & Lighting Department,Street Lighting,Broken Lamp Pole,MEDIUM
Entire stretch of road near Connaught Place is pitch dark at night creating safety hazard.,Electrical & Lighting Department,Street Lighting,Streetlight Off,MEDIUM
machhar bohot ho gaye hain stagnant water ke wajah se Saket Block C me.,Public Health Department,Public Health,Food Hygiene Violation,MEDIUM
Drainage gutter overflow inundating street water in Connaught Place.,Municipal Drainage Department,Drainage,Waterlogging,HIGH
Stormwater drain is completely clogged with silt near Lajpat Nagar.,Municipal Drainage Department,Drainage,Waterlogging,HIGH
"bhai Janakpuri ke paas rasta poora toota hua hai, pothole hain bohot.",Public Works Department,Roads / PWD,Incomplete Road Construction,MEDIUM
pest infestation and open unhygienic waste near mayur vihar phase 1 food market.,Public Health Department,Public Health,Vector Disease Control,HIGH
ROAD CONSTRUCTION WORK NEAR ROHINI SECTOR 7 HAS BEEN LEFT INCOMPLETE FOR MONTHS.,Public Works Department,Roads / PWD,Road Repair Needed,MEDIUM
"traffic light kharab hai near karol bagh chowk, jam lag raha hai.",Municipal Transport Department,Transport,Traffic Signal Defect,HIGH
Stagnant water pool near Chandni Chowk becoming mosquito breeding ground for dengue.,Public Health Department,Public Health,Food Hygiene Violation,MEDIUM
High voltage surge burnt electrical appliances in Rohini Sector 7.,Electricity Department,Electricity,Low Voltage Issue,MEDIUM
stray dogs problem near Model Town primary school.,Public Health Department,Public Health,Mosquito Breeding Hazard,HIGH
No proper bus seating shed or display board at Chandni Chowk stop.,Municipal Transport Department,Transport,Traffic Signal Defect,HIGH
Sewage line overflowing near Karol Bagh creating unsanitary conditions.,Sanitation Department,Sanitation,Public Sanitation Nuisance,MEDIUM
waste bin overflow kar raha hai near ring road junction colony.,Sanitation & Waste Department,Waste Management,Open Waste Dumping,MEDIUM
"street light 1 hafte se band hai Civil Lines me, andhera rehta hai.",Electrical & Lighting Department,Street Lighting,Broken Lamp Pole,MEDIUM
FOOTPATH IS BROKEN AND PAVED TILES ARE MISSING NEAR MAYUR VIHAR PHASE 1.,Public Works Department,Roads / PWD,Incomplete Road Construction,MEDIUM
Urgent mosquito spray drive needed in GT Road due to malaria outbreak risk.,Public Health Department,Public Health,Stray Animal Nuisance,MEDIUM
sanitation condition is very bad near Kashmere Gate market area.,Sanitation Department,Sanitation,Sewage Overflow,HIGH
nali overflow kar rahi hai Civil Lines ke raste pe.,Municipal Drainage Department,Drainage,Waterlogging,HIGH
Severe foul odor coming from unmaintained public restroom near Karol Bagh.,Sanitation Department,Sanitation,Foul Smell / Unsanitary Area,MEDIUM
DAMAGED BUS SHELTER BENCH NEAR SAKET BLOCK C CAUSING INCONVENIENCE TO ELDERLY COMMUTERS.,Municipal Transport Department,Transport,Traffic Signal Defect,HIGH
no drinking water available in railway station road for 2 consecutive days.,Water Department,Water Supply,Low Water Pressure,MEDIUM
STREETLIGHT POLE BROKEN AND LIGHT FIXTURE HANGING NEAR KASHMERE GATE.,Electrical & Lighting Department,Street Lighting,Dark Road Safety Concern,HIGH
nali overflow kar rahi hai Model Town ke raste pe.,Municipal Drainage Department,Drainage,Clogged Gutter,MEDIUM
Electricity transformer near Mayur Vihar Phase 1 is sparking violently and emitting smoke.,Electricity Department,Electricity,Power Outage,HIGH
Public toilet near Chandni Chowk is extremely filthy and not cleaned for weeks.,Sanitation Department,Sanitation,Foul Smell / Unsanitary Area,MEDIUM
sanitation condition is very bad near Model Town market area.,Sanitation Department,Sanitation,Foul Smell / Unsanitary Area,MEDIUM
machhar bohot ho gaye hain stagnant water ke wajah se gt road me.,Public Health Department,Public Health,Stray Animal Nuisance,MEDIUM
Drainage gutter overflow inundating street water in Preet Vihar.,Municipal Drainage Department,Drainage,Clogged Gutter,MEDIUM
Stray dogs aggressiveness causing safety fear near Lajpat Nagar park.,Public Health Department,Public Health,Stray Animal Nuisance,MEDIUM
HIGH VOLTAGE SURGE BURNT ELECTRICAL APPLIANCES IN CIVIL LINES.,Electricity Department,Electricity,Transformer Sparking,CRITICAL
Rotting organic waste creating intense stench near Chandni Chowk main market.,Sanitation & Waste Department,Waste Management,Open Waste Dumping,MEDIUM
Severe foul odor coming from unmaintained public restroom near Model Town.,Sanitation Department,Sanitation,Sewage Overflow,HIGH
public sanitation facility in preet vihar lacks water and cleanliness.,Sanitation Department,Sanitation,Public Toilet Cleaning,MEDIUM
ganda paani aa raha hai tap me Pitampura ke andar.,Water Department,Water Supply,Low Water Pressure,MEDIUM
Asphalt has caved in near Ring Road Junction creating a dangerous road depression.,Public Works Department,Roads / PWD,Broken Footpath,LOW
public toilet bahut ganda hai near Preet Vihar bus stand.,Sanitation Department,Sanitation,Foul Smell / Unsanitary Area,MEDIUM
public toilet bahut ganda hai near Preet Vihar bus stand.,Sanitation Department,Sanitation,Sewage Overflow,HIGH
Entire stretch of road near Railway Station Road is pitch dark at night creating safety hazard.,Electrical & Lighting Department,Street Lighting,Daytime Light On,LOW
there is a major water shortage in our colony near mayur vihar phase 1.,Water Department,Water Supply,Low Water Pressure,MEDIUM
traffic signal blinking red continuously at dwarka sector 10 intersection.,Municipal Transport Department,Transport,Traffic Signal Defect,HIGH
kachra 4 din se nahi uthaya gaya hai Dwarka Sector 10 se.,Sanitation & Waste Department,Waste Management,Garbage Dustbin Overflow,MEDIUM
Stray dogs aggressiveness causing safety fear near Saket Block C park.,Public Health Department,Public Health,Vector Disease Control,HIGH
DAMAGED BUS SHELTER BENCH NEAR MAYUR VIHAR PHASE 1 CAUSING INCONVENIENCE TO ELDERLY COMMUTERS.,Municipal Transport Department,Transport,Illegal Bus Parking,MEDIUM
Community waste bin overflowing near Karol Bagh attracting flies and stray animals.,Sanitation & Waste Department,Waste Management,Uncollected Garbage,MEDIUM
Road is completely dug up near Saket Block C and no barricades put.,Public Works Department,Roads / PWD,Dangerous Pothole,HIGH
sewage ka paani raste pe beh raha hai near Rajouri Garden.,Sanitation Department,Sanitation,Foul Smell / Unsanitary Area,MEDIUM
MACHHAR BOHOT HO GAYE HAIN STAGNANT WATER KE WAJAH SE MAYUR VIHAR PHASE 1 ME.,Public Health Department,Public Health,Stray Animal Nuisance,MEDIUM
traffic signal blinking red continuously at Janakpuri intersection.,Municipal Transport Department,Transport,Bus Stop Damage,LOW
nali overflow kar rahi hai janakpuri ke raste pe.,Municipal Drainage Department,Drainage,Clogged Gutter,MEDIUM
"bhai chandni chowk ke paas rasta poora toota hua hai, pothole hain bohot.",Public Works Department,Roads / PWD,Open Manhole Hazard,CRITICAL
water pipe leak ho gaya hai Vasant Kunj market ke paas.,Water Department,Water Supply,Contaminated / Dirty Water,HIGH
Traffic signal lights not working at major intersection near Chandni Chowk.,Municipal Transport Department,Transport,Bus Stop Damage,LOW
Sewage line overflowing near Chandni Chowk creating unsanitary conditions.,Sanitation Department,Sanitation,Foul Smell / Unsanitary Area,MEDIUM
Drainage gutter overflow inundating street water in Preet Vihar.,Municipal Drainage Department,Drainage,Clogged Gutter,MEDIUM
garbage dump ho raha hai open space me near Dwarka Sector 10.,Sanitation & Waste Department,Waste Management,Uncollected Garbage,MEDIUM
There is a major water shortage in our colony near Lajpat Nagar.,Water Department,Water Supply,No Water Supply,HIGH
light pole toota hua hai near Model Town park.,Electrical & Lighting Department,Street Lighting,Daytime Light On,LOW
Frequent voltage fluctuations and power cuts in Preet Vihar area.,Electricity Department,Electricity,Damaged Electric Pole,HIGH
non-functional street lamps along main highway stretch near connaught place.,Electrical & Lighting Department,Street Lighting,Streetlight Off,MEDIUM
light pole toota hua hai near Saket Block C park.,Electrical & Lighting Department,Street Lighting,Daytime Light On,LOW
Main water supply pipeline damaged during road work in Rohini Sector 7.,Water Department,Water Supply,Water Meter Defect,LOW
ROTTING ORGANIC WASTE CREATING INTENSE STENCH NEAR KAROL BAGH MAIN MARKET.,Sanitation & Waste Department,Waste Management,Garbage Dustbin Overflow,MEDIUM
Huge pile of uncollected trash dumped openly near Ring Road Junction corner.,Sanitation & Waste Department,Waste Management,Irregular Door-to-Door Collection,LOW
Stagnant water pool near Model Town becoming mosquito breeding ground for dengue.,Public Health Department,Public Health,Food Hygiene Violation,MEDIUM
Sewage and drain water entering houses in Mayur Vihar Phase 1 locality.,Municipal Drainage Department,Drainage,Stormwater Drain Blockage,HIGH
sewage line overflowing near saket block c creating unsanitary conditions.,Sanitation Department,Sanitation,Public Sanitation Nuisance,MEDIUM
Water comes for only 10 minutes in the morning with very poor pressure at Dwarka Sector 10.,Water Department,Water Supply,Water Meter Defect,LOW
dark street near Model Town making it unsafe for women at night.,Electrical & Lighting Department,Street Lighting,Dark Road Safety Concern,HIGH
nali overflow kar rahi hai Vasant Kunj ke raste pe.,Municipal Drainage Department,Drainage,Clogged Gutter,MEDIUM
electricity transformer near chandni chowk is sparking violently and emitting smoke.,Electricity Department,Electricity,Low Voltage Issue,MEDIUM
"FOGGING KARWAO RING ROAD JUNCTION AREA ME, DENGUE CASES BADH RAHE HAIN.",Public Health Department,Public Health,Vector Disease Control,HIGH
bus stand ka shed toota hua hai near Model Town.,Municipal Transport Department,Transport,Public Transport Facility,LOW
BUS STAND KA SHED TOOTA HUA HAI NEAR VASANT KUNJ.,Municipal Transport Department,Transport,Illegal Bus Parking,MEDIUM
Dirty brown water is coming from the tap in Connaught Place.,Water Department,Water Supply,Low Water Pressure,MEDIUM
water pipe leak ho gaya hai Model Town market ke paas.,Water Department,Water Supply,No Water Supply,HIGH
gutter blocked near pitampura market area.,Municipal Drainage Department,Drainage,Stormwater Drain Blockage,HIGH
Pest infestation and open unhygienic waste near Janakpuri food market.,Public Health Department,Public Health,Stray Animal Nuisance,MEDIUM
our taps have been completely dry since last night.,Water Department,Water Supply,Water Meter Defect,LOW
FOOTPATH IS BROKEN AND PAVED TILES ARE MISSING NEAR DWARKA SECTOR 10.,Public Works Department,Roads / PWD,Open Manhole Hazard,CRITICAL
"STREET LIGHT 1 HAFTE SE BAND HAI SAKET BLOCK C ME, ANDHERA REHTA HAI.",Electrical & Lighting Department,Street Lighting,Streetlight Off,MEDIUM
"street light 1 hafte se band hai Civil Lines me, andhera rehta hai.",Electrical & Lighting Department,Street Lighting,Broken Lamp Pole,MEDIUM
rotting organic waste creating intense stench near lajpat nagar main market.,Sanitation & Waste Department,Waste Management,Garbage Dustbin Overflow,MEDIUM
tar layer has worn off completely near civil lines making riding difficult.,Public Works Department,Roads / PWD,Road Repair Needed,MEDIUM
"street light 1 hafte se band hai Connaught Place me, andhera rehta hai.",Electrical & Lighting Department,Street Lighting,Daytime Light On,LOW
transformer se spark nikal raha hai near janakpuri market.,Electricity Department,Electricity,Power Outage,HIGH
"Road ki condition bahut kharab hai Sector 17 me, accident ho rahe hain.",Public Works Department,Roads / PWD,Broken Footpath,LOW
DARK STREET NEAR VASANT KUNJ MAKING IT UNSAFE FOR WOMEN AT NIGHT.,Electrical & Lighting Department,Street Lighting,Broken Lamp Pole,MEDIUM
Streetlight pole broken and light fixture hanging near Pitampura.,Electrical & Lighting Department,Street Lighting,Streetlight Off,MEDIUM
Road construction work near Preet Vihar has been left incomplete for months.,Public Works Department,Roads / PWD,Dangerous Pothole,HIGH
"traffic light kharab hai near Karol Bagh chowk, jam lag raha hai.",Municipal Transport Department,Transport,Public Transport Facility,LOW
Fumigation and mosquito fogging required urgently in Pitampura area.,Public Health Department,Public Health,Food Hygiene Violation,MEDIUM
Severe waterlogging in Rohini Sector 7 after light rain due to choked drains.,Municipal Drainage Department,Drainage,Drainage Overflow,HIGH
sanitation condition is very bad near vasant kunj market area.,Sanitation Department,Sanitation,Sewage Overflow,HIGH
Rotting organic waste creating intense stench near Karol Bagh main market.,Sanitation & Waste Department,Waste Management,Irregular Door-to-Door Collection,LOW
nali overflow kar rahi hai Vasant Kunj ke raste pe.,Municipal Drainage Department,Drainage,Stormwater Drain Blockage,HIGH
No drinking water available in Mayur Vihar Phase 1 for 7 consecutive days.,Water Department,Water Supply,Water Pipeline Leakage,HIGH
"street light 1 hafte se band hai Rajouri Garden me, andhera rehta hai.",Electrical & Lighting Department,Street Lighting,Daytime Light On,LOW
overflowing sewage chamber creating severe health hazard near civil lines residential flats.,Sanitation Department,Sanitation,Sewage Overflow,HIGH
"bhai Preet Vihar ke paas rasta poora toota hua hai, pothole hain bohot.",Public Works Department,Roads / PWD,Dangerous Pothole,HIGH
Stray dogs aggressiveness causing safety fear near Lajpat Nagar park.,Public Health Department,Public Health,Food Hygiene Violation,MEDIUM
entire stretch of road near chandni chowk is pitch dark at night creating safety hazard.,Electrical & Lighting Department,Street Lighting,Dark Road Safety Concern,HIGH
stray dogs aggressiveness causing safety fear near dwarka sector 10 park.,Public Health Department,Public Health,Mosquito Breeding Hazard,HIGH
"open manhole hai road pe near Civil Lines, kisi ka accident ho sakta hai.",Public Works Department,Roads / PWD,Open Manhole Hazard,CRITICAL
sewage line overflowing near sector 17 creating unsanitary conditions.,Sanitation Department,Sanitation,Public Sanitation Nuisance,MEDIUM
waste bin overflow kar raha hai near mayur vihar phase 1 colony.,Sanitation & Waste Department,Waste Management,Irregular Door-to-Door Collection,LOW
live electrical wire raste pe gira hua hai near Ring Road Junction.,Electricity Department,Electricity,Transformer Sparking,CRITICAL
"Road ki condition bahut kharab hai Janakpuri me, accident ho rahe hain.",Public Works Department,Roads / PWD,Broken Footpath,LOW
Entire stretch of road near Railway Station Road is pitch dark at night creating safety hazard.,Electrical & Lighting Department,Street Lighting,Broken Lamp Pole,MEDIUM
Overflowing sewage chamber creating severe health hazard near Janakpuri residential flats.,Sanitation Department,Sanitation,Sewage Overflow,HIGH
Rotting organic waste creating intense stench near Vasant Kunj main market.,Sanitation & Waste Department,Waste Management,Uncollected Garbage,MEDIUM
Public sanitation facility in Model Town lacks water and cleanliness.,Sanitation Department,Sanitation,Foul Smell / Unsanitary Area,MEDIUM
Frequent voltage fluctuations and power cuts in Chandni Chowk area.,Electricity Department,Electricity,Transformer Sparking,CRITICAL
traffic signal blinking red continuously at Ring Road Junction intersection.,Municipal Transport Department,Transport,Illegal Bus Parking,MEDIUM
"street light 1 hafte se band hai Sector 17 me, andhera rehta hai.",Electrical & Lighting Department,Street Lighting,Broken Lamp Pole,MEDIUM
THERE HAS BEEN NO WATER SUPPLY IN GT ROAD FOR 3 DAYS.,Water Department,Water Supply,Water Meter Defect,LOW
Sewage line overflowing near Saket Block C creating unsanitary conditions.,Sanitation Department,Sanitation,Sewage Overflow,HIGH
there is a major water shortage in our colony near ring road junction.,Water Department,Water Supply,No Water Supply,HIGH
"FOGGING KARWAO RAILWAY STATION ROAD AREA ME, DENGUE CASES BADH RAHE HAIN.",Public Health Department,Public Health,Mosquito Breeding Hazard,HIGH
transformer se spark nikal raha hai near Chandni Chowk market.,Electricity Department,Electricity,Damaged Electric Pole,HIGH
Open manhole on main road near Janakpuri poses severe danger to pedestrians.,Public Works Department,Roads / PWD,Incomplete Road Construction,MEDIUM
electricity transformer near gt road is sparking violently and emitting smoke.,Electricity Department,Electricity,Transformer Sparking,CRITICAL
Overflowing sewage chamber creating severe health hazard near Mayur Vihar Phase 1 residential flats.,Sanitation Department,Sanitation,Public Sanitation Nuisance,MEDIUM
STORMWATER DRAIN IS COMPLETELY CLOGGED WITH SILT NEAR MAYUR VIHAR PHASE 1.,Municipal Drainage Department,Drainage,Stormwater Drain Blockage,HIGH
kachra 4 din se nahi uthaya gaya hai Janakpuri se.,Sanitation & Waste Department,Waste Management,Uncollected Garbage,MEDIUM
gutter blocked near pitampura market area.,Municipal Drainage Department,Drainage,Clogged Gutter,MEDIUM
ganda paani aa raha hai tap me Lajpat Nagar ke andar.,Water Department,Water Supply,Water Pipeline Leakage,HIGH
traffic signal blinking red continuously at Rohini Sector 7 intersection.,Municipal Transport Department,Transport,Public Transport Facility,LOW
Huge pile of uncollected trash dumped openly near Mayur Vihar Phase 1 corner.,Sanitation & Waste Department,Waste Management,Garbage Dustbin Overflow,MEDIUM
garbage dump ho raha hai open space me near Pitampura.,Sanitation & Waste Department,Waste Management,Irregular Door-to-Door Collection,LOW
buses parking illegally blocking lane near chandni chowk terminal.,Municipal Transport Department,Transport,Traffic Signal Defect,HIGH
"baarish ke baad Sector 17 me paani bhar gaya hai, drain blocked hai.",Municipal Drainage Department,Drainage,Clogged Gutter,MEDIUM
sanitation condition is very bad near vasant kunj market area.,Sanitation Department,Sanitation,Foul Smell / Unsanitary Area,MEDIUM
bus stand ka shed toota hua hai near Rohini Sector 7.,Municipal Transport Department,Transport,Traffic Signal Defect,HIGH
open manhole on main road near pitampura poses severe danger to pedestrians.,Public Works Department,Roads / PWD,Broken Footpath,LOW
machhar bohot ho gaye hain stagnant water ke wajah se Karol Bagh me.,Public Health Department,Public Health,Stray Animal Nuisance,MEDIUM
sewage and drain water entering houses in model town locality.,Municipal Drainage Department,Drainage,Clogged Gutter,MEDIUM
water comes for only 10 minutes in the morning with very poor pressure at ring road junction.,Water Department,Water Supply,Contaminated / Dirty Water,HIGH
"fogging karwao Janakpuri area me, dengue cases badh rahe hain.",Public Health Department,Public Health,Vector Disease Control,HIGH
Fumigation and mosquito fogging required urgently in Kashmere Gate area.,Public Health Department,Public Health,Stray Animal Nuisance,MEDIUM
NON-FUNCTIONAL STREET LAMPS ALONG MAIN HIGHWAY STRETCH NEAR MODEL TOWN.,Electrical & Lighting Department,Street Lighting,Streetlight Off,MEDIUM
WATER PIPE LEAK HO GAYA HAI VASANT KUNJ MARKET KE PAAS.,Water Department,Water Supply,No Water Supply,HIGH
pipeline burst near rohini sector 7 causing heavy water leakage on road.,Water Department,Water Supply,Low Water Pressure,MEDIUM
streetlights turned off on main road near civil lines for 5 nights.,Electrical & Lighting Department,Street Lighting,Streetlight Off,MEDIUM
waste bin overflow kar raha hai near lajpat nagar colony.,Sanitation & Waste Department,Waste Management,Open Waste Dumping,MEDIUM
"baarish ke baad Janakpuri me paani bhar gaya hai, drain blocked hai.",Municipal Drainage Department,Drainage,Drainage Overflow,HIGH
frequent voltage fluctuations and power cuts in saket block c area.,Electricity Department,Electricity,Power Outage,HIGH
Complete blackout in Preet Vihar locality since this morning night.,Electricity Department,Electricity,Transformer Sparking,CRITICAL
dark street near Civil Lines making it unsafe for women at night.,Electrical & Lighting Department,Street Lighting,Broken Lamp Pole,MEDIUM
Traffic signal lights not working at major intersection near GT Road.,Municipal Transport Department,Transport,Public Transport Facility,LOW
public toilet near saket block c is extremely filthy and not cleaned for weeks.,Sanitation Department,Sanitation,Foul Smell / Unsanitary Area,MEDIUM
"Water pressure is extremely low in Lajpat Nagar, cannot fill top tank.",Water Department,Water Supply,Low Water Pressure,MEDIUM
ROAD CONSTRUCTION WORK NEAR GT ROAD HAS BEEN LEFT INCOMPLETE FOR MONTHS.,Public Works Department,Roads / PWD,Incomplete Road Construction,MEDIUM
live electrical wire raste pe gira hua hai near pitampura.,Electricity Department,Electricity,Power Outage,HIGH
Public sanitation facility in Kashmere Gate lacks water and cleanliness.,Sanitation Department,Sanitation,Foul Smell / Unsanitary Area,MEDIUM
Severe foul odor coming from unmaintained public restroom near Janakpuri.,Sanitation Department,Sanitation,Public Toilet Cleaning,MEDIUM
Stray dogs aggressiveness causing safety fear near Saket Block C park.,Public Health Department,Public Health,Food Hygiene Violation,MEDIUM
KACHRA 4 DIN SE NAHI UTHAYA GAYA HAI MODEL TOWN SE.,Sanitation & Waste Department,Waste Management,Irregular Door-to-Door Collection,LOW
water pipe leak ho gaya hai Lajpat Nagar market ke paas.,Water Department,Water Supply,Water Meter Defect,LOW
kachra 4 din se nahi uthaya gaya hai Dwarka Sector 10 se.,Sanitation & Waste Department,Waste Management,Uncollected Garbage,MEDIUM
ganda paani aa raha hai tap me Saket Block C ke andar.,Water Department,Water Supply,Low Water Pressure,MEDIUM
Traffic signal lights not working at major intersection near Mayur Vihar Phase 1.,Municipal Transport Department,Transport,Illegal Bus Parking,MEDIUM
the road condition near janakpuri is extremely bad and damaged.,Public Works Department,Roads / PWD,Dangerous Pothole,HIGH
Damaged bus shelter bench near Rohini Sector 7 causing inconvenience to elderly commuters.,Municipal Transport Department,Transport,Traffic Signal Defect,HIGH
stray dogs aggressiveness causing safety fear near sector 17 park.,Public Health Department,Public Health,Vector Disease Control,HIGH
"baarish ke baad connaught place me paani bhar gaya hai, drain blocked hai.",Municipal Drainage Department,Drainage,Drainage Overflow,HIGH
Complete blackout in Preet Vihar locality since last week night.,Electricity Department,Electricity,Exposed Electrical Hazard,CRITICAL
"baarish ke baad Railway Station Road me paani bhar gaya hai, drain blocked hai.",Municipal Drainage Department,Drainage,Waterlogging,HIGH
stagnant water pool near dwarka sector 10 becoming mosquito breeding ground for dengue.,Public Health Department,Public Health,Vector Disease Control,HIGH
no proper bus seating shed or display board at railway station road stop.,Municipal Transport Department,Transport,Public Transport Facility,LOW
traffic signal blinking red continuously at Connaught Place intersection.,Municipal Transport Department,Transport,Illegal Bus Parking,MEDIUM
Sewage line overflowing near Saket Block C creating unsanitary conditions.,Sanitation Department,Sanitation,Foul Smell / Unsanitary Area,MEDIUM
Streetlight pole broken and light fixture hanging near Mayur Vihar Phase 1.,Electrical & Lighting Department,Street Lighting,Broken Lamp Pole,MEDIUM
light pole toota hua hai near Pitampura park.,Electrical & Lighting Department,Street Lighting,Dark Road Safety Concern,HIGH
"street lights remain turned on during daytime near gt road, wasting electricity.",Electrical & Lighting Department,Street Lighting,Daytime Light On,LOW
entire stretch of road near saket block c is pitch dark at night creating safety hazard.,Electrical & Lighting Department,Street Lighting,Streetlight Off,MEDIUM
Drainage gutter overflow inundating street water in Railway Station Road.,Municipal Drainage Department,Drainage,Waterlogging,HIGH
kachra 4 din se nahi uthaya gaya hai Karol Bagh se.,Sanitation & Waste Department,Waste Management,Garbage Dustbin Overflow,MEDIUM
our taps have been completely dry since this morning.,Water Department,Water Supply,Water Pipeline Leakage,HIGH
streetlights turned off on main road near lajpat nagar for 5 nights.,Electrical & Lighting Department,Street Lighting,Streetlight Off,MEDIUM
Streetlights turned off on main road near Karol Bagh for 4 nights.,Electrical & Lighting Department,Street Lighting,Dark Road Safety Concern,HIGH
"traffic light kharab hai near Rohini Sector 7 chowk, jam lag raha hai.",Municipal Transport Department,Transport,Traffic Signal Defect,HIGH
"fogging karwao Lajpat Nagar area me, dengue cases badh rahe hain.",Public Health Department,Public Health,Vector Disease Control,HIGH
Public sanitation facility in Rohini Sector 7 lacks water and cleanliness.,Sanitation Department,Sanitation,Sewage Overflow,HIGH
no proper bus seating shed or display board at chandni chowk stop.,Municipal Transport Department,Transport,Illegal Bus Parking,MEDIUM
"Water pipeline is leaking heavily near Connaught Place, wasting clean water.",Water Department,Water Supply,Contaminated / Dirty Water,HIGH
Huge pile of uncollected trash dumped openly near Railway Station Road corner.,Sanitation & Waste Department,Waste Management,Irregular Door-to-Door Collection,LOW
Electric pole near Saket Block C is leaning dangerously and about to fall.,Electricity Department,Electricity,Transformer Sparking,CRITICAL
"fogging karwao preet vihar area me, dengue cases badh rahe hain.",Public Health Department,Public Health,Stray Animal Nuisance,MEDIUM
Urgent mosquito spray drive needed in Dwarka Sector 10 due to malaria outbreak risk.,Public Health Department,Public Health,Food Hygiene Violation,MEDIUM
footpath broken hai near Civil Lines station area.,Public Works Department,Roads / PWD,Incomplete Road Construction,MEDIUM
Main junction near Preet Vihar has huge potholes damaging vehicles daily.,Public Works Department,Roads / PWD,Incomplete Road Construction,MEDIUM
waste bin overflow kar raha hai near mayur vihar phase 1 colony.,Sanitation & Waste Department,Waste Management,Garbage Dustbin Overflow,MEDIUM
DARK STREET NEAR GT ROAD MAKING IT UNSAFE FOR WOMEN AT NIGHT.,Electrical & Lighting Department,Street Lighting,Dark Road Safety Concern,HIGH
Garbage has not been collected from Ring Road Junction for 5 days.,Sanitation & Waste Department,Waste Management,Uncollected Garbage,MEDIUM
Streetlight pole broken and light fixture hanging near Mayur Vihar Phase 1.,Electrical & Lighting Department,Street Lighting,Broken Lamp Pole,MEDIUM
nali overflow kar rahi hai Rajouri Garden ke raste pe.,Municipal Drainage Department,Drainage,Stormwater Drain Blockage,HIGH
Asphalt has caved in near Dwarka Sector 10 creating a dangerous road depression.,Public Works Department,Roads / PWD,Open Manhole Hazard,CRITICAL
Footpath is broken and paved tiles are missing near Sector 17.,Public Works Department,Roads / PWD,Incomplete Road Construction,MEDIUM
dark street near kashmere gate making it unsafe for women at night.,Electrical & Lighting Department,Street Lighting,Daytime Light On,LOW
Frequent voltage fluctuations and power cuts in Connaught Place area.,Electricity Department,Electricity,Low Voltage Issue,MEDIUM
Frequent voltage fluctuations and power cuts in Vasant Kunj area.,Electricity Department,Electricity,Damaged Electric Pole,HIGH
electric pole near ring road junction is leaning dangerously and about to fall.,Electricity Department,Electricity,Low Voltage Issue,MEDIUM
garbage dump ho raha hai open space me near Saket Block C.,Sanitation & Waste Department,Waste Management,Garbage Dustbin Overflow,MEDIUM
sanitation condition is very bad near Janakpuri market area.,Sanitation Department,Sanitation,Foul Smell / Unsanitary Area,MEDIUM
Public toilet near Ring Road Junction is extremely filthy and not cleaned for weeks.,Sanitation Department,Sanitation,Sewage Overflow,HIGH
"baarish ke baad Dwarka Sector 10 me paani bhar gaya hai, drain blocked hai.",Municipal Drainage Department,Drainage,Waterlogging,HIGH
"open manhole hai road pe near Mayur Vihar Phase 1, kisi ka accident ho sakta hai.",Public Works Department,Roads / PWD,Open Manhole Hazard,CRITICAL
open manhole on main road near connaught place poses severe danger to pedestrians.,Public Works Department,Roads / PWD,Broken Footpath,LOW
ROAD IS COMPLETELY DUG UP NEAR RAJOURI GARDEN AND NO BARRICADES PUT.,Public Works Department,Roads / PWD,Broken Footpath,LOW
public toilet near pitampura is extremely filthy and not cleaned for weeks.,Sanitation Department,Sanitation,Public Sanitation Nuisance,MEDIUM
machhar bohot ho gaye hain stagnant water ke wajah se Mayur Vihar Phase 1 me.,Public Health Department,Public Health,Mosquito Breeding Hazard,HIGH
machhar bohot ho gaye hain stagnant water ke wajah se Civil Lines me.,Public Health Department,Public Health,Stray Animal Nuisance,MEDIUM
traffic signal lights not working at major intersection near saket block c.,Municipal Transport Department,Transport,Traffic Signal Defect,HIGH
Electric pole near Rohini Sector 7 is leaning dangerously and about to fall.,Electricity Department,Electricity,Power Outage,HIGH
Sewage and drain water entering houses in Chandni Chowk locality.,Municipal Drainage Department,Drainage,Waterlogging,HIGH
Sewage and drain water entering houses in Rajouri Garden locality.,Municipal Drainage Department,Drainage,Drainage Overflow,HIGH
TRAFFIC SIGNAL LIGHTS NOT WORKING AT MAJOR INTERSECTION NEAR CHANDNI CHOWK.,Municipal Transport Department,Transport,Bus Stop Damage,LOW
Entire stretch of road near Pitampura is pitch dark at night creating safety hazard.,Electrical & Lighting Department,Street Lighting,Dark Road Safety Concern,HIGH
exposed live electrical wire hanging dangerously near school entrance in chandni chowk.,Electricity Department,Electricity,Exposed Electrical Hazard,CRITICAL
waste bin overflow kar raha hai near civil lines colony.,Sanitation & Waste Department,Waste Management,Uncollected Garbage,MEDIUM
Footpath is broken and paved tiles are missing near Vasant Kunj.,Public Works Department,Roads / PWD,Incomplete Road Construction,MEDIUM
"bijli 6 ghante se nahi hai Chandni Chowk me, light kab aayegi?",Electricity Department,Electricity,Exposed Electrical Hazard,CRITICAL
Complete blackout in Sector 17 locality since last night night.,Electricity Department,Electricity,Exposed Electrical Hazard,CRITICAL
Fumigation and mosquito fogging required urgently in Lajpat Nagar area.,Public Health Department,Public Health,Mosquito Breeding Hazard,HIGH
footpath broken hai near Model Town station area.,Public Works Department,Roads / PWD,Dangerous Pothole,HIGH
"Water pressure is extremely low in Ring Road Junction, cannot fill top tank.",Water Department,Water Supply,Low Water Pressure,MEDIUM
"water pipeline is leaking heavily near rajouri garden, wasting clean water.",Water Department,Water Supply,Water Meter Defect,LOW
Streetlight pole broken and light fixture hanging near Sector 17.,Electrical & Lighting Department,Street Lighting,Streetlight Off,MEDIUM
"OPEN MANHOLE HAI ROAD PE NEAR PREET VIHAR, KISI KA ACCIDENT HO SAKTA HAI.",Public Works Department,Roads / PWD,Dangerous Pothole,HIGH
light pole toota hua hai near Karol Bagh park.,Electrical & Lighting Department,Street Lighting,Daytime Light On,LOW
Stagnant water pool near Chandni Chowk becoming mosquito breeding ground for dengue.,Public Health Department,Public Health,Food Hygiene Violation,MEDIUM
gutter blocked near mayur vihar phase 1 market area.,Municipal Drainage Department,Drainage,Stormwater Drain Blockage,HIGH
footpath broken hai near Civil Lines station area.,Public Works Department,Roads / PWD,Dangerous Pothole,HIGH
Our taps have been completely dry since last night.,Water Department,Water Supply,No Water Supply,HIGH
pest infestation and open unhygienic waste near dwarka sector 10 food market.,Public Health Department,Public Health,Vector Disease Control,HIGH
dark street near Connaught Place making it unsafe for women at night.,Electrical & Lighting Department,Street Lighting,Daytime Light On,LOW
Exposed live electrical wire hanging dangerously near school entrance in Preet Vihar.,Electricity Department,Electricity,Power Outage,HIGH
sanitation condition is very bad near mayur vihar phase 1 market area.,Sanitation Department,Sanitation,Foul Smell / Unsanitary Area,MEDIUM
"Water pipeline is leaking heavily near Janakpuri, wasting clean water.",Water Department,Water Supply,Water Pipeline Leakage,HIGH
WATER PIPE LEAK HO GAYA HAI RAJOURI GARDEN MARKET KE PAAS.,Water Department,Water Supply,Water Meter Defect,LOW
Stray dogs aggressiveness causing safety fear near Connaught Place park.,Public Health Department,Public Health,Vector Disease Control,HIGH
water pipe leak ho gaya hai Karol Bagh market ke paas.,Water Department,Water Supply,Contaminated / Dirty Water,HIGH
Entire stretch of road near Saket Block C is pitch dark at night creating safety hazard.,Electrical & Lighting Department,Street Lighting,Daytime Light On,LOW
Pipeline burst near Karol Bagh causing heavy water leakage on road.,Water Department,Water Supply,Water Meter Defect,LOW
Door-to-door sanitation truck hasn't visited Ring Road Junction this week.,Sanitation & Waste Department,Waste Management,Open Waste Dumping,MEDIUM
Severe foul odor coming from unmaintained public restroom near Connaught Place.,Sanitation Department,Sanitation,Sewage Overflow,HIGH
Urgent mosquito spray drive needed in Saket Block C due to malaria outbreak risk.,Public Health Department,Public Health,Stray Animal Nuisance,MEDIUM
"baarish ke baad Vasant Kunj me paani bhar gaya hai, drain blocked hai.",Municipal Drainage Department,Drainage,Clogged Gutter,MEDIUM
Damaged bus shelter bench near Railway Station Road causing inconvenience to elderly commuters.,Municipal Transport Department,Transport,Illegal Bus Parking,MEDIUM
electric pole near ring road junction is leaning dangerously and about to fall.,Electricity Department,Electricity,Low Voltage Issue,MEDIUM
"open manhole hai road pe near Chandni Chowk, kisi ka accident ho sakta hai.",Public Works Department,Roads / PWD,Dangerous Pothole,HIGH
drainage gutter overflow inundating street water in mayur vihar phase 1.,Municipal Drainage Department,Drainage,Drainage Overflow,HIGH
asphalt has caved in near rohini sector 7 creating a dangerous road depression.,Public Works Department,Roads / PWD,Incomplete Road Construction,MEDIUM
urgent mosquito spray drive needed in karol bagh due to malaria outbreak risk.,Public Health Department,Public Health,Vector Disease Control,HIGH
high voltage surge burnt electrical appliances in saket block c.,Electricity Department,Electricity,Transformer Sparking,CRITICAL
bus stand ka shed toota hua hai near gt road.,Municipal Transport Department,Transport,Traffic Signal Defect,HIGH
traffic signal blinking red continuously at Kashmere Gate intersection.,Municipal Transport Department,Transport,Traffic Signal Defect,HIGH
Public sanitation facility in Preet Vihar lacks water and cleanliness.,Sanitation Department,Sanitation,Sewage Overflow,HIGH
Severe waterlogging in Rohini Sector 7 after light rain due to choked drains.,Municipal Drainage Department,Drainage,Drainage Overflow,HIGH
Public toilet near Kashmere Gate is extremely filthy and not cleaned for weeks.,Sanitation Department,Sanitation,Sewage Overflow,HIGH
SEWAGE LINE OVERFLOWING NEAR CHANDNI CHOWK CREATING UNSANITARY CONDITIONS.,Sanitation Department,Sanitation,Sewage Overflow,HIGH
bus stand ka shed toota hua hai near saket block c.,Municipal Transport Department,Transport,Public Transport Facility,LOW
footpath is broken and paved tiles are missing near rohini sector 7.,Public Works Department,Roads / PWD,Open Manhole Hazard,CRITICAL
public toilet bahut ganda hai near rajouri garden bus stand.,Sanitation Department,Sanitation,Public Sanitation Nuisance,MEDIUM
"Street lights remain turned on during daytime near Rohini Sector 7, wasting electricity.",Electrical & Lighting Department,Street Lighting,Broken Lamp Pole,MEDIUM
"street light 1 hafte se band hai Mayur Vihar Phase 1 me, andhera rehta hai.",Electrical & Lighting Department,Street Lighting,Streetlight Off,MEDIUM
Large deep potholes on main road near Mayur Vihar Phase 1 causing accidents.,Public Works Department,Roads / PWD,Open Manhole Hazard,CRITICAL
Non-functional street lamps along main highway stretch near Model Town.,Electrical & Lighting Department,Street Lighting,Broken Lamp Pole,MEDIUM
"street light 1 hafte se band hai Model Town me, andhera rehta hai.",Electrical & Lighting Department,Street Lighting,Dark Road Safety Concern,HIGH
garbage dump ho raha hai open space me near Ring Road Junction.,Sanitation & Waste Department,Waste Management,Uncollected Garbage,MEDIUM
Complete blackout in Saket Block C locality since last week night.,Electricity Department,Electricity,Damaged Electric Pole,HIGH
Severe foul odor coming from unmaintained public restroom near Saket Block C.,Sanitation Department,Sanitation,Foul Smell / Unsanitary Area,MEDIUM
"Road ki condition bahut kharab hai Rajouri Garden me, accident ho rahe hain.",Public Works Department,Roads / PWD,Dangerous Pothole,HIGH
bhai hamare area Janakpuri me 2 din se paani nahi aa raha hai.,Water Department,Water Supply,Low Water Pressure,MEDIUM
Community waste bin overflowing near Civil Lines attracting flies and stray animals.,Sanitation & Waste Department,Waste Management,Uncollected Garbage,MEDIUM
Public toilet near Janakpuri is extremely filthy and not cleaned for weeks.,Sanitation Department,Sanitation,Foul Smell / Unsanitary Area,MEDIUM
No proper bus seating shed or display board at Dwarka Sector 10 stop.,Municipal Transport Department,Transport,Illegal Bus Parking,MEDIUM
Streetlight pole broken and light fixture hanging near Vasant Kunj.,Electrical & Lighting Department,Street Lighting,Daytime Light On,LOW
Severe waterlogging in Connaught Place after light rain due to choked drains.,Municipal Drainage Department,Drainage,Drainage Overflow,HIGH
bus stand ka shed toota hua hai near Pitampura.,Municipal Transport Department,Transport,Illegal Bus Parking,MEDIUM
sanitation condition is very bad near rohini sector 7 market area.,Sanitation Department,Sanitation,Public Sanitation Nuisance,MEDIUM
Pest infestation and open unhygienic waste near Sector 17 food market.,Public Health Department,Public Health,Vector Disease Control,HIGH
ENTIRE STRETCH OF ROAD NEAR CHANDNI CHOWK IS PITCH DARK AT NIGHT CREATING SAFETY HAZARD.,Electrical & Lighting Department,Street Lighting,Streetlight Off,MEDIUM
Traffic signal lights not working at major intersection near Janakpuri.,Municipal Transport Department,Transport,Public Transport Facility,LOW
High voltage surge burnt electrical appliances in Karol Bagh.,Electricity Department,Electricity,Transformer Sparking,CRITICAL
bhai hamare area model town me 5 din se paani nahi aa raha hai.,Water Department,Water Supply,Low Water Pressure,MEDIUM
community waste bin overflowing near civil lines attracting flies and stray animals.,Sanitation & Waste Department,Waste Management,Open Waste Dumping,MEDIUM
"fogging karwao Pitampura area me, dengue cases badh rahe hain.",Public Health Department,Public Health,Vector Disease Control,HIGH
Rotting organic waste creating intense stench near Ring Road Junction main market.,Sanitation & Waste Department,Waste Management,Open Waste Dumping,MEDIUM
Road construction work near Ring Road Junction has been left incomplete for months.,Public Works Department,Roads / PWD,Road Repair Needed,MEDIUM
public toilet bahut ganda hai near Chandni Chowk bus stand.,Sanitation Department,Sanitation,Sewage Overflow,HIGH
Non-functional street lamps along main highway stretch near Rohini Sector 7.,Electrical & Lighting Department,Street Lighting,Daytime Light On,LOW
nali overflow kar rahi hai GT Road ke raste pe.,Municipal Drainage Department,Drainage,Clogged Gutter,MEDIUM
"Street lights remain turned on during daytime near Lajpat Nagar, wasting electricity.",Electrical & Lighting Department,Street Lighting,Dark Road Safety Concern,HIGH
Drainage gutter overflow inundating street water in Saket Block C.,Municipal Drainage Department,Drainage,Drainage Overflow,HIGH
Community waste bin overflowing near Vasant Kunj attracting flies and stray animals.,Sanitation & Waste Department,Waste Management,Uncollected Garbage,MEDIUM
clogged stormwater channel causing 2 feet water accumulation in railway station road.,Municipal Drainage Department,Drainage,Drainage Overflow,HIGH
waste bin overflow kar raha hai near Ring Road Junction colony.,Sanitation & Waste Department,Waste Management,Irregular Door-to-Door Collection,LOW
DOOR-TO-DOOR SANITATION TRUCK HASN'T VISITED LAJPAT NAGAR THIS WEEK.,Sanitation & Waste Department,Waste Management,Uncollected Garbage,MEDIUM
"street light 1 hafte se band hai gt road me, andhera rehta hai.",Electrical & Lighting Department,Street Lighting,Dark Road Safety Concern,HIGH
"Street lights remain turned on during daytime near Sector 17, wasting electricity.",Electrical & Lighting Department,Street Lighting,Streetlight Off,MEDIUM
bus stop shelter shade damaged and rusted near mayur vihar phase 1.,Municipal Transport Department,Transport,Traffic Signal Defect,HIGH
Buses parking illegally blocking lane near Preet Vihar terminal.,Municipal Transport Department,Transport,Public Transport Facility,LOW
Community waste bin overflowing near Rajouri Garden attracting flies and stray animals.,Sanitation & Waste Department,Waste Management,Irregular Door-to-Door Collection,LOW
sewage ka paani raste pe beh raha hai near Vasant Kunj.,Sanitation Department,Sanitation,Foul Smell / Unsanitary Area,MEDIUM
Streetlights turned off on main road near Mayur Vihar Phase 1 for 4 nights.,Electrical & Lighting Department,Street Lighting,Streetlight Off,MEDIUM
Garbage has not been collected from Model Town for 4 days.,Sanitation & Waste Department,Waste Management,Irregular Door-to-Door Collection,LOW
severe waterlogging in kashmere gate after light rain due to choked drains.,Municipal Drainage Department,Drainage,Clogged Gutter,MEDIUM
Entire stretch of road near Mayur Vihar Phase 1 is pitch dark at night creating safety hazard.,Electrical & Lighting Department,Street Lighting,Broken Lamp Pole,MEDIUM
Exposed live electrical wire hanging dangerously near school entrance in Dwarka Sector 10.,Electricity Department,Electricity,Low Voltage Issue,MEDIUM
Large deep potholes on main road near Railway Station Road causing accidents.,Public Works Department,Roads / PWD,Broken Footpath,LOW
There has been no water supply in Rohini Sector 7 for 10 days.,Water Department,Water Supply,Water Meter Defect,LOW
"BIJLI 6 GHANTE SE NAHI HAI CIVIL LINES ME, LIGHT KAB AAYEGI?",Electricity Department,Electricity,Transformer Sparking,CRITICAL
Frequent voltage fluctuations and power cuts in Lajpat Nagar area.,Electricity Department,Electricity,Low Voltage Issue,MEDIUM
machhar bohot ho gaye hain stagnant water ke wajah se Saket Block C me.,Public Health Department,Public Health,Vector Disease Control,HIGH
Streetlights turned off on main road near Lajpat Nagar for 5 nights.,Electrical & Lighting Department,Street Lighting,Dark Road Safety Concern,HIGH
footpath broken hai near Ring Road Junction station area.,Public Works Department,Roads / PWD,Incomplete Road Construction,MEDIUM
LIVE ELECTRICAL WIRE RASTE PE GIRA HUA HAI NEAR JANAKPURI.,Electricity Department,Electricity,Low Voltage Issue,MEDIUM
NO PROPER BUS SEATING SHED OR DISPLAY BOARD AT MAYUR VIHAR PHASE 1 STOP.,Municipal Transport Department,Transport,Public Transport Facility,LOW
Non-functional street lamps along main highway stretch near Rohini Sector 7.,Electrical & Lighting Department,Street Lighting,Dark Road Safety Concern,HIGH
kachra 4 din se nahi uthaya gaya hai Saket Block C se.,Sanitation & Waste Department,Waste Management,Garbage Dustbin Overflow,MEDIUM
sewage ka paani raste pe beh raha hai near pitampura.,Sanitation Department,Sanitation,Foul Smell / Unsanitary Area,MEDIUM
Asphalt has caved in near Chandni Chowk creating a dangerous road depression.,Public Works Department,Roads / PWD,Open Manhole Hazard,CRITICAL
Non-functional street lamps along main highway stretch near Lajpat Nagar.,Electrical & Lighting Department,Street Lighting,Broken Lamp Pole,MEDIUM
Pest infestation and open unhygienic waste near Dwarka Sector 10 food market.,Public Health Department,Public Health,Vector Disease Control,HIGH
Power transformer overloaded and sparking near Railway Station Road residential block.,Electricity Department,Electricity,Transformer Sparking,CRITICAL
Electricity transformer near GT Road is sparking violently and emitting smoke.,Electricity Department,Electricity,Damaged Electric Pole,HIGH
stray dogs problem near Chandni Chowk primary school.,Public Health Department,Public Health,Mosquito Breeding Hazard,HIGH
"traffic light kharab hai near Chandni Chowk chowk, jam lag raha hai.",Municipal Transport Department,Transport,Public Transport Facility,LOW
"open manhole hai road pe near Kashmere Gate, kisi ka accident ho sakta hai.",Public Works Department,Roads / PWD,Road Repair Needed,MEDIUM
Non-functional street lamps along main highway stretch near Rajouri Garden.,Electrical & Lighting Department,Street Lighting,Streetlight Off,MEDIUM
Rotting organic waste creating intense stench near Saket Block C main market.,Sanitation & Waste Department,Waste Management,Uncollected Garbage,MEDIUM
"fogging karwao gt road area me, dengue cases badh rahe hain.",Public Health Department,Public Health,Vector Disease Control,HIGH
Streetlights turned off on main road near Chandni Chowk for 2 nights.,Electrical & Lighting Department,Street Lighting,Streetlight Off,MEDIUM
Damaged bus shelter bench near Mayur Vihar Phase 1 causing inconvenience to elderly commuters.,Municipal Transport Department,Transport,Illegal Bus Parking,MEDIUM
live electrical wire raste pe gira hua hai near Sector 17.,Electricity Department,Electricity,Exposed Electrical Hazard,CRITICAL
"bijli 6 ghante se nahi hai Chandni Chowk me, light kab aayegi?",Electricity Department,Electricity,Power Outage,HIGH
Damaged bus shelter bench near Preet Vihar causing inconvenience to elderly commuters.,Municipal Transport Department,Transport,Illegal Bus Parking,MEDIUM
live electrical wire raste pe gira hua hai near Connaught Place.,Electricity Department,Electricity,Damaged Electric Pole,HIGH
Bus stop shelter shade damaged and rusted near Sector 17.,Municipal Transport Department,Transport,Public Transport Facility,LOW
traffic signal blinking red continuously at Karol Bagh intersection.,Municipal Transport Department,Transport,Bus Stop Damage,LOW
light pole toota hua hai near Karol Bagh park.,Electrical & Lighting Department,Street Lighting,Dark Road Safety Concern,HIGH
"bijli 6 ghante se nahi hai vasant kunj me, light kab aayegi?",Electricity Department,Electricity,Low Voltage Issue,MEDIUM
dark street near Mayur Vihar Phase 1 making it unsafe for women at night.,Electrical & Lighting Department,Street Lighting,Broken Lamp Pole,MEDIUM
door-to-door sanitation truck hasn't visited janakpuri this week.,Sanitation & Waste Department,Waste Management,Open Waste Dumping,MEDIUM
"fogging karwao Ring Road Junction area me, dengue cases badh rahe hain.",Public Health Department,Public Health,Food Hygiene Violation,MEDIUM
High voltage surge burnt electrical appliances in GT Road.,Electricity Department,Electricity,Exposed Electrical Hazard,CRITICAL
Our taps have been completely dry since yesterday.,Water Department,Water Supply,Water Meter Defect,LOW
community waste bin overflowing near ring road junction attracting flies and stray animals.,Sanitation & Waste Department,Waste Management,Irregular Door-to-Door Collection,LOW
Entire stretch of road near Karol Bagh is pitch dark at night creating safety hazard.,Electrical & Lighting Department,Street Lighting,Dark Road Safety Concern,HIGH
Traffic signal lights not working at major intersection near Preet Vihar.,Municipal Transport Department,Transport,Public Transport Facility,LOW
the road condition near railway station road is extremely bad and damaged.,Public Works Department,Roads / PWD,Incomplete Road Construction,MEDIUM
Drainage gutter overflow inundating street water in Ring Road Junction.,Municipal Drainage Department,Drainage,Stormwater Drain Blockage,HIGH
sewage and drain water entering houses in pitampura locality.,Municipal Drainage Department,Drainage,Waterlogging,HIGH
Bus stop shelter shade damaged and rusted near Vasant Kunj.,Municipal Transport Department,Transport,Illegal Bus Parking,MEDIUM
Main water supply pipeline damaged during road work in Railway Station Road.,Water Department,Water Supply,No Water Supply,HIGH
Door-to-door sanitation truck hasn't visited Preet Vihar this week.,Sanitation & Waste Department,Waste Management,Garbage Dustbin Overflow,MEDIUM
Urgent mosquito spray drive needed in Railway Station Road due to malaria outbreak risk.,Public Health Department,Public Health,Mosquito Breeding Hazard,HIGH
Urgent mosquito spray drive needed in Pitampura due to malaria outbreak risk.,Public Health Department,Public Health,Food Hygiene Violation,MEDIUM
Damaged bus shelter bench near Mayur Vihar Phase 1 causing inconvenience to elderly commuters.,Municipal Transport Department,Transport,Illegal Bus Parking,MEDIUM
light pole toota hua hai near Connaught Place park.,Electrical & Lighting Department,Street Lighting,Streetlight Off,MEDIUM
Public sanitation facility in Ring Road Junction lacks water and cleanliness.,Sanitation Department,Sanitation,Public Sanitation Nuisance,MEDIUM
"baarish ke baad kashmere gate me paani bhar gaya hai, drain blocked hai.",Municipal Drainage Department,Drainage,Stormwater Drain Blockage,HIGH
There is a major water shortage in our colony near Railway Station Road.,Water Department,Water Supply,No Water Supply,HIGH
stagnant water pool near railway station road becoming mosquito breeding ground for dengue.,Public Health Department,Public Health,Food Hygiene Violation,MEDIUM
asphalt has caved in near preet vihar creating a dangerous road depression.,Public Works Department,Roads / PWD,Dangerous Pothole,HIGH
Pipeline burst near Kashmere Gate causing heavy water leakage on road.,Water Department,Water Supply,Water Meter Defect,LOW
Stagnant water pool near Civil Lines becoming mosquito breeding ground for dengue.,Public Health Department,Public Health,Stray Animal Nuisance,MEDIUM
URGENT MOSQUITO SPRAY DRIVE NEEDED IN KAROL BAGH DUE TO MALARIA OUTBREAK RISK.,Public Health Department,Public Health,Food Hygiene Violation,MEDIUM
dark street near Rajouri Garden making it unsafe for women at night.,Electrical & Lighting Department,Street Lighting,Dark Road Safety Concern,HIGH
Damaged bus shelter bench near Janakpuri causing inconvenience to elderly commuters.,Municipal Transport Department,Transport,Bus Stop Damage,LOW
Fumigation and mosquito fogging required urgently in Civil Lines area.,Public Health Department,Public Health,Stray Animal Nuisance,MEDIUM
gutter blocked near gt road market area.,Municipal Drainage Department,Drainage,Waterlogging,HIGH
ganda paani aa raha hai tap me ring road junction ke andar.,Water Department,Water Supply,No Water Supply,HIGH
"traffic light kharab hai near civil lines chowk, jam lag raha hai.",Municipal Transport Department,Transport,Illegal Bus Parking,MEDIUM
no proper bus seating shed or display board at ring road junction stop.,Municipal Transport Department,Transport,Public Transport Facility,LOW
"fogging karwao lajpat nagar area me, dengue cases badh rahe hain.",Public Health Department,Public Health,Mosquito Breeding Hazard,HIGH
Dirty brown water is coming from the tap in Mayur Vihar Phase 1.,Water Department,Water Supply,Water Pipeline Leakage,HIGH
Dirty brown water is coming from the tap in Rohini Sector 7.,Water Department,Water Supply,Water Pipeline Leakage,HIGH
No drinking water available in Rajouri Garden for 2 consecutive days.,Water Department,Water Supply,No Water Supply,HIGH
Main junction near Karol Bagh has huge potholes damaging vehicles daily.,Public Works Department,Roads / PWD,Incomplete Road Construction,MEDIUM
KACHRA 4 DIN SE NAHI UTHAYA GAYA HAI RAILWAY STATION ROAD SE.,Sanitation & Waste Department,Waste Management,Irregular Door-to-Door Collection,LOW
"open manhole hai road pe near Rohini Sector 7, kisi ka accident ho sakta hai.",Public Works Department,Roads / PWD,Broken Footpath,LOW
"street light 1 hafte se band hai Railway Station Road me, andhera rehta hai.",Electrical & Lighting Department,Street Lighting,Broken Lamp Pole,MEDIUM
Drainage gutter overflow inundating street water in Railway Station Road.,Municipal Drainage Department,Drainage,Waterlogging,HIGH
live electrical wire raste pe gira hua hai near Ring Road Junction.,Electricity Department,Electricity,Transformer Sparking,CRITICAL
stray dogs problem near Mayur Vihar Phase 1 primary school.,Public Health Department,Public Health,Vector Disease Control,HIGH
Buses parking illegally blocking lane near Dwarka Sector 10 terminal.,Municipal Transport Department,Transport,Illegal Bus Parking,MEDIUM
Power supply has been out in Karol Bagh for more than 10 hours.,Electricity Department,Electricity,Damaged Electric Pole,HIGH
Door-to-door sanitation truck hasn't visited Civil Lines this week.,Sanitation & Waste Department,Waste Management,Open Waste Dumping,MEDIUM
Buses parking illegally blocking lane near Lajpat Nagar terminal.,Municipal Transport Department,Transport,Traffic Signal Defect,HIGH
Power supply has been out in GT Road for more than 2 hours.,Electricity Department,Electricity,Transformer Sparking,CRITICAL
"WATER PIPELINE IS LEAKING HEAVILY NEAR PREET VIHAR, WASTING CLEAN WATER.",Water Department,Water Supply,Water Pipeline Leakage,HIGH
Traffic signal lights not working at major intersection near Karol Bagh.,Municipal Transport Department,Transport,Bus Stop Damage,LOW
Drainage gutter overflow inundating street water in Lajpat Nagar.,Municipal Drainage Department,Drainage,Waterlogging,HIGH
Huge pile of uncollected trash dumped openly near Kashmere Gate corner.,Sanitation & Waste Department,Waste Management,Uncollected Garbage,MEDIUM
urgent mosquito spray drive needed in rohini sector 7 due to malaria outbreak risk.,Public Health Department,Public Health,Vector Disease Control,HIGH
"voltage bohot low hai Connaught Place me, fan bhi nahi chal raha.",Electricity Department,Electricity,Exposed Electrical Hazard,CRITICAL
dirty brown water is coming from the tap in gt road.,Water Department,Water Supply,Low Water Pressure,MEDIUM
LIVE ELECTRICAL WIRE RASTE PE GIRA HUA HAI NEAR GT ROAD.,Electricity Department,Electricity,Power Outage,HIGH
gutter blocked near Connaught Place market area.,Municipal Drainage Department,Drainage,Drainage Overflow,HIGH
dark street near Dwarka Sector 10 making it unsafe for women at night.,Electrical & Lighting Department,Street Lighting,Streetlight Off,MEDIUM
no proper bus seating shed or display board at janakpuri stop.,Municipal Transport Department,Transport,Illegal Bus Parking,MEDIUM
Overflowing sewage chamber creating severe health hazard near Karol Bagh residential flats.,Sanitation Department,Sanitation,Public Toilet Cleaning,MEDIUM
Public sanitation facility in Janakpuri lacks water and cleanliness.,Sanitation Department,Sanitation,Sewage Overflow,HIGH
PUBLIC TOILET BAHUT GANDA HAI NEAR RING ROAD JUNCTION BUS STAND.,Sanitation Department,Sanitation,Foul Smell / Unsanitary Area,MEDIUM
"fogging karwao Preet Vihar area me, dengue cases badh rahe hain.",Public Health Department,Public Health,Mosquito Breeding Hazard,HIGH
"fogging karwao Preet Vihar area me, dengue cases badh rahe hain.",Public Health Department,Public Health,Vector Disease Control,HIGH
Power transformer overloaded and sparking near Sector 17 residential block.,Electricity Department,Electricity,Transformer Sparking,CRITICAL
light pole toota hua hai near GT Road park.,Electrical & Lighting Department,Street Lighting,Streetlight Off,MEDIUM
There is a major water shortage in our colony near Mayur Vihar Phase 1.,Water Department,Water Supply,Water Pipeline Leakage,HIGH
GUTTER BLOCKED NEAR PITAMPURA MARKET AREA.,Municipal Drainage Department,Drainage,Stormwater Drain Blockage,HIGH
power transformer overloaded and sparking near dwarka sector 10 residential block.,Electricity Department,Electricity,Damaged Electric Pole,HIGH
bus stand ka shed toota hua hai near Karol Bagh.,Municipal Transport Department,Transport,Illegal Bus Parking,MEDIUM
DIRTY BROWN WATER IS COMING FROM THE TAP IN CHANDNI CHOWK.,Water Department,Water Supply,Contaminated / Dirty Water,HIGH
DAMAGED BUS SHELTER BENCH NEAR GT ROAD CAUSING INCONVENIENCE TO ELDERLY COMMUTERS.,Municipal Transport Department,Transport,Bus Stop Damage,LOW
stray dogs problem near vasant kunj primary school.,Public Health Department,Public Health,Food Hygiene Violation,MEDIUM
NALI OVERFLOW KAR RAHI HAI SAKET BLOCK C KE RASTE PE.,Municipal Drainage Department,Drainage,Waterlogging,HIGH
"bhai Ring Road Junction ke paas rasta poora toota hua hai, pothole hain bohot.",Public Works Department,Roads / PWD,Dangerous Pothole,HIGH
Fumigation and mosquito fogging required urgently in Pitampura area.,Public Health Department,Public Health,Mosquito Breeding Hazard,HIGH
Rotting organic waste creating intense stench near Preet Vihar main market.,Sanitation & Waste Department,Waste Management,Open Waste Dumping,MEDIUM
"baarish ke baad Vasant Kunj me paani bhar gaya hai, drain blocked hai.",Municipal Drainage Department,Drainage,Stormwater Drain Blockage,HIGH
MACHHAR BOHOT HO GAYE HAIN STAGNANT WATER KE WAJAH SE MAYUR VIHAR PHASE 1 ME.,Public Health Department,Public Health,Vector Disease Control,HIGH
door-to-door sanitation truck hasn't visited gt road this week.,Sanitation & Waste Department,Waste Management,Irregular Door-to-Door Collection,LOW
Bus stop shelter shade damaged and rusted near Connaught Place.,Municipal Transport Department,Transport,Bus Stop Damage,LOW
traffic signal blinking red continuously at Model Town intersection.,Municipal Transport Department,Transport,Bus Stop Damage,LOW
Stray dogs aggressiveness causing safety fear near Preet Vihar park.,Public Health Department,Public Health,Food Hygiene Violation,MEDIUM
Overflowing sewage chamber creating severe health hazard near GT Road residential flats.,Sanitation Department,Sanitation,Foul Smell / Unsanitary Area,MEDIUM
Power supply has been out in Saket Block C for more than 4 hours.,Electricity Department,Electricity,Damaged Electric Pole,HIGH
Complete blackout in Preet Vihar locality since Tuesday night.,Electricity Department,Electricity,Damaged Electric Pole,HIGH
Dirty brown water is coming from the tap in Vasant Kunj.,Water Department,Water Supply,Contaminated / Dirty Water,HIGH
Our taps have been completely dry since this morning.,Water Department,Water Supply,No Water Supply,HIGH
dark street near Sector 17 making it unsafe for women at night.,Electrical & Lighting Department,Street Lighting,Dark Road Safety Concern,HIGH
Public toilet near Ring Road Junction is extremely filthy and not cleaned for weeks.,Sanitation Department,Sanitation,Public Sanitation Nuisance,MEDIUM
Our taps have been completely dry since this morning.,Water Department,Water Supply,Water Pipeline Leakage,HIGH
Stray dogs aggressiveness causing safety fear near Railway Station Road park.,Public Health Department,Public Health,Vector Disease Control,HIGH
Rotting organic waste creating intense stench near Pitampura main market.,Sanitation & Waste Department,Waste Management,Garbage Dustbin Overflow,MEDIUM
Pest infestation and open unhygienic waste near Kashmere Gate food market.,Public Health Department,Public Health,Stray Animal Nuisance,MEDIUM
sanitation condition is very bad near Pitampura market area.,Sanitation Department,Sanitation,Foul Smell / Unsanitary Area,MEDIUM
"Street lights remain turned on during daytime near Chandni Chowk, wasting electricity.",Electrical & Lighting Department,Street Lighting,Streetlight Off,MEDIUM
bus stand ka shed toota hua hai near Connaught Place.,Municipal Transport Department,Transport,Illegal Bus Parking,MEDIUM
Traffic signal lights not working at major intersection near Preet Vihar.,Municipal Transport Department,Transport,Traffic Signal Defect,HIGH
There has been no water supply in Pitampura for 3 days.,Water Department,Water Supply,No Water Supply,HIGH
ASPHALT HAS CAVED IN NEAR SECTOR 17 CREATING A DANGEROUS ROAD DEPRESSION.,Public Works Department,Roads / PWD,Incomplete Road Construction,MEDIUM
nali overflow kar rahi hai kashmere gate ke raste pe.,Municipal Drainage Department,Drainage,Drainage Overflow,HIGH
there is a major water shortage in our colony near gt road.,Water Department,Water Supply,Water Pipeline Leakage,HIGH
Streetlights turned off on main road near Kashmere Gate for 3 nights.,Electrical & Lighting Department,Street Lighting,Dark Road Safety Concern,HIGH
Huge pile of uncollected trash dumped openly near Kashmere Gate corner.,Sanitation & Waste Department,Waste Management,Irregular Door-to-Door Collection,LOW
"paani ki supply bilkul band hai Railway Station Road me, please help karo.",Water Department,Water Supply,Water Pipeline Leakage,HIGH
Water has stopped coming in Kashmere Gate since last night.,Water Department,Water Supply,Contaminated / Dirty Water,HIGH
"bhai Chandni Chowk ke paas rasta poora toota hua hai, pothole hain bohot.",Public Works Department,Roads / PWD,Broken Footpath,LOW
"Road ki condition bahut kharab hai Ring Road Junction me, accident ho rahe hain.",Public Works Department,Roads / PWD,Broken Footpath,LOW
transformer se spark nikal raha hai near GT Road market.,Electricity Department,Electricity,Damaged Electric Pole,HIGH
Public toilet near Lajpat Nagar is extremely filthy and not cleaned for weeks.,Sanitation Department,Sanitation,Public Sanitation Nuisance,MEDIUM
Open manhole on main road near Mayur Vihar Phase 1 poses severe danger to pedestrians.,Public Works Department,Roads / PWD,Incomplete Road Construction,MEDIUM
sanitation condition is very bad near Mayur Vihar Phase 1 market area.,Sanitation Department,Sanitation,Sewage Overflow,HIGH
main junction near karol bagh has huge potholes damaging vehicles daily.,Public Works Department,Roads / PWD,Open Manhole Hazard,CRITICAL
dark street near Chandni Chowk making it unsafe for women at night.,Electrical & Lighting Department,Street Lighting,Broken Lamp Pole,MEDIUM
water pipe leak ho gaya hai Saket Block C market ke paas.,Water Department,Water Supply,Water Pipeline Leakage,HIGH
No proper bus seating shed or display board at Sector 17 stop.,Municipal Transport Department,Transport,Bus Stop Damage,LOW
sewage line overflowing near preet vihar creating unsanitary conditions.,Sanitation Department,Sanitation,Foul Smell / Unsanitary Area,MEDIUM
community waste bin overflowing near ring road junction attracting flies and stray animals.,Sanitation & Waste Department,Waste Management,Garbage Dustbin Overflow,MEDIUM
bus stand ka shed toota hua hai near Dwarka Sector 10.,Municipal Transport Department,Transport,Illegal Bus Parking,MEDIUM
"Water pressure is extremely low in Sector 17, cannot fill top tank.",Water Department,Water Supply,Water Meter Defect,LOW
Pest infestation and open unhygienic waste near Civil Lines food market.,Public Health Department,Public Health,Stray Animal Nuisance,MEDIUM
Rotting organic waste creating intense stench near Rohini Sector 7 main market.,Sanitation & Waste Department,Waste Management,Garbage Dustbin Overflow,MEDIUM
Stray dogs aggressiveness causing safety fear near GT Road park.,Public Health Department,Public Health,Vector Disease Control,HIGH
Water has stopped coming in Mayur Vihar Phase 1 since Tuesday.,Water Department,Water Supply,Contaminated / Dirty Water,HIGH
High voltage surge burnt electrical appliances in Rohini Sector 7.,Electricity Department,Electricity,Exposed Electrical Hazard,CRITICAL
Pest infestation and open unhygienic waste near Janakpuri food market.,Public Health Department,Public Health,Food Hygiene Violation,MEDIUM
Clogged stormwater channel causing 2 feet water accumulation in Kashmere Gate.,Municipal Drainage Department,Drainage,Waterlogging,HIGH
"voltage bohot low hai Preet Vihar me, fan bhi nahi chal raha.",Electricity Department,Electricity,Exposed Electrical Hazard,CRITICAL
Fumigation and mosquito fogging required urgently in Railway Station Road area.,Public Health Department,Public Health,Stray Animal Nuisance,MEDIUM
"street light 1 hafte se band hai lajpat nagar me, andhera rehta hai.",Electrical & Lighting Department,Street Lighting,Broken Lamp Pole,MEDIUM
Dirty brown water is coming from the tap in Preet Vihar.,Water Department,Water Supply,Contaminated / Dirty Water,HIGH
Sewage and drain water entering houses in Pitampura locality.,Municipal Drainage Department,Drainage,Clogged Gutter,MEDIUM
Drainage gutter overflow inundating street water in Railway Station Road.,Municipal Drainage Department,Drainage,Waterlogging,HIGH
"paani ki supply bilkul band hai Pitampura me, please help karo.",Water Department,Water Supply,No Water Supply,HIGH
sewage ka paani raste pe beh raha hai near Karol Bagh.,Sanitation Department,Sanitation,Public Sanitation Nuisance,MEDIUM
huge pile of uncollected trash dumped openly near janakpuri corner.,Sanitation & Waste Department,Waste Management,Open Waste Dumping,MEDIUM
"fogging karwao Karol Bagh area me, dengue cases badh rahe hain.",Public Health Department,Public Health,Vector Disease Control,HIGH
"open manhole hai road pe near Dwarka Sector 10, kisi ka accident ho sakta hai.",Public Works Department,Roads / PWD,Incomplete Road Construction,MEDIUM
community waste bin overflowing near gt road attracting flies and stray animals.,Sanitation & Waste Department,Waste Management,Garbage Dustbin Overflow,MEDIUM
transformer se spark nikal raha hai near Ring Road Junction market.,Electricity Department,Electricity,Power Outage,HIGH
stagnant water pool near pitampura becoming mosquito breeding ground for dengue.,Public Health Department,Public Health,Food Hygiene Violation,MEDIUM
Severe foul odor coming from unmaintained public restroom near Kashmere Gate.,Sanitation Department,Sanitation,Public Sanitation Nuisance,MEDIUM
"Water pipeline is leaking heavily near Connaught Place, wasting clean water.",Water Department,Water Supply,Low Water Pressure,MEDIUM
"paani ki supply bilkul band hai Rajouri Garden me, please help karo.",Water Department,Water Supply,Water Pipeline Leakage,HIGH
NALI OVERFLOW KAR RAHI HAI JANAKPURI KE RASTE PE.,Municipal Drainage Department,Drainage,Drainage Overflow,HIGH
machhar bohot ho gaye hain stagnant water ke wajah se GT Road me.,Public Health Department,Public Health,Food Hygiene Violation,MEDIUM
nali overflow kar rahi hai Rohini Sector 7 ke raste pe.,Municipal Drainage Department,Drainage,Waterlogging,HIGH
sanitation condition is very bad near Pitampura market area.,Sanitation Department,Sanitation,Public Sanitation Nuisance,MEDIUM
overflowing sewage chamber creating severe health hazard near gt road residential flats.,Sanitation Department,Sanitation,Sewage Overflow,HIGH
"open manhole hai road pe near rohini sector 7, kisi ka accident ho sakta hai.",Public Works Department,Roads / PWD,Incomplete Road Construction,MEDIUM
Urgent mosquito spray drive needed in Lajpat Nagar due to malaria outbreak risk.,Public Health Department,Public Health,Food Hygiene Violation,MEDIUM
Clogged stormwater channel causing 2 feet water accumulation in Railway Station Road.,Municipal Drainage Department,Drainage,Drainage Overflow,HIGH
streetlight pole broken and light fixture hanging near rajouri garden.,Electrical & Lighting Department,Street Lighting,Broken Lamp Pole,MEDIUM
Unannounced power cuts every 2 hours in Model Town during peak summer.,Electricity Department,Electricity,Power Outage,HIGH
tar layer has worn off completely near karol bagh making riding difficult.,Public Works Department,Roads / PWD,Open Manhole Hazard,CRITICAL
ROTTING ORGANIC WASTE CREATING INTENSE STENCH NEAR PITAMPURA MAIN MARKET.,Sanitation & Waste Department,Waste Management,Garbage Dustbin Overflow,MEDIUM
"fogging karwao Rohini Sector 7 area me, dengue cases badh rahe hain.",Public Health Department,Public Health,Stray Animal Nuisance,MEDIUM
Complete blackout in Railway Station Road locality since Monday night.,Electricity Department,Electricity,Low Voltage Issue,MEDIUM
water pipe leak ho gaya hai Model Town market ke paas.,Water Department,Water Supply,No Water Supply,HIGH
light pole toota hua hai near mayur vihar phase 1 park.,Electrical & Lighting Department,Street Lighting,Daytime Light On,LOW
Large deep potholes on main road near Janakpuri causing accidents.,Public Works Department,Roads / PWD,Dangerous Pothole,HIGH
"voltage bohot low hai civil lines me, fan bhi nahi chal raha.",Electricity Department,Electricity,Power Outage,HIGH
Overflowing sewage chamber creating severe health hazard near Sector 17 residential flats.,Sanitation Department,Sanitation,Public Sanitation Nuisance,MEDIUM
"baarish ke baad Pitampura me paani bhar gaya hai, drain blocked hai.",Municipal Drainage Department,Drainage,Drainage Overflow,HIGH
kachra 4 din se nahi uthaya gaya hai Ring Road Junction se.,Sanitation & Waste Department,Waste Management,Uncollected Garbage,MEDIUM
Urgent mosquito spray drive needed in Preet Vihar due to malaria outbreak risk.,Public Health Department,Public Health,Stray Animal Nuisance,MEDIUM
Public sanitation facility in Janakpuri lacks water and cleanliness.,Sanitation Department,Sanitation,Foul Smell / Unsanitary Area,MEDIUM
"bhai kashmere gate ke paas rasta poora toota hua hai, pothole hain bohot.",Public Works Department,Roads / PWD,Broken Footpath,LOW
Sewage and drain water entering houses in Connaught Place locality.,Municipal Drainage Department,Drainage,Stormwater Drain Blockage,HIGH
Frequent voltage fluctuations and power cuts in Janakpuri area.,Electricity Department,Electricity,Transformer Sparking,CRITICAL
traffic signal blinking red continuously at rohini sector 7 intersection.,Municipal Transport Department,Transport,Bus Stop Damage,LOW
kachra 4 din se nahi uthaya gaya hai Sector 17 se.,Sanitation & Waste Department,Waste Management,Garbage Dustbin Overflow,MEDIUM
Unannounced power cuts every 2 hours in Ring Road Junction during peak summer.,Electricity Department,Electricity,Low Voltage Issue,MEDIUM
water pipe leak ho gaya hai vasant kunj market ke paas.,Water Department,Water Supply,Contaminated / Dirty Water,HIGH
traffic signal blinking red continuously at Pitampura intersection.,Municipal Transport Department,Transport,Illegal Bus Parking,MEDIUM
"baarish ke baad Dwarka Sector 10 me paani bhar gaya hai, drain blocked hai.",Municipal Drainage Department,Drainage,Clogged Gutter,MEDIUM
sanitation condition is very bad near Railway Station Road market area.,Sanitation Department,Sanitation,Public Toilet Cleaning,MEDIUM
sewage ka paani raste pe beh raha hai near Saket Block C.,Sanitation Department,Sanitation,Public Toilet Cleaning,MEDIUM
severe foul odor coming from unmaintained public restroom near chandni chowk.,Sanitation Department,Sanitation,Sewage Overflow,HIGH
nali overflow kar rahi hai Rajouri Garden ke raste pe.,Municipal Drainage Department,Drainage,Drainage Overflow,HIGH
stormwater drain is completely clogged with silt near janakpuri.,Municipal Drainage Department,Drainage,Clogged Gutter,MEDIUM
ROTTING ORGANIC WASTE CREATING INTENSE STENCH NEAR CONNAUGHT PLACE MAIN MARKET.,Sanitation & Waste Department,Waste Management,Garbage Dustbin Overflow,MEDIUM
Buses parking illegally blocking lane near Rohini Sector 7 terminal.,Municipal Transport Department,Transport,Public Transport Facility,LOW
Severe waterlogging in Railway Station Road after light rain due to choked drains.,Municipal Drainage Department,Drainage,Drainage Overflow,HIGH
power transformer overloaded and sparking near chandni chowk residential block.,Electricity Department,Electricity,Exposed Electrical Hazard,CRITICAL
Clogged stormwater channel causing 2 feet water accumulation in Saket Block C.,Municipal Drainage Department,Drainage,Waterlogging,HIGH
Public sanitation facility in Sector 17 lacks water and cleanliness.,Sanitation Department,Sanitation,Public Sanitation Nuisance,MEDIUM
"bhai Pitampura ke paas rasta poora toota hua hai, pothole hain bohot.",Public Works Department,Roads / PWD,Broken Footpath,LOW
Water comes for only 10 minutes in the morning with very poor pressure at Civil Lines.,Water Department,Water Supply,Contaminated / Dirty Water,HIGH
"bhai Vasant Kunj ke paas rasta poora toota hua hai, pothole hain bohot.",Public Works Department,Roads / PWD,Road Repair Needed,MEDIUM
Exposed live electrical wire hanging dangerously near school entrance in Vasant Kunj.,Electricity Department,Electricity,Low Voltage Issue,MEDIUM
public toilet near karol bagh is extremely filthy and not cleaned for weeks.,Sanitation Department,Sanitation,Public Toilet Cleaning,MEDIUM
Sewage line overflowing near Railway Station Road creating unsanitary conditions.,Sanitation Department,Sanitation,Sewage Overflow,HIGH
Door-to-door sanitation truck hasn't visited Rohini Sector 7 this week.,Sanitation & Waste Department,Waste Management,Open Waste Dumping,MEDIUM
dark street near Rohini Sector 7 making it unsafe for women at night.,Electrical & Lighting Department,Street Lighting,Streetlight Off,MEDIUM
Streetlights turned off on main road near Chandni Chowk for 5 nights.,Electrical & Lighting Department,Street Lighting,Daytime Light On,LOW
nali overflow kar rahi hai Railway Station Road ke raste pe.,Municipal Drainage Department,Drainage,Clogged Gutter,MEDIUM
entire stretch of road near rohini sector 7 is pitch dark at night creating safety hazard.,Electrical & Lighting Department,Street Lighting,Dark Road Safety Concern,HIGH
tar layer has worn off completely near connaught place making riding difficult.,Public Works Department,Roads / PWD,Open Manhole Hazard,CRITICAL
"baarish ke baad Preet Vihar me paani bhar gaya hai, drain blocked hai.",Municipal Drainage Department,Drainage,Stormwater Drain Blockage,HIGH
Entire stretch of road near Model Town is pitch dark at night creating safety hazard.,Electrical & Lighting Department,Street Lighting,Dark Road Safety Concern,HIGH
Exposed live electrical wire hanging dangerously near school entrance in Janakpuri.,Electricity Department,Electricity,Power Outage,HIGH
PEST INFESTATION AND OPEN UNHYGIENIC WASTE NEAR RING ROAD JUNCTION FOOD MARKET.,Public Health Department,Public Health,Mosquito Breeding Hazard,HIGH
Rotting organic waste creating intense stench near Rajouri Garden main market.,Sanitation & Waste Department,Waste Management,Garbage Dustbin Overflow,MEDIUM
Footpath is broken and paved tiles are missing near Civil Lines.,Public Works Department,Roads / PWD,Dangerous Pothole,HIGH
No proper bus seating shed or display board at Vasant Kunj stop.,Municipal Transport Department,Transport,Illegal Bus Parking,MEDIUM
"paani ki supply bilkul band hai Railway Station Road me, please help karo.",Water Department,Water Supply,Low Water Pressure,MEDIUM
Sewage line overflowing near Civil Lines creating unsanitary conditions.,Sanitation Department,Sanitation,Public Sanitation Nuisance,MEDIUM
Damaged bus shelter bench near Karol Bagh causing inconvenience to elderly commuters.,Municipal Transport Department,Transport,Traffic Signal Defect,HIGH
sanitation condition is very bad near Mayur Vihar Phase 1 market area.,Sanitation Department,Sanitation,Public Toilet Cleaning,MEDIUM
"water pipeline is leaking heavily near ring road junction, wasting clean water.",Water Department,Water Supply,Water Meter Defect,LOW
garbage dump ho raha hai open space me near Dwarka Sector 10.,Sanitation & Waste Department,Waste Management,Open Waste Dumping,MEDIUM
light pole toota hua hai near Model Town park.,Electrical & Lighting Department,Street Lighting,Streetlight Off,MEDIUM
stray dogs problem near Ring Road Junction primary school.,Public Health Department,Public Health,Food Hygiene Violation,MEDIUM
sewage ka paani raste pe beh raha hai near dwarka sector 10.,Sanitation Department,Sanitation,Public Sanitation Nuisance,MEDIUM
Electric pole near Lajpat Nagar is leaning dangerously and about to fall.,Electricity Department,Electricity,Damaged Electric Pole,HIGH
Severe waterlogging in Lajpat Nagar after light rain due to choked drains.,Municipal Drainage Department,Drainage,Clogged Gutter,MEDIUM
Water comes for only 10 minutes in the morning with very poor pressure at Kashmere Gate.,Water Department,Water Supply,No Water Supply,HIGH
Public sanitation facility in Dwarka Sector 10 lacks water and cleanliness.,Sanitation Department,Sanitation,Public Toilet Cleaning,MEDIUM
Power transformer overloaded and sparking near Preet Vihar residential block.,Electricity Department,Electricity,Power Outage,HIGH
There is a major water shortage in our colony near Saket Block C.,Water Department,Water Supply,No Water Supply,HIGH
Fumigation and mosquito fogging required urgently in Civil Lines area.,Public Health Department,Public Health,Vector Disease Control,HIGH
Urgent mosquito spray drive needed in Rajouri Garden due to malaria outbreak risk.,Public Health Department,Public Health,Mosquito Breeding Hazard,HIGH
public sanitation facility in model town lacks water and cleanliness.,Sanitation Department,Sanitation,Sewage Overflow,HIGH
machhar bohot ho gaye hain stagnant water ke wajah se Civil Lines me.,Public Health Department,Public Health,Food Hygiene Violation,MEDIUM
Open manhole on main road near Pitampura poses severe danger to pedestrians.,Public Works Department,Roads / PWD,Incomplete Road Construction,MEDIUM
"fogging karwao Lajpat Nagar area me, dengue cases badh rahe hain.",Public Health Department,Public Health,Food Hygiene Violation,MEDIUM
kachra 4 din se nahi uthaya gaya hai Karol Bagh se.,Sanitation & Waste Department,Waste Management,Open Waste Dumping,MEDIUM
Sewage and drain water entering houses in Civil Lines locality.,Municipal Drainage Department,Drainage,Clogged Gutter,MEDIUM
dirty brown water is coming from the tap in rohini sector 7.,Water Department,Water Supply,Contaminated / Dirty Water,HIGH
rotting organic waste creating intense stench near vasant kunj main market.,Sanitation & Waste Department,Waste Management,Open Waste Dumping,MEDIUM
large deep potholes on main road near connaught place causing accidents.,Public Works Department,Roads / PWD,Broken Footpath,LOW
There is a major water shortage in our colony near Lajpat Nagar.,Water Department,Water Supply,Water Meter Defect,LOW
Garbage has not been collected from Lajpat Nagar for 4 days.,Sanitation & Waste Department,Waste Management,Open Waste Dumping,MEDIUM
Buses parking illegally blocking lane near Chandni Chowk terminal.,Municipal Transport Department,Transport,Illegal Bus Parking,MEDIUM
Garbage has not been collected from Dwarka Sector 10 for 3 days.,Sanitation & Waste Department,Waste Management,Irregular Door-to-Door Collection,LOW
Large deep potholes on main road near Mayur Vihar Phase 1 causing accidents.,Public Works Department,Roads / PWD,Broken Footpath,LOW
gutter blocked near Vasant Kunj market area.,Municipal Drainage Department,Drainage,Waterlogging,HIGH
Stray dogs aggressiveness causing safety fear near GT Road park.,Public Health Department,Public Health,Food Hygiene Violation,MEDIUM
Garbage has not been collected from Kashmere Gate for 2 days.,Sanitation & Waste Department,Waste Management,Irregular Door-to-Door Collection,LOW
"water pipeline is leaking heavily near dwarka sector 10, wasting clean water.",Water Department,Water Supply,Contaminated / Dirty Water,HIGH
"voltage bohot low hai Rohini Sector 7 me, fan bhi nahi chal raha.",Electricity Department,Electricity,Damaged Electric Pole,HIGH
Stagnant water pool near Pitampura becoming mosquito breeding ground for dengue.,Public Health Department,Public Health,Vector Disease Control,HIGH
"traffic light kharab hai near mayur vihar phase 1 chowk, jam lag raha hai.",Municipal Transport Department,Transport,Public Transport Facility,LOW
Sewage and drain water entering houses in Connaught Place locality.,Municipal Drainage Department,Drainage,Waterlogging,HIGH
Traffic signal lights not working at major intersection near Connaught Place.,Municipal Transport Department,Transport,Traffic Signal Defect,HIGH
Pest infestation and open unhygienic waste near Lajpat Nagar food market.,Public Health Department,Public Health,Vector Disease Control,HIGH
"fogging karwao Civil Lines area me, dengue cases badh rahe hain.",Public Health Department,Public Health,Mosquito Breeding Hazard,HIGH
non-functional street lamps along main highway stretch near ring road junction.,Electrical & Lighting Department,Street Lighting,Daytime Light On,LOW
"traffic light kharab hai near Rajouri Garden chowk, jam lag raha hai.",Municipal Transport Department,Transport,Illegal Bus Parking,MEDIUM
sewage line overflowing near dwarka sector 10 creating unsanitary conditions.,Sanitation Department,Sanitation,Public Sanitation Nuisance,MEDIUM
water comes for only 10 minutes in the morning with very poor pressure at karol bagh.,Water Department,Water Supply,Low Water Pressure,MEDIUM
Stormwater drain is completely clogged with silt near Saket Block C.,Municipal Drainage Department,Drainage,Stormwater Drain Blockage,HIGH
"open manhole hai road pe near Model Town, kisi ka accident ho sakta hai.",Public Works Department,Roads / PWD,Broken Footpath,LOW
"bijli 6 ghante se nahi hai Preet Vihar me, light kab aayegi?",Electricity Department,Electricity,Damaged Electric Pole,HIGH
Urgent mosquito spray drive needed in Railway Station Road due to malaria outbreak risk.,Public Health Department,Public Health,Vector Disease Control,HIGH
gutter blocked near Model Town market area.,Municipal Drainage Department,Drainage,Drainage Overflow,HIGH
drainage gutter overflow inundating street water in vasant kunj.,Municipal Drainage Department,Drainage,Drainage Overflow,HIGH
MACHHAR BOHOT HO GAYE HAIN STAGNANT WATER KE WAJAH SE CIVIL LINES ME.,Public Health Department,Public Health,Mosquito Breeding Hazard,HIGH
garbage dump ho raha hai open space me near Lajpat Nagar.,Sanitation & Waste Department,Waste Management,Uncollected Garbage,MEDIUM
"street lights remain turned on during daytime near vasant kunj, wasting electricity.",Electrical & Lighting Department,Street Lighting,Streetlight Off,MEDIUM
transformer se spark nikal raha hai near Pitampura market.,Electricity Department,Electricity,Power Outage,HIGH
road is completely dug up near gt road and no barricades put.,Public Works Department,Roads / PWD,Incomplete Road Construction,MEDIUM
bus stop shelter shade damaged and rusted near rajouri garden.,Municipal Transport Department,Transport,Public Transport Facility,LOW
damaged bus shelter bench near civil lines causing inconvenience to elderly commuters.,Municipal Transport Department,Transport,Public Transport Facility,LOW
Clogged stormwater channel causing 2 feet water accumulation in Saket Block C.,Municipal Drainage Department,Drainage,Clogged Gutter,MEDIUM
No drinking water available in Model Town for 7 consecutive days.,Water Department,Water Supply,Water Meter Defect,LOW
"street light 1 hafte se band hai Karol Bagh me, andhera rehta hai.",Electrical & Lighting Department,Street Lighting,Daytime Light On,LOW
Electric pole near Rohini Sector 7 is leaning dangerously and about to fall.,Electricity Department,Electricity,Exposed Electrical Hazard,CRITICAL
"STREET LIGHTS REMAIN TURNED ON DURING DAYTIME NEAR CIVIL LINES, WASTING ELECTRICITY.",Electrical & Lighting Department,Street Lighting,Dark Road Safety Concern,HIGH
Overflowing sewage chamber creating severe health hazard near Sector 17 residential flats.,Sanitation Department,Sanitation,Public Toilet Cleaning,MEDIUM
Non-functional street lamps along main highway stretch near Lajpat Nagar.,Electrical & Lighting Department,Street Lighting,Daytime Light On,LOW
Streetlight pole broken and light fixture hanging near Vasant Kunj.,Electrical & Lighting Department,Street Lighting,Broken Lamp Pole,MEDIUM
Urgent mosquito spray drive needed in Lajpat Nagar due to malaria outbreak risk.,Public Health Department,Public Health,Stray Animal Nuisance,MEDIUM
Stray dogs aggressiveness causing safety fear near Preet Vihar park.,Public Health Department,Public Health,Food Hygiene Violation,MEDIUM
sanitation condition is very bad near Vasant Kunj market area.,Sanitation Department,Sanitation,Foul Smell / Unsanitary Area,MEDIUM
"open manhole hai road pe near Vasant Kunj, kisi ka accident ho sakta hai.",Public Works Department,Roads / PWD,Broken Footpath,LOW
huge pile of uncollected trash dumped openly near dwarka sector 10 corner.,Sanitation & Waste Department,Waste Management,Irregular Door-to-Door Collection,LOW
Power transformer overloaded and sparking near Saket Block C residential block.,Electricity Department,Electricity,Damaged Electric Pole,HIGH
No proper bus seating shed or display board at Rajouri Garden stop.,Municipal Transport Department,Transport,Bus Stop Damage,LOW
No proper bus seating shed or display board at Rohini Sector 7 stop.,Municipal Transport Department,Transport,Public Transport Facility,LOW
water pipe leak ho gaya hai Rohini Sector 7 market ke paas.,Water Department,Water Supply,Water Pipeline Leakage,HIGH
No proper bus seating shed or display board at Dwarka Sector 10 stop.,Municipal Transport Department,Transport,Bus Stop Damage,LOW
water comes for only 10 minutes in the morning with very poor pressure at vasant kunj.,Water Department,Water Supply,Low Water Pressure,MEDIUM
gutter blocked near Vasant Kunj market area.,Municipal Drainage Department,Drainage,Clogged Gutter,MEDIUM
asphalt has caved in near lajpat nagar creating a dangerous road depression.,Public Works Department,Roads / PWD,Dangerous Pothole,HIGH
Streetlights turned off on main road near Model Town for 2 nights.,Electrical & Lighting Department,Street Lighting,Daytime Light On,LOW
Fumigation and mosquito fogging required urgently in Railway Station Road area.,Public Health Department,Public Health,Stray Animal Nuisance,MEDIUM
Clogged stormwater channel causing 2 feet water accumulation in Sector 17.,Municipal Drainage Department,Drainage,Stormwater Drain Blockage,HIGH
sewage ka paani raste pe beh raha hai near chandni chowk.,Sanitation Department,Sanitation,Public Sanitation Nuisance,MEDIUM
severe foul odor coming from unmaintained public restroom near mayur vihar phase 1.,Sanitation Department,Sanitation,Sewage Overflow,HIGH
light pole toota hua hai near Karol Bagh park.,Electrical & Lighting Department,Street Lighting,Dark Road Safety Concern,HIGH
Sewage line overflowing near Ring Road Junction creating unsanitary conditions.,Sanitation Department,Sanitation,Sewage Overflow,HIGH
"street lights remain turned on during daytime near vasant kunj, wasting electricity.",Electrical & Lighting Department,Street Lighting,Daytime Light On,LOW
community waste bin overflowing near janakpuri attracting flies and stray animals.,Sanitation & Waste Department,Waste Management,Garbage Dustbin Overflow,MEDIUM
Open manhole on main road near Vasant Kunj poses severe danger to pedestrians.,Public Works Department,Roads / PWD,Dangerous Pothole,HIGH
Power transformer overloaded and sparking near Rohini Sector 7 residential block.,Electricity Department,Electricity,Low Voltage Issue,MEDIUM
"Water pressure is extremely low in Lajpat Nagar, cannot fill top tank.",Water Department,Water Supply,No Water Supply,HIGH
"voltage bohot low hai Karol Bagh me, fan bhi nahi chal raha.",Electricity Department,Electricity,Exposed Electrical Hazard,CRITICAL
Severe foul odor coming from unmaintained public restroom near Rajouri Garden.,Sanitation Department,Sanitation,Public Toilet Cleaning,MEDIUM
Streetlight pole broken and light fixture hanging near Connaught Place.,Electrical & Lighting Department,Street Lighting,Daytime Light On,LOW
Bus stop shelter shade damaged and rusted near Preet Vihar.,Municipal Transport Department,Transport,Illegal Bus Parking,MEDIUM
sewage and drain water entering houses in vasant kunj locality.,Municipal Drainage Department,Drainage,Waterlogging,HIGH
Garbage has not been collected from Civil Lines for 3 days.,Sanitation & Waste Department,Waste Management,Garbage Dustbin Overflow,MEDIUM
Public sanitation facility in Rajouri Garden lacks water and cleanliness.,Sanitation Department,Sanitation,Public Toilet Cleaning,MEDIUM
Rotting organic waste creating intense stench near Rajouri Garden main market.,Sanitation & Waste Department,Waste Management,Irregular Door-to-Door Collection,LOW
waste bin overflow kar raha hai near Rajouri Garden colony.,Sanitation & Waste Department,Waste Management,Garbage Dustbin Overflow,MEDIUM
kachra 4 din se nahi uthaya gaya hai Model Town se.,Sanitation & Waste Department,Waste Management,Garbage Dustbin Overflow,MEDIUM
No proper bus seating shed or display board at Connaught Place stop.,Municipal Transport Department,Transport,Bus Stop Damage,LOW
"road ki condition bahut kharab hai sector 17 me, accident ho rahe hain.",Public Works Department,Roads / PWD,Dangerous Pothole,HIGH
light pole toota hua hai near sector 17 park.,Electrical & Lighting Department,Street Lighting,Streetlight Off,MEDIUM
high voltage surge burnt electrical appliances in janakpuri.,Electricity Department,Electricity,Low Voltage Issue,MEDIUM
KACHRA 4 DIN SE NAHI UTHAYA GAYA HAI KASHMERE GATE SE.,Sanitation & Waste Department,Waste Management,Uncollected Garbage,MEDIUM
TRAFFIC SIGNAL BLINKING RED CONTINUOUSLY AT KASHMERE GATE INTERSECTION.,Municipal Transport Department,Transport,Public Transport Facility,LOW
nali overflow kar rahi hai Chandni Chowk ke raste pe.,Municipal Drainage Department,Drainage,Drainage Overflow,HIGH
sewage ka paani raste pe beh raha hai near connaught place.,Sanitation Department,Sanitation,Public Toilet Cleaning,MEDIUM
Pipeline burst near Dwarka Sector 10 causing heavy water leakage on road.,Water Department,Water Supply,Contaminated / Dirty Water,HIGH
Severe waterlogging in GT Road after light rain due to choked drains.,Municipal Drainage Department,Drainage,Waterlogging,HIGH
Sewage and drain water entering houses in Connaught Place locality.,Municipal Drainage Department,Drainage,Clogged Gutter,MEDIUM
electric pole near saket block c is leaning dangerously and about to fall.,Electricity Department,Electricity,Damaged Electric Pole,HIGH
Power supply has been out in Vasant Kunj for more than 5 hours.,Electricity Department,Electricity,Transformer Sparking,CRITICAL
Power transformer overloaded and sparking near Mayur Vihar Phase 1 residential block.,Electricity Department,Electricity,Low Voltage Issue,MEDIUM
Complete blackout in Civil Lines locality since this morning night.,Electricity Department,Electricity,Transformer Sparking,CRITICAL
"bijli 6 ghante se nahi hai Vasant Kunj me, light kab aayegi?",Electricity Department,Electricity,Power Outage,HIGH
Bus stop shelter shade damaged and rusted near Mayur Vihar Phase 1.,Municipal Transport Department,Transport,Illegal Bus Parking,MEDIUM
The road condition near Connaught Place is extremely bad and damaged.,Public Works Department,Roads / PWD,Broken Footpath,LOW
sewage line overflowing near kashmere gate creating unsanitary conditions.,Sanitation Department,Sanitation,Public Sanitation Nuisance,MEDIUM
stray dogs problem near Civil Lines primary school.,Public Health Department,Public Health,Stray Animal Nuisance,MEDIUM
BUS STOP SHELTER SHADE DAMAGED AND RUSTED NEAR DWARKA SECTOR 10.,Municipal Transport Department,Transport,Public Transport Facility,LOW
traffic signal lights not working at major intersection near rohini sector 7.,Municipal Transport Department,Transport,Illegal Bus Parking,MEDIUM
Large deep potholes on main road near Chandni Chowk causing accidents.,Public Works Department,Roads / PWD,Road Repair Needed,MEDIUM
severe waterlogging in ring road junction after light rain due to choked drains.,Municipal Drainage Department,Drainage,Drainage Overflow,HIGH
bus stand ka shed toota hua hai near Ring Road Junction.,Municipal Transport Department,Transport,Traffic Signal Defect,HIGH
machhar bohot ho gaye hain stagnant water ke wajah se Pitampura me.,Public Health Department,Public Health,Food Hygiene Violation,MEDIUM
Buses parking illegally blocking lane near GT Road terminal.,Municipal Transport Department,Transport,Illegal Bus Parking,MEDIUM
Buses parking illegally blocking lane near Dwarka Sector 10 terminal.,Municipal Transport Department,Transport,Bus Stop Damage,LOW
Streetlight pole broken and light fixture hanging near Karol Bagh.,Electrical & Lighting Department,Street Lighting,Streetlight Off,MEDIUM
Exposed live electrical wire hanging dangerously near school entrance in Rajouri Garden.,Electricity Department,Electricity,Exposed Electrical Hazard,CRITICAL
Tar layer has worn off completely near Saket Block C making riding difficult.,Public Works Department,Roads / PWD,Open Manhole Hazard,CRITICAL
HIGH VOLTAGE SURGE BURNT ELECTRICAL APPLIANCES IN MAYUR VIHAR PHASE 1.,Electricity Department,Electricity,Transformer Sparking,CRITICAL
Severe waterlogging in Kashmere Gate after light rain due to choked drains.,Municipal Drainage Department,Drainage,Waterlogging,HIGH
"Road ki condition bahut kharab hai Pitampura me, accident ho rahe hain.",Public Works Department,Roads / PWD,Incomplete Road Construction,MEDIUM
Frequent voltage fluctuations and power cuts in Karol Bagh area.,Electricity Department,Electricity,Damaged Electric Pole,HIGH
Road is completely dug up near Sector 17 and no barricades put.,Public Works Department,Roads / PWD,Incomplete Road Construction,MEDIUM
Non-functional street lamps along main highway stretch near Ring Road Junction.,Electrical & Lighting Department,Street Lighting,Broken Lamp Pole,MEDIUM
Water has stopped coming in Model Town since yesterday.,Water Department,Water Supply,Contaminated / Dirty Water,HIGH
waste bin overflow kar raha hai near Lajpat Nagar colony.,Sanitation & Waste Department,Waste Management,Uncollected Garbage,MEDIUM
There has been no water supply in Rohini Sector 7 for 3 days.,Water Department,Water Supply,Low Water Pressure,MEDIUM
COMMUNITY WASTE BIN OVERFLOWING NEAR SECTOR 17 ATTRACTING FLIES AND STRAY ANIMALS.,Sanitation & Waste Department,Waste Management,Garbage Dustbin Overflow,MEDIUM
our taps have been completely dry since this morning.,Water Department,Water Supply,Water Pipeline Leakage,HIGH
The road condition near Kashmere Gate is extremely bad and damaged.,Public Works Department,Roads / PWD,Open Manhole Hazard,CRITICAL
Unannounced power cuts every 2 hours in Ring Road Junction during peak summer.,Electricity Department,Electricity,Exposed Electrical Hazard,CRITICAL
Pipeline burst near GT Road causing heavy water leakage on road.,Water Department,Water Supply,No Water Supply,HIGH
"baarish ke baad lajpat nagar me paani bhar gaya hai, drain blocked hai.",Municipal Drainage Department,Drainage,Waterlogging,HIGH
traffic signal blinking red continuously at sector 17 intersection.,Municipal Transport Department,Transport,Traffic Signal Defect,HIGH
sewage ka paani raste pe beh raha hai near Vasant Kunj.,Sanitation Department,Sanitation,Foul Smell / Unsanitary Area,MEDIUM
public toilet bahut ganda hai near Dwarka Sector 10 bus stand.,Sanitation Department,Sanitation,Foul Smell / Unsanitary Area,MEDIUM
Huge pile of uncollected trash dumped openly near Vasant Kunj corner.,Sanitation & Waste Department,Waste Management,Uncollected Garbage,MEDIUM
Pipeline burst near Dwarka Sector 10 causing heavy water leakage on road.,Water Department,Water Supply,Water Pipeline Leakage,HIGH
high voltage surge burnt electrical appliances in connaught place.,Electricity Department,Electricity,Power Outage,HIGH
There has been no water supply in Mayur Vihar Phase 1 for 7 days.,Water Department,Water Supply,Water Pipeline Leakage,HIGH
Huge pile of uncollected trash dumped openly near GT Road corner.,Sanitation & Waste Department,Waste Management,Open Waste Dumping,MEDIUM
Road construction work near Janakpuri has been left incomplete for months.,Public Works Department,Roads / PWD,Dangerous Pothole,HIGH
"open manhole hai road pe near Civil Lines, kisi ka accident ho sakta hai.",Public Works Department,Roads / PWD,Broken Footpath,LOW
Traffic signal lights not working at major intersection near Chandni Chowk.,Municipal Transport Department,Transport,Bus Stop Damage,LOW
waste bin overflow kar raha hai near Mayur Vihar Phase 1 colony.,Sanitation & Waste Department,Waste Management,Open Waste Dumping,MEDIUM
pest infestation and open unhygienic waste near saket block c food market.,Public Health Department,Public Health,Food Hygiene Violation,MEDIUM
Power transformer overloaded and sparking near Mayur Vihar Phase 1 residential block.,Electricity Department,Electricity,Low Voltage Issue,MEDIUM
Tar layer has worn off completely near Sector 17 making riding difficult.,Public Works Department,Roads / PWD,Broken Footpath,LOW
frequent voltage fluctuations and power cuts in sector 17 area.,Electricity Department,Electricity,Power Outage,HIGH
Severe foul odor coming from unmaintained public restroom near Civil Lines.,Sanitation Department,Sanitation,Public Sanitation Nuisance,MEDIUM
High voltage surge burnt electrical appliances in GT Road.,Electricity Department,Electricity,Power Outage,HIGH
High voltage surge burnt electrical appliances in Rohini Sector 7.,Electricity Department,Electricity,Exposed Electrical Hazard,CRITICAL
sanitation condition is very bad near Model Town market area.,Sanitation Department,Sanitation,Foul Smell / Unsanitary Area,MEDIUM
Severe foul odor coming from unmaintained public restroom near Saket Block C.,Sanitation Department,Sanitation,Foul Smell / Unsanitary Area,MEDIUM
sanitation condition is very bad near Dwarka Sector 10 market area.,Sanitation Department,Sanitation,Public Toilet Cleaning,MEDIUM
Sewage line overflowing near Vasant Kunj creating unsanitary conditions.,Sanitation Department,Sanitation,Public Toilet Cleaning,MEDIUM
Frequent voltage fluctuations and power cuts in Preet Vihar area.,Electricity Department,Electricity,Low Voltage Issue,MEDIUM
bus stand ka shed toota hua hai near Model Town.,Municipal Transport Department,Transport,Illegal Bus Parking,MEDIUM
Stagnant water pool near Railway Station Road becoming mosquito breeding ground for dengue.,Public Health Department,Public Health,Mosquito Breeding Hazard,HIGH
sewage line overflowing near janakpuri creating unsanitary conditions.,Sanitation Department,Sanitation,Public Toilet Cleaning,MEDIUM
Dirty brown water is coming from the tap in Sector 17.,Water Department,Water Supply,No Water Supply,HIGH
kachra 4 din se nahi uthaya gaya hai Kashmere Gate se.,Sanitation & Waste Department,Waste Management,Open Waste Dumping,MEDIUM
Stagnant water pool near Rohini Sector 7 becoming mosquito breeding ground for dengue.,Public Health Department,Public Health,Food Hygiene Violation,MEDIUM
EXPOSED LIVE ELECTRICAL WIRE HANGING DANGEROUSLY NEAR SCHOOL ENTRANCE IN DWARKA SECTOR 10.,Electricity Department,Electricity,Damaged Electric Pole,HIGH
Community waste bin overflowing near Sector 17 attracting flies and stray animals.,Sanitation & Waste Department,Waste Management,Open Waste Dumping,MEDIUM
public toilet bahut ganda hai near Preet Vihar bus stand.,Sanitation Department,Sanitation,Public Toilet Cleaning,MEDIUM
"bijli 6 ghante se nahi hai rajouri garden me, light kab aayegi?",Electricity Department,Electricity,Power Outage,HIGH
bus stand ka shed toota hua hai near kashmere gate.,Municipal Transport Department,Transport,Bus Stop Damage,LOW
Huge pile of uncollected trash dumped openly near Connaught Place corner.,Sanitation & Waste Department,Waste Management,Uncollected Garbage,MEDIUM
"paani ki supply bilkul band hai Mayur Vihar Phase 1 me, please help karo.",Water Department,Water Supply,Contaminated / Dirty Water,HIGH
"Water pressure is extremely low in Lajpat Nagar, cannot fill top tank.",Water Department,Water Supply,Water Pipeline Leakage,HIGH
Clogged stormwater channel causing 2 feet water accumulation in Mayur Vihar Phase 1.,Municipal Drainage Department,Drainage,Waterlogging,HIGH
"traffic light kharab hai near karol bagh chowk, jam lag raha hai.",Municipal Transport Department,Transport,Public Transport Facility,LOW
garbage dump ho raha hai open space me near Lajpat Nagar.,Sanitation & Waste Department,Waste Management,Uncollected Garbage,MEDIUM
Road is completely dug up near Rohini Sector 7 and no barricades put.,Public Works Department,Roads / PWD,Dangerous Pothole,HIGH
Drainage gutter overflow inundating street water in Dwarka Sector 10.,Municipal Drainage Department,Drainage,Waterlogging,HIGH
POWER TRANSFORMER OVERLOADED AND SPARKING NEAR JANAKPURI RESIDENTIAL BLOCK.,Electricity Department,Electricity,Damaged Electric Pole,HIGH
Severe foul odor coming from unmaintained public restroom near Model Town.,Sanitation Department,Sanitation,Public Sanitation Nuisance,MEDIUM
Electricity transformer near GT Road is sparking violently and emitting smoke.,Electricity Department,Electricity,Transformer Sparking,CRITICAL
ROAD IS COMPLETELY DUG UP NEAR KASHMERE GATE AND NO BARRICADES PUT.,Public Works Department,Roads / PWD,Road Repair Needed,MEDIUM
Complete blackout in Lajpat Nagar locality since Tuesday night.,Electricity Department,Electricity,Exposed Electrical Hazard,CRITICAL
Open manhole on main road near Vasant Kunj poses severe danger to pedestrians.,Public Works Department,Roads / PWD,Open Manhole Hazard,CRITICAL
traffic signal blinking red continuously at Lajpat Nagar intersection.,Municipal Transport Department,Transport,Public Transport Facility,LOW
Stray dogs aggressiveness causing safety fear near Lajpat Nagar park.,Public Health Department,Public Health,Vector Disease Control,HIGH
bus stand ka shed toota hua hai near Ring Road Junction.,Municipal Transport Department,Transport,Public Transport Facility,LOW
Road is completely dug up near Saket Block C and no barricades put.,Public Works Department,Roads / PWD,Road Repair Needed,MEDIUM
Our taps have been completely dry since Monday.,Water Department,Water Supply,No Water Supply,HIGH
stormwater drain is completely clogged with silt near gt road.,Municipal Drainage Department,Drainage,Stormwater Drain Blockage,HIGH
gutter blocked near Saket Block C market area.,Municipal Drainage Department,Drainage,Clogged Gutter,MEDIUM
kachra 4 din se nahi uthaya gaya hai Vasant Kunj se.,Sanitation & Waste Department,Waste Management,Garbage Dustbin Overflow,MEDIUM
gutter blocked near sector 17 market area.,Municipal Drainage Department,Drainage,Waterlogging,HIGH
machhar bohot ho gaye hain stagnant water ke wajah se rohini sector 7 me.,Public Health Department,Public Health,Food Hygiene Violation,MEDIUM
Severe waterlogging in Vasant Kunj after light rain due to choked drains.,Municipal Drainage Department,Drainage,Stormwater Drain Blockage,HIGH
"Road ki condition bahut kharab hai Janakpuri me, accident ho rahe hain.",Public Works Department,Roads / PWD,Incomplete Road Construction,MEDIUM
sanitation condition is very bad near GT Road market area.,Sanitation Department,Sanitation,Public Sanitation Nuisance,MEDIUM
traffic signal blinking red continuously at Ring Road Junction intersection.,Municipal Transport Department,Transport,Public Transport Facility,LOW
stagnant water pool near karol bagh becoming mosquito breeding ground for dengue.,Public Health Department,Public Health,Vector Disease Control,HIGH
Severe foul odor coming from unmaintained public restroom near Vasant Kunj.,Sanitation Department,Sanitation,Public Sanitation Nuisance,MEDIUM
Door-to-door sanitation truck hasn't visited Mayur Vihar Phase 1 this week.,Sanitation & Waste Department,Waste Management,Open Waste Dumping,MEDIUM
public toilet bahut ganda hai near Model Town bus stand.,Sanitation Department,Sanitation,Public Toilet Cleaning,MEDIUM
electric pole near lajpat nagar is leaning dangerously and about to fall.,Electricity Department,Electricity,Exposed Electrical Hazard,CRITICAL
dark street near Kashmere Gate making it unsafe for women at night.,Electrical & Lighting Department,Street Lighting,Dark Road Safety Concern,HIGH
Unannounced power cuts every 2 hours in Kashmere Gate during peak summer.,Electricity Department,Electricity,Transformer Sparking,CRITICAL
footpath broken hai near Pitampura station area.,Public Works Department,Roads / PWD,Road Repair Needed,MEDIUM
sanitation condition is very bad near Mayur Vihar Phase 1 market area.,Sanitation Department,Sanitation,Sewage Overflow,HIGH
"traffic light kharab hai near Ring Road Junction chowk, jam lag raha hai.",Municipal Transport Department,Transport,Public Transport Facility,LOW
public toilet bahut ganda hai near Civil Lines bus stand.,Sanitation Department,Sanitation,Foul Smell / Unsanitary Area,MEDIUM
garbage dump ho raha hai open space me near Rohini Sector 7.,Sanitation & Waste Department,Waste Management,Uncollected Garbage,MEDIUM
sewage line overflowing near civil lines creating unsanitary conditions.,Sanitation Department,Sanitation,Public Sanitation Nuisance,MEDIUM
garbage has not been collected from janakpuri for 2 days.,Sanitation & Waste Department,Waste Management,Garbage Dustbin Overflow,MEDIUM
severe waterlogging in karol bagh after light rain due to choked drains.,Municipal Drainage Department,Drainage,Waterlogging,HIGH
"STREET LIGHT 1 HAFTE SE BAND HAI VASANT KUNJ ME, ANDHERA REHTA HAI.",Electrical & Lighting Department,Street Lighting,Daytime Light On,LOW
high voltage surge burnt electrical appliances in railway station road.,Electricity Department,Electricity,Power Outage,HIGH
garbage dump ho raha hai open space me near Pitampura.,Sanitation & Waste Department,Waste Management,Irregular Door-to-Door Collection,LOW
"open manhole hai road pe near railway station road, kisi ka accident ho sakta hai.",Public Works Department,Roads / PWD,Road Repair Needed,MEDIUM
garbage dump ho raha hai open space me near Rohini Sector 7.,Sanitation & Waste Department,Waste Management,Uncollected Garbage,MEDIUM
"baarish ke baad Chandni Chowk me paani bhar gaya hai, drain blocked hai.",Municipal Drainage Department,Drainage,Drainage Overflow,HIGH
Stormwater drain is completely clogged with silt near Vasant Kunj.,Municipal Drainage Department,Drainage,Waterlogging,HIGH
"Street lights remain turned on during daytime near Lajpat Nagar, wasting electricity.",Electrical & Lighting Department,Street Lighting,Daytime Light On,LOW
Sewage line overflowing near GT Road creating unsanitary conditions.,Sanitation Department,Sanitation,Sewage Overflow,HIGH
Streetlight pole broken and light fixture hanging near Vasant Kunj.,Electrical & Lighting Department,Street Lighting,Streetlight Off,MEDIUM
Pipeline burst near Dwarka Sector 10 causing heavy water leakage on road.,Water Department,Water Supply,Contaminated / Dirty Water,HIGH
light pole toota hua hai near Railway Station Road park.,Electrical & Lighting Department,Street Lighting,Broken Lamp Pole,MEDIUM
urgent mosquito spray drive needed in lajpat nagar due to malaria outbreak risk.,Public Health Department,Public Health,Stray Animal Nuisance,MEDIUM
Public toilet near Connaught Place is extremely filthy and not cleaned for weeks.,Sanitation Department,Sanitation,Foul Smell / Unsanitary Area,MEDIUM
clogged stormwater channel causing 2 feet water accumulation in ring road junction.,Municipal Drainage Department,Drainage,Drainage Overflow,HIGH
Public toilet near Vasant Kunj is extremely filthy and not cleaned for weeks.,Sanitation Department,Sanitation,Sewage Overflow,HIGH
KACHRA 4 DIN SE NAHI UTHAYA GAYA HAI PREET VIHAR SE.,Sanitation & Waste Department,Waste Management,Uncollected Garbage,MEDIUM
ganda paani aa raha hai tap me Civil Lines ke andar.,Water Department,Water Supply,Contaminated / Dirty Water,HIGH
Community waste bin overflowing near Karol Bagh attracting flies and stray animals.,Sanitation & Waste Department,Waste Management,Irregular Door-to-Door Collection,LOW
traffic signal lights not working at major intersection near civil lines.,Municipal Transport Department,Transport,Public Transport Facility,LOW
"Street lights remain turned on during daytime near GT Road, wasting electricity.",Electrical & Lighting Department,Street Lighting,Daytime Light On,LOW
CLOGGED STORMWATER CHANNEL CAUSING 2 FEET WATER ACCUMULATION IN RING ROAD JUNCTION.,Municipal Drainage Department,Drainage,Stormwater Drain Blockage,HIGH
Our taps have been completely dry since Monday.,Water Department,Water Supply,Contaminated / Dirty Water,HIGH
"Road ki condition bahut kharab hai GT Road me, accident ho rahe hain.",Public Works Department,Roads / PWD,Broken Footpath,LOW
Electric pole near Railway Station Road is leaning dangerously and about to fall.,Electricity Department,Electricity,Power Outage,HIGH
traffic signal blinking red continuously at Model Town intersection.,Municipal Transport Department,Transport,Traffic Signal Defect,HIGH
Stray dogs aggressiveness causing safety fear near GT Road park.,Public Health Department,Public Health,Food Hygiene Violation,MEDIUM
MACHHAR BOHOT HO GAYE HAIN STAGNANT WATER KE WAJAH SE KAROL BAGH ME.,Public Health Department,Public Health,Food Hygiene Violation,MEDIUM
sanitation condition is very bad near Pitampura market area.,Sanitation Department,Sanitation,Foul Smell / Unsanitary Area,MEDIUM
Damaged bus shelter bench near Sector 17 causing inconvenience to elderly commuters.,Municipal Transport Department,Transport,Traffic Signal Defect,HIGH
"road ki condition bahut kharab hai saket block c me, accident ho rahe hain.",Public Works Department,Roads / PWD,Incomplete Road Construction,MEDIUM
Clogged stormwater channel causing 2 feet water accumulation in Janakpuri.,Municipal Drainage Department,Drainage,Waterlogging,HIGH
"baarish ke baad Pitampura me paani bhar gaya hai, drain blocked hai.",Municipal Drainage Department,Drainage,Drainage Overflow,HIGH
Stagnant water pool near Karol Bagh becoming mosquito breeding ground for dengue.,Public Health Department,Public Health,Mosquito Breeding Hazard,HIGH
bus stand ka shed toota hua hai near Connaught Place.,Municipal Transport Department,Transport,Illegal Bus Parking,MEDIUM
Road construction work near Connaught Place has been left incomplete for months.,Public Works Department,Roads / PWD,Open Manhole Hazard,CRITICAL
bus stand ka shed toota hua hai near GT Road.,Municipal Transport Department,Transport,Illegal Bus Parking,MEDIUM
public toilet bahut ganda hai near Karol Bagh bus stand.,Sanitation Department,Sanitation,Public Toilet Cleaning,MEDIUM
Urgent mosquito spray drive needed in Rohini Sector 7 due to malaria outbreak risk.,Public Health Department,Public Health,Food Hygiene Violation,MEDIUM
Exposed live electrical wire hanging dangerously near school entrance in Janakpuri.,Electricity Department,Electricity,Damaged Electric Pole,HIGH
Unannounced power cuts every 2 hours in Connaught Place during peak summer.,Electricity Department,Electricity,Damaged Electric Pole,HIGH
non-functional street lamps along main highway stretch near connaught place.,Electrical & Lighting Department,Street Lighting,Broken Lamp Pole,MEDIUM
"fogging karwao lajpat nagar area me, dengue cases badh rahe hain.",Public Health Department,Public Health,Stray Animal Nuisance,MEDIUM
Overflowing sewage chamber creating severe health hazard near Janakpuri residential flats.,Sanitation Department,Sanitation,Sewage Overflow,HIGH
Bus stop shelter shade damaged and rusted near Dwarka Sector 10.,Municipal Transport Department,Transport,Bus Stop Damage,LOW
"bhai Kashmere Gate ke paas rasta poora toota hua hai, pothole hain bohot.",Public Works Department,Roads / PWD,Road Repair Needed,MEDIUM
light pole toota hua hai near Pitampura park.,Electrical & Lighting Department,Street Lighting,Daytime Light On,LOW
"fogging karwao Lajpat Nagar area me, dengue cases badh rahe hain.",Public Health Department,Public Health,Food Hygiene Violation,MEDIUM
kachra 4 din se nahi uthaya gaya hai karol bagh se.,Sanitation & Waste Department,Waste Management,Open Waste Dumping,MEDIUM
Tar layer has worn off completely near Kashmere Gate making riding difficult.,Public Works Department,Roads / PWD,Road Repair Needed,MEDIUM
THERE HAS BEEN NO WATER SUPPLY IN MAYUR VIHAR PHASE 1 FOR 2 DAYS.,Water Department,Water Supply,Low Water Pressure,MEDIUM
"paani ki supply bilkul band hai Saket Block C me, please help karo.",Water Department,Water Supply,Contaminated / Dirty Water,HIGH
Streetlight pole broken and light fixture hanging near Connaught Place.,Electrical & Lighting Department,Street Lighting,Dark Road Safety Concern,HIGH
garbage has not been collected from rajouri garden for 10 days.,Sanitation & Waste Department,Waste Management,Irregular Door-to-Door Collection,LOW
sewage ka paani raste pe beh raha hai near Chandni Chowk.,Sanitation Department,Sanitation,Foul Smell / Unsanitary Area,MEDIUM
Door-to-door sanitation truck hasn't visited Dwarka Sector 10 this week.,Sanitation & Waste Department,Waste Management,Garbage Dustbin Overflow,MEDIUM
STRAY DOGS AGGRESSIVENESS CAUSING SAFETY FEAR NEAR MAYUR VIHAR PHASE 1 PARK.,Public Health Department,Public Health,Food Hygiene Violation,MEDIUM
light pole toota hua hai near connaught place park.,Electrical & Lighting Department,Street Lighting,Broken Lamp Pole,MEDIUM
Sewage line overflowing near Civil Lines creating unsanitary conditions.,Sanitation Department,Sanitation,Public Sanitation Nuisance,MEDIUM
Urgent mosquito spray drive needed in Model Town due to malaria outbreak risk.,Public Health Department,Public Health,Stray Animal Nuisance,MEDIUM
Drainage gutter overflow inundating street water in Railway Station Road.,Municipal Drainage Department,Drainage,Stormwater Drain Blockage,HIGH
Unannounced power cuts every 2 hours in GT Road during peak summer.,Electricity Department,Electricity,Low Voltage Issue,MEDIUM
"Street lights remain turned on during daytime near Connaught Place, wasting electricity.",Electrical & Lighting Department,Street Lighting,Broken Lamp Pole,MEDIUM
transformer se spark nikal raha hai near Rajouri Garden market.,Electricity Department,Electricity,Power Outage,HIGH
Road construction work near Vasant Kunj has been left incomplete for months.,Public Works Department,Roads / PWD,Road Repair Needed,MEDIUM
Public sanitation facility in Dwarka Sector 10 lacks water and cleanliness.,Sanitation Department,Sanitation,Foul Smell / Unsanitary Area,MEDIUM
Electric pole near Rajouri Garden is leaning dangerously and about to fall.,Electricity Department,Electricity,Transformer Sparking,CRITICAL
Open manhole on main road near Chandni Chowk poses severe danger to pedestrians.,Public Works Department,Roads / PWD,Road Repair Needed,MEDIUM
complete blackout in ring road junction locality since tuesday night.,Electricity Department,Electricity,Transformer Sparking,CRITICAL
"Water pipeline is leaking heavily near Saket Block C, wasting clean water.",Water Department,Water Supply,Water Meter Defect,LOW
Huge pile of uncollected trash dumped openly near Model Town corner.,Sanitation & Waste Department,Waste Management,Open Waste Dumping,MEDIUM
"street lights remain turned on during daytime near civil lines, wasting electricity.",Electrical & Lighting Department,Street Lighting,Daytime Light On,LOW
drainage gutter overflow inundating street water in lajpat nagar.,Municipal Drainage Department,Drainage,Clogged Gutter,MEDIUM
High voltage surge burnt electrical appliances in Vasant Kunj.,Electricity Department,Electricity,Transformer Sparking,CRITICAL
machhar bohot ho gaye hain stagnant water ke wajah se Model Town me.,Public Health Department,Public Health,Mosquito Breeding Hazard,HIGH
Drainage gutter overflow inundating street water in Ring Road Junction.,Municipal Drainage Department,Drainage,Stormwater Drain Blockage,HIGH
kachra 4 din se nahi uthaya gaya hai lajpat nagar se.,Sanitation & Waste Department,Waste Management,Open Waste Dumping,MEDIUM
Stagnant water pool near Mayur Vihar Phase 1 becoming mosquito breeding ground for dengue.,Public Health Department,Public Health,Mosquito Breeding Hazard,HIGH
Our taps have been completely dry since this morning.,Water Department,Water Supply,Water Meter Defect,LOW
Stagnant water pool near Saket Block C becoming mosquito breeding ground for dengue.,Public Health Department,Public Health,Mosquito Breeding Hazard,HIGH
Garbage has not been collected from Mayur Vihar Phase 1 for 5 days.,Sanitation & Waste Department,Waste Management,Irregular Door-to-Door Collection,LOW
rotting organic waste creating intense stench near civil lines main market.,Sanitation & Waste Department,Waste Management,Irregular Door-to-Door Collection,LOW
"road ki condition bahut kharab hai pitampura me, accident ho rahe hain.",Public Works Department,Roads / PWD,Broken Footpath,LOW
"Water pipeline is leaking heavily near Kashmere Gate, wasting clean water.",Water Department,Water Supply,Water Meter Defect,LOW
The road condition near Lajpat Nagar is extremely bad and damaged.,Public Works Department,Roads / PWD,Open Manhole Hazard,CRITICAL
Tar layer has worn off completely near Saket Block C making riding difficult.,Public Works Department,Roads / PWD,Incomplete Road Construction,MEDIUM
"open manhole hai road pe near Preet Vihar, kisi ka accident ho sakta hai.",Public Works Department,Roads / PWD,Open Manhole Hazard,CRITICAL
Severe waterlogging in Rajouri Garden after light rain due to choked drains.,Municipal Drainage Department,Drainage,Drainage Overflow,HIGH
"traffic light kharab hai near Chandni Chowk chowk, jam lag raha hai.",Municipal Transport Department,Transport,Bus Stop Damage,LOW
"voltage bohot low hai pitampura me, fan bhi nahi chal raha.",Electricity Department,Electricity,Damaged Electric Pole,HIGH
Huge pile of uncollected trash dumped openly near GT Road corner.,Sanitation & Waste Department,Waste Management,Garbage Dustbin Overflow,MEDIUM
"street light 1 hafte se band hai Railway Station Road me, andhera rehta hai.",Electrical & Lighting Department,Street Lighting,Dark Road Safety Concern,HIGH
Main junction near Vasant Kunj has huge potholes damaging vehicles daily.,Public Works Department,Roads / PWD,Broken Footpath,LOW
ROTTING ORGANIC WASTE CREATING INTENSE STENCH NEAR VASANT KUNJ MAIN MARKET.,Sanitation & Waste Department,Waste Management,Uncollected Garbage,MEDIUM
"fogging karwao GT Road area me, dengue cases badh rahe hain.",Public Health Department,Public Health,Stray Animal Nuisance,MEDIUM
Tar layer has worn off completely near Railway Station Road making riding difficult.,Public Works Department,Roads / PWD,Broken Footpath,LOW
Electricity transformer near Connaught Place is sparking violently and emitting smoke.,Electricity Department,Electricity,Power Outage,HIGH
open manhole on main road near vasant kunj poses severe danger to pedestrians.,Public Works Department,Roads / PWD,Broken Footpath,LOW
The road condition near Pitampura is extremely bad and damaged.,Public Works Department,Roads / PWD,Dangerous Pothole,HIGH
Urgent mosquito spray drive needed in Lajpat Nagar due to malaria outbreak risk.,Public Health Department,Public Health,Stray Animal Nuisance,MEDIUM
Our taps have been completely dry since this morning.,Water Department,Water Supply,Water Pipeline Leakage,HIGH
Electricity transformer near Sector 17 is sparking violently and emitting smoke.,Electricity Department,Electricity,Exposed Electrical Hazard,CRITICAL
"Street lights remain turned on during daytime near Pitampura, wasting electricity.",Electrical & Lighting Department,Street Lighting,Dark Road Safety Concern,HIGH
Rotting organic waste creating intense stench near Chandni Chowk main market.,Sanitation & Waste Department,Waste Management,Open Waste Dumping,MEDIUM
Sewage and drain water entering houses in Rajouri Garden locality.,Municipal Drainage Department,Drainage,Drainage Overflow,HIGH
Stormwater drain is completely clogged with silt near Railway Station Road.,Municipal Drainage Department,Drainage,Waterlogging,HIGH
"bhai Preet Vihar ke paas rasta poora toota hua hai, pothole hain bohot.",Public Works Department,Roads / PWD,Broken Footpath,LOW
overflowing sewage chamber creating severe health hazard near saket block c residential flats.,Sanitation Department,Sanitation,Public Toilet Cleaning,MEDIUM
"voltage bohot low hai Dwarka Sector 10 me, fan bhi nahi chal raha.",Electricity Department,Electricity,Low Voltage Issue,MEDIUM
The road condition near Railway Station Road is extremely bad and damaged.,Public Works Department,Roads / PWD,Incomplete Road Construction,MEDIUM
"fogging karwao Rohini Sector 7 area me, dengue cases badh rahe hain.",Public Health Department,Public Health,Mosquito Breeding Hazard,HIGH
Traffic signal lights not working at major intersection near Pitampura.,Municipal Transport Department,Transport,Public Transport Facility,LOW
WATER PIPE LEAK HO GAYA HAI CONNAUGHT PLACE MARKET KE PAAS.,Water Department,Water Supply,No Water Supply,HIGH
Unannounced power cuts every 2 hours in Rohini Sector 7 during peak summer.,Electricity Department,Electricity,Exposed Electrical Hazard,CRITICAL
Bus stop shelter shade damaged and rusted near Janakpuri.,Municipal Transport Department,Transport,Bus Stop Damage,LOW
Damaged bus shelter bench near Janakpuri causing inconvenience to elderly commuters.,Municipal Transport Department,Transport,Traffic Signal Defect,HIGH
Electricity transformer near Vasant Kunj is sparking violently and emitting smoke.,Electricity Department,Electricity,Exposed Electrical Hazard,CRITICAL
Main water supply pipeline damaged during road work in Kashmere Gate.,Water Department,Water Supply,Low Water Pressure,MEDIUM
waste bin overflow kar raha hai near pitampura colony.,Sanitation & Waste Department,Waste Management,Open Waste Dumping,MEDIUM
Asphalt has caved in near Lajpat Nagar creating a dangerous road depression.,Public Works Department,Roads / PWD,Open Manhole Hazard,CRITICAL
High voltage surge burnt electrical appliances in Civil Lines.,Electricity Department,Electricity,Power Outage,HIGH
Stray dogs aggressiveness causing safety fear near Saket Block C park.,Public Health Department,Public Health,Stray Animal Nuisance,MEDIUM
Electricity transformer near Janakpuri is sparking violently and emitting smoke.,Electricity Department,Electricity,Low Voltage Issue,MEDIUM
Streetlight pole broken and light fixture hanging near Sector 17.,Electrical & Lighting Department,Street Lighting,Broken Lamp Pole,MEDIUM
Streetlights turned off on main road near Dwarka Sector 10 for 2 nights.,Electrical & Lighting Department,Street Lighting,Daytime Light On,LOW
ELECTRIC POLE NEAR ROHINI SECTOR 7 IS LEANING DANGEROUSLY AND ABOUT TO FALL.,Electricity Department,Electricity,Transformer Sparking,CRITICAL
light pole toota hua hai near GT Road park.,Electrical & Lighting Department,Street Lighting,Broken Lamp Pole,MEDIUM
traffic signal blinking red continuously at Kashmere Gate intersection.,Municipal Transport Department,Transport,Illegal Bus Parking,MEDIUM
urgent mosquito spray drive needed in vasant kunj due to malaria outbreak risk.,Public Health Department,Public Health,Vector Disease Control,HIGH
light pole toota hua hai near rajouri garden park.,Electrical & Lighting Department,Street Lighting,Dark Road Safety Concern,HIGH
Public toilet near Karol Bagh is extremely filthy and not cleaned for weeks.,Sanitation Department,Sanitation,Public Sanitation Nuisance,MEDIUM
Road is completely dug up near Karol Bagh and no barricades put.,Public Works Department,Roads / PWD,Broken Footpath,LOW
asphalt has caved in near rohini sector 7 creating a dangerous road depression.,Public Works Department,Roads / PWD,Broken Footpath,LOW
Pest infestation and open unhygienic waste near Railway Station Road food market.,Public Health Department,Public Health,Stray Animal Nuisance,MEDIUM
"fogging karwao rohini sector 7 area me, dengue cases badh rahe hain.",Public Health Department,Public Health,Stray Animal Nuisance,MEDIUM
footpath broken hai near Chandni Chowk station area.,Public Works Department,Roads / PWD,Incomplete Road Construction,MEDIUM
Streetlights turned off on main road near Sector 17 for 3 nights.,Electrical & Lighting Department,Street Lighting,Broken Lamp Pole,MEDIUM
Footpath is broken and paved tiles are missing near Karol Bagh.,Public Works Department,Roads / PWD,Dangerous Pothole,HIGH
Stormwater drain is completely clogged with silt near Dwarka Sector 10.,Municipal Drainage Department,Drainage,Clogged Gutter,MEDIUM
There is a major water shortage in our colony near Pitampura.,Water Department,Water Supply,Water Meter Defect,LOW
Huge pile of uncollected trash dumped openly near Dwarka Sector 10 corner.,Sanitation & Waste Department,Waste Management,Garbage Dustbin Overflow,MEDIUM
The road condition near Pitampura is extremely bad and damaged.,Public Works Department,Roads / PWD,Road Repair Needed,MEDIUM
Public toilet near Model Town is extremely filthy and not cleaned for weeks.,Sanitation Department,Sanitation,Public Sanitation Nuisance,MEDIUM
water has stopped coming in chandni chowk since tuesday.,Water Department,Water Supply,No Water Supply,HIGH
waste bin overflow kar raha hai near Preet Vihar colony.,Sanitation & Waste Department,Waste Management,Open Waste Dumping,MEDIUM
"street light 1 hafte se band hai lajpat nagar me, andhera rehta hai.",Electrical & Lighting Department,Street Lighting,Streetlight Off,MEDIUM
Community waste bin overflowing near Janakpuri attracting flies and stray animals.,Sanitation & Waste Department,Waste Management,Open Waste Dumping,MEDIUM
Overflowing sewage chamber creating severe health hazard near Janakpuri residential flats.,Sanitation Department,Sanitation,Foul Smell / Unsanitary Area,MEDIUM
The road condition near Preet Vihar is extremely bad and damaged.,Public Works Department,Roads / PWD,Broken Footpath,LOW
"voltage bohot low hai Rajouri Garden me, fan bhi nahi chal raha.",Electricity Department,Electricity,Low Voltage Issue,MEDIUM
GUTTER BLOCKED NEAR VASANT KUNJ MARKET AREA.,Municipal Drainage Department,Drainage,Drainage Overflow,HIGH
garbage dump ho raha hai open space me near Connaught Place.,Sanitation & Waste Department,Waste Management,Irregular Door-to-Door Collection,LOW
Clogged stormwater channel causing 2 feet water accumulation in Lajpat Nagar.,Municipal Drainage Department,Drainage,Waterlogging,HIGH
Severe waterlogging in Janakpuri after light rain due to choked drains.,Municipal Drainage Department,Drainage,Waterlogging,HIGH
SEVERE WATERLOGGING IN PREET VIHAR AFTER LIGHT RAIN DUE TO CHOKED DRAINS.,Municipal Drainage Department,Drainage,Clogged Gutter,MEDIUM
Huge pile of uncollected trash dumped openly near Kashmere Gate corner.,Sanitation & Waste Department,Waste Management,Uncollected Garbage,MEDIUM
Door-to-door sanitation truck hasn't visited Rajouri Garden this week.,Sanitation & Waste Department,Waste Management,Irregular Door-to-Door Collection,LOW
Electricity transformer near Model Town is sparking violently and emitting smoke.,Electricity Department,Electricity,Power Outage,HIGH
bus stop shelter shade damaged and rusted near pitampura.,Municipal Transport Department,Transport,Public Transport Facility,LOW
Asphalt has caved in near Chandni Chowk creating a dangerous road depression.,Public Works Department,Roads / PWD,Incomplete Road Construction,MEDIUM
live electrical wire raste pe gira hua hai near Civil Lines.,Electricity Department,Electricity,Damaged Electric Pole,HIGH
High voltage surge burnt electrical appliances in Model Town.,Electricity Department,Electricity,Transformer Sparking,CRITICAL
"voltage bohot low hai Sector 17 me, fan bhi nahi chal raha.",Electricity Department,Electricity,Exposed Electrical Hazard,CRITICAL
Non-functional street lamps along main highway stretch near Kashmere Gate.,Electrical & Lighting Department,Street Lighting,Daytime Light On,LOW
community waste bin overflowing near pitampura attracting flies and stray animals.,Sanitation & Waste Department,Waste Management,Irregular Door-to-Door Collection,LOW
Stray dogs aggressiveness causing safety fear near Saket Block C park.,Public Health Department,Public Health,Food Hygiene Violation,MEDIUM
Stray dogs aggressiveness causing safety fear near Model Town park.,Public Health Department,Public Health,Vector Disease Control,HIGH
SEWAGE LINE OVERFLOWING NEAR RING ROAD JUNCTION CREATING UNSANITARY CONDITIONS.,Sanitation Department,Sanitation,Public Toilet Cleaning,MEDIUM
No drinking water available in Kashmere Gate for 4 consecutive days.,Water Department,Water Supply,Water Meter Defect,LOW
Complete blackout in Saket Block C locality since yesterday night.,Electricity Department,Electricity,Power Outage,HIGH
"Water pipeline is leaking heavily near Pitampura, wasting clean water.",Water Department,Water Supply,Water Meter Defect,LOW
dark street near Vasant Kunj making it unsafe for women at night.,Electrical & Lighting Department,Street Lighting,Daytime Light On,LOW
Stormwater drain is completely clogged with silt near Civil Lines.,Municipal Drainage Department,Drainage,Clogged Gutter,MEDIUM
Entire stretch of road near Rajouri Garden is pitch dark at night creating safety hazard.,Electrical & Lighting Department,Street Lighting,Daytime Light On,LOW
Stormwater drain is completely clogged with silt near Mayur Vihar Phase 1.,Municipal Drainage Department,Drainage,Stormwater Drain Blockage,HIGH
Community waste bin overflowing near Dwarka Sector 10 attracting flies and stray animals.,Sanitation & Waste Department,Waste Management,Uncollected Garbage,MEDIUM
"voltage bohot low hai Mayur Vihar Phase 1 me, fan bhi nahi chal raha.",Electricity Department,Electricity,Exposed Electrical Hazard,CRITICAL
transformer se spark nikal raha hai near ring road junction market.,Electricity Department,Electricity,Power Outage,HIGH
nali overflow kar rahi hai Preet Vihar ke raste pe.,Municipal Drainage Department,Drainage,Waterlogging,HIGH
"traffic light kharab hai near Civil Lines chowk, jam lag raha hai.",Municipal Transport Department,Transport,Traffic Signal Defect,HIGH
Stagnant water pool near Dwarka Sector 10 becoming mosquito breeding ground for dengue.,Public Health Department,Public Health,Stray Animal Nuisance,MEDIUM
garbage dump ho raha hai open space me near Vasant Kunj.,Sanitation & Waste Department,Waste Management,Uncollected Garbage,MEDIUM
Clogged stormwater channel causing 2 feet water accumulation in GT Road.,Municipal Drainage Department,Drainage,Clogged Gutter,MEDIUM
Traffic signal lights not working at major intersection near Sector 17.,Municipal Transport Department,Transport,Bus Stop Damage,LOW
There is a major water shortage in our colony near GT Road.,Water Department,Water Supply,No Water Supply,HIGH
"PAANI KI SUPPLY BILKUL BAND HAI MAYUR VIHAR PHASE 1 ME, PLEASE HELP KARO.",Water Department,Water Supply,Water Pipeline Leakage,HIGH
Frequent voltage fluctuations and power cuts in Connaught Place area.,Electricity Department,Electricity,Exposed Electrical Hazard,CRITICAL
Severe foul odor coming from unmaintained public restroom near Karol Bagh.,Sanitation Department,Sanitation,Public Sanitation Nuisance,MEDIUM
high voltage surge burnt electrical appliances in kashmere gate.,Electricity Department,Electricity,Low Voltage Issue,MEDIUM
Bus stop shelter shade damaged and rusted near Ring Road Junction.,Municipal Transport Department,Transport,Traffic Signal Defect,HIGH
stray dogs aggressiveness causing safety fear near karol bagh park.,Public Health Department,Public Health,Food Hygiene Violation,MEDIUM
Community waste bin overflowing near Rohini Sector 7 attracting flies and stray animals.,Sanitation & Waste Department,Waste Management,Irregular Door-to-Door Collection,LOW
dark street near Civil Lines making it unsafe for women at night.,Electrical & Lighting Department,Street Lighting,Streetlight Off,MEDIUM
Public toilet near Pitampura is extremely filthy and not cleaned for weeks.,Sanitation Department,Sanitation,Foul Smell / Unsanitary Area,MEDIUM
Stagnant water pool near Rajouri Garden becoming mosquito breeding ground for dengue.,Public Health Department,Public Health,Vector Disease Control,HIGH
Large deep potholes on main road near Mayur Vihar Phase 1 causing accidents.,Public Works Department,Roads / PWD,Broken Footpath,LOW
Damaged bus shelter bench near Model Town causing inconvenience to elderly commuters.,Municipal Transport Department,Transport,Illegal Bus Parking,MEDIUM
water pipe leak ho gaya hai Karol Bagh market ke paas.,Water Department,Water Supply,No Water Supply,HIGH
our taps have been completely dry since tuesday.,Water Department,Water Supply,Contaminated / Dirty Water,HIGH
Road is completely dug up near Model Town and no barricades put.,Public Works Department,Roads / PWD,Broken Footpath,LOW
Large deep potholes on main road near Civil Lines causing accidents.,Public Works Department,Roads / PWD,Incomplete Road Construction,MEDIUM
transformer se spark nikal raha hai near Saket Block C market.,Electricity Department,Electricity,Damaged Electric Pole,HIGH
"traffic light kharab hai near GT Road chowk, jam lag raha hai.",Municipal Transport Department,Transport,Bus Stop Damage,LOW
DAMAGED BUS SHELTER BENCH NEAR GT ROAD CAUSING INCONVENIENCE TO ELDERLY COMMUTERS.,Municipal Transport Department,Transport,Traffic Signal Defect,HIGH
damaged bus shelter bench near karol bagh causing inconvenience to elderly commuters.,Municipal Transport Department,Transport,Traffic Signal Defect,HIGH
There is a major water shortage in our colony near Chandni Chowk.,Water Department,Water Supply,Low Water Pressure,MEDIUM
nali overflow kar rahi hai preet vihar ke raste pe.,Municipal Drainage Department,Drainage,Waterlogging,HIGH
"bhai Railway Station Road ke paas rasta poora toota hua hai, pothole hain bohot.",Public Works Department,Roads / PWD,Broken Footpath,LOW
Community waste bin overflowing near Rohini Sector 7 attracting flies and stray animals.,Sanitation & Waste Department,Waste Management,Open Waste Dumping,MEDIUM
waste bin overflow kar raha hai near Rohini Sector 7 colony.,Sanitation & Waste Department,Waste Management,Uncollected Garbage,MEDIUM
"Street lights remain turned on during daytime near Preet Vihar, wasting electricity.",Electrical & Lighting Department,Street Lighting,Daytime Light On,LOW
Rotting organic waste creating intense stench near Lajpat Nagar main market.,Sanitation & Waste Department,Waste Management,Open Waste Dumping,MEDIUM
ganda paani aa raha hai tap me Chandni Chowk ke andar.,Water Department,Water Supply,Low Water Pressure,MEDIUM
severe foul odor coming from unmaintained public restroom near civil lines.,Sanitation Department,Sanitation,Sewage Overflow,HIGH
kachra 4 din se nahi uthaya gaya hai mayur vihar phase 1 se.,Sanitation & Waste Department,Waste Management,Garbage Dustbin Overflow,MEDIUM
"Road ki condition bahut kharab hai Pitampura me, accident ho rahe hain.",Public Works Department,Roads / PWD,Incomplete Road Construction,MEDIUM
streetlights turned off on main road near sector 17 for 4 nights.,Electrical & Lighting Department,Street Lighting,Daytime Light On,LOW
streetlights turned off on main road near railway station road for 4 nights.,Electrical & Lighting Department,Street Lighting,Broken Lamp Pole,MEDIUM
Stormwater drain is completely clogged with silt near Mayur Vihar Phase 1.,Municipal Drainage Department,Drainage,Waterlogging,HIGH
NO PROPER BUS SEATING SHED OR DISPLAY BOARD AT SECTOR 17 STOP.,Municipal Transport Department,Transport,Traffic Signal Defect,HIGH
ganda paani aa raha hai tap me Janakpuri ke andar.,Water Department,Water Supply,Water Meter Defect,LOW
"bhai Kashmere Gate ke paas rasta poora toota hua hai, pothole hain bohot.",Public Works Department,Roads / PWD,Open Manhole Hazard,CRITICAL
"PAANI KI SUPPLY BILKUL BAND HAI PITAMPURA ME, PLEASE HELP KARO.",Water Department,Water Supply,No Water Supply,HIGH
bus stand ka shed toota hua hai near GT Road.,Municipal Transport Department,Transport,Bus Stop Damage,LOW
clogged stormwater channel causing 2 feet water accumulation in mayur vihar phase 1.,Municipal Drainage Department,Drainage,Waterlogging,HIGH
Pipeline burst near Model Town causing heavy water leakage on road.,Water Department,Water Supply,Contaminated / Dirty Water,HIGH
kachra 4 din se nahi uthaya gaya hai Karol Bagh se.,Sanitation & Waste Department,Waste Management,Open Waste Dumping,MEDIUM
no drinking water available in lajpat nagar for 4 consecutive days.,Water Department,Water Supply,Water Pipeline Leakage,HIGH
The road condition near Connaught Place is extremely bad and damaged.,Public Works Department,Roads / PWD,Dangerous Pothole,HIGH
"traffic light kharab hai near pitampura chowk, jam lag raha hai.",Municipal Transport Department,Transport,Bus Stop Damage,LOW
Stormwater drain is completely clogged with silt near Vasant Kunj.,Municipal Drainage Department,Drainage,Stormwater Drain Blockage,HIGH
DARK STREET NEAR SAKET BLOCK C MAKING IT UNSAFE FOR WOMEN AT NIGHT.,Electrical & Lighting Department,Street Lighting,Dark Road Safety Concern,HIGH
"Water pressure is extremely low in Chandni Chowk, cannot fill top tank.",Water Department,Water Supply,No Water Supply,HIGH
No drinking water available in Rajouri Garden for 5 consecutive days.,Water Department,Water Supply,Water Meter Defect,LOW
"Road ki condition bahut kharab hai Janakpuri me, accident ho rahe hain.",Public Works Department,Roads / PWD,Broken Footpath,LOW
bus stand ka shed toota hua hai near lajpat nagar.,Municipal Transport Department,Transport,Illegal Bus Parking,MEDIUM
garbage dump ho raha hai open space me near Chandni Chowk.,Sanitation & Waste Department,Waste Management,Open Waste Dumping,MEDIUM
"bhai preet vihar ke paas rasta poora toota hua hai, pothole hain bohot.",Public Works Department,Roads / PWD,Broken Footpath,LOW
garbage dump ho raha hai open space me near Railway Station Road.,Sanitation & Waste Department,Waste Management,Open Waste Dumping,MEDIUM
Open manhole on main road near Ring Road Junction poses severe danger to pedestrians.,Public Works Department,Roads / PWD,Open Manhole Hazard,CRITICAL
Overflowing sewage chamber creating severe health hazard near Chandni Chowk residential flats.,Sanitation Department,Sanitation,Public Toilet Cleaning,MEDIUM
Stray dogs aggressiveness causing safety fear near Vasant Kunj park.,Public Health Department,Public Health,Stray Animal Nuisance,MEDIUM
gutter blocked near Karol Bagh market area.,Municipal Drainage Department,Drainage,Waterlogging,HIGH
There is a major water shortage in our colony near Mayur Vihar Phase 1.,Water Department,Water Supply,Contaminated / Dirty Water,HIGH
Stormwater drain is completely clogged with silt near Karol Bagh.,Municipal Drainage Department,Drainage,Stormwater Drain Blockage,HIGH
sanitation condition is very bad near Civil Lines market area.,Sanitation Department,Sanitation,Foul Smell / Unsanitary Area,MEDIUM
garbage dump ho raha hai open space me near Rohini Sector 7.,Sanitation & Waste Department,Waste Management,Garbage Dustbin Overflow,MEDIUM
"bhai civil lines ke paas rasta poora toota hua hai, pothole hain bohot.",Public Works Department,Roads / PWD,Broken Footpath,LOW
sanitation condition is very bad near Connaught Place market area.,Sanitation Department,Sanitation,Public Toilet Cleaning,MEDIUM
Public sanitation facility in Dwarka Sector 10 lacks water and cleanliness.,Sanitation Department,Sanitation,Public Sanitation Nuisance,MEDIUM
Severe waterlogging in Ring Road Junction after light rain due to choked drains.,Municipal Drainage Department,Drainage,Waterlogging,HIGH
water comes for only 10 minutes in the morning with very poor pressure at connaught place.,Water Department,Water Supply,No Water Supply,HIGH
traffic signal blinking red continuously at Sector 17 intersection.,Municipal Transport Department,Transport,Illegal Bus Parking,MEDIUM
fumigation and mosquito fogging required urgently in lajpat nagar area.,Public Health Department,Public Health,Vector Disease Control,HIGH
Water has stopped coming in Rohini Sector 7 since Monday.,Water Department,Water Supply,No Water Supply,HIGH
Open manhole on main road near Ring Road Junction poses severe danger to pedestrians.,Public Works Department,Roads / PWD,Open Manhole Hazard,CRITICAL
Pipeline burst near Mayur Vihar Phase 1 causing heavy water leakage on road.,Water Department,Water Supply,Water Meter Defect,LOW
gutter blocked near GT Road market area.,Municipal Drainage Department,Drainage,Drainage Overflow,HIGH
severe waterlogging in karol bagh after light rain due to choked drains.,Municipal Drainage Department,Drainage,Drainage Overflow,HIGH
"voltage bohot low hai connaught place me, fan bhi nahi chal raha.",Electricity Department,Electricity,Low Voltage Issue,MEDIUM
Power transformer overloaded and sparking near Mayur Vihar Phase 1 residential block.,Electricity Department,Electricity,Low Voltage Issue,MEDIUM
sanitation condition is very bad near Ring Road Junction market area.,Sanitation Department,Sanitation,Public Toilet Cleaning,MEDIUM
Road is completely dug up near Rajouri Garden and no barricades put.,Public Works Department,Roads / PWD,Incomplete Road Construction,MEDIUM
waste bin overflow kar raha hai near rajouri garden colony.,Sanitation & Waste Department,Waste Management,Open Waste Dumping,MEDIUM
Severe foul odor coming from unmaintained public restroom near Connaught Place.,Sanitation Department,Sanitation,Public Sanitation Nuisance,MEDIUM
bhai hamare area railway station road me 3 din se paani nahi aa raha hai.,Water Department,Water Supply,Low Water Pressure,MEDIUM
Tar layer has worn off completely near Saket Block C making riding difficult.,Public Works Department,Roads / PWD,Open Manhole Hazard,CRITICAL
nali overflow kar rahi hai Dwarka Sector 10 ke raste pe.,Municipal Drainage Department,Drainage,Drainage Overflow,HIGH
Electricity transformer near Chandni Chowk is sparking violently and emitting smoke.,Electricity Department,Electricity,Low Voltage Issue,MEDIUM
"street light 1 hafte se band hai pitampura me, andhera rehta hai.",Electrical & Lighting Department,Street Lighting,Dark Road Safety Concern,HIGH
Pipeline burst near Karol Bagh causing heavy water leakage on road.,Water Department,Water Supply,Low Water Pressure,MEDIUM
gutter blocked near Kashmere Gate market area.,Municipal Drainage Department,Drainage,Stormwater Drain Blockage,HIGH
Rotting organic waste creating intense stench near Rohini Sector 7 main market.,Sanitation & Waste Department,Waste Management,Open Waste Dumping,MEDIUM
MACHHAR BOHOT HO GAYE HAIN STAGNANT WATER KE WAJAH SE GT ROAD ME.,Public Health Department,Public Health,Vector Disease Control,HIGH
waste bin overflow kar raha hai near GT Road colony.,Sanitation & Waste Department,Waste Management,Uncollected Garbage,MEDIUM
Stormwater drain is completely clogged with silt near Ring Road Junction.,Municipal Drainage Department,Drainage,Waterlogging,HIGH
bhai hamare area saket block c me 3 din se paani nahi aa raha hai.,Water Department,Water Supply,No Water Supply,HIGH
public toilet bahut ganda hai near Kashmere Gate bus stand.,Sanitation Department,Sanitation,Public Sanitation Nuisance,MEDIUM
Dirty brown water is coming from the tap in Rajouri Garden.,Water Department,Water Supply,Low Water Pressure,MEDIUM
Stagnant water pool near Chandni Chowk becoming mosquito breeding ground for dengue.,Public Health Department,Public Health,Stray Animal Nuisance,MEDIUM
light pole toota hua hai near dwarka sector 10 park.,Electrical & Lighting Department,Street Lighting,Streetlight Off,MEDIUM
Pest infestation and open unhygienic waste near Kashmere Gate food market.,Public Health Department,Public Health,Mosquito Breeding Hazard,HIGH
huge pile of uncollected trash dumped openly near pitampura corner.,Sanitation & Waste Department,Waste Management,Uncollected Garbage,MEDIUM
Stray dogs aggressiveness causing safety fear near Preet Vihar park.,Public Health Department,Public Health,Food Hygiene Violation,MEDIUM
Road is completely dug up near Preet Vihar and no barricades put.,Public Works Department,Roads / PWD,Road Repair Needed,MEDIUM
No proper bus seating shed or display board at Rohini Sector 7 stop.,Municipal Transport Department,Transport,Traffic Signal Defect,HIGH
"street light 1 hafte se band hai Janakpuri me, andhera rehta hai.",Electrical & Lighting Department,Street Lighting,Streetlight Off,MEDIUM
Door-to-door sanitation truck hasn't visited Pitampura this week.,Sanitation & Waste Department,Waste Management,Irregular Door-to-Door Collection,LOW
drainage gutter overflow inundating street water in dwarka sector 10.,Municipal Drainage Department,Drainage,Stormwater Drain Blockage,HIGH
"Water pipeline is leaking heavily near GT Road, wasting clean water.",Water Department,Water Supply,Water Meter Defect,LOW
DOOR-TO-DOOR SANITATION TRUCK HASN'T VISITED KAROL BAGH THIS WEEK.,Sanitation & Waste Department,Waste Management,Uncollected Garbage,MEDIUM
damaged bus shelter bench near vasant kunj causing inconvenience to elderly commuters.,Municipal Transport Department,Transport,Illegal Bus Parking,MEDIUM
waste bin overflow kar raha hai near rohini sector 7 colony.,Sanitation & Waste Department,Waste Management,Open Waste Dumping,MEDIUM
bus stand ka shed toota hua hai near Mayur Vihar Phase 1.,Municipal Transport Department,Transport,Traffic Signal Defect,HIGH
sewage line overflowing near saket block c creating unsanitary conditions.,Sanitation Department,Sanitation,Sewage Overflow,HIGH
stray dogs problem near Rajouri Garden primary school.,Public Health Department,Public Health,Mosquito Breeding Hazard,HIGH
"Water pipeline is leaking heavily near Janakpuri, wasting clean water.",Water Department,Water Supply,Contaminated / Dirty Water,HIGH
Buses parking illegally blocking lane near Pitampura terminal.,Municipal Transport Department,Transport,Illegal Bus Parking,MEDIUM
Drainage gutter overflow inundating street water in Railway Station Road.,Municipal Drainage Department,Drainage,Waterlogging,HIGH
Stray dogs aggressiveness causing safety fear near Ring Road Junction park.,Public Health Department,Public Health,Mosquito Breeding Hazard,HIGH
Sewage line overflowing near Saket Block C creating unsanitary conditions.,Sanitation Department,Sanitation,Foul Smell / Unsanitary Area,MEDIUM
No proper bus seating shed or display board at Rohini Sector 7 stop.,Municipal Transport Department,Transport,Bus Stop Damage,LOW
Public sanitation facility in Railway Station Road lacks water and cleanliness.,Sanitation Department,Sanitation,Sewage Overflow,HIGH
Main junction near Chandni Chowk has huge potholes damaging vehicles daily.,Public Works Department,Roads / PWD,Open Manhole Hazard,CRITICAL
Damaged bus shelter bench near Kashmere Gate causing inconvenience to elderly commuters.,Municipal Transport Department,Transport,Public Transport Facility,LOW
The road condition near Kashmere Gate is extremely bad and damaged.,Public Works Department,Roads / PWD,Incomplete Road Construction,MEDIUM
ganda paani aa raha hai tap me Rajouri Garden ke andar.,Water Department,Water Supply,Low Water Pressure,MEDIUM
"bijli 6 ghante se nahi hai Sector 17 me, light kab aayegi?",Electricity Department,Electricity,Low Voltage Issue,MEDIUM
Damaged bus shelter bench near Mayur Vihar Phase 1 causing inconvenience to elderly commuters.,Municipal Transport Department,Transport,Illegal Bus Parking,MEDIUM
Traffic signal lights not working at major intersection near Rohini Sector 7.,Municipal Transport Department,Transport,Traffic Signal Defect,HIGH
transformer se spark nikal raha hai near GT Road market.,Electricity Department,Electricity,Transformer Sparking,CRITICAL
Traffic signal lights not working at major intersection near Mayur Vihar Phase 1.,Municipal Transport Department,Transport,Illegal Bus Parking,MEDIUM
Electric pole near Connaught Place is leaning dangerously and about to fall.,Electricity Department,Electricity,Damaged Electric Pole,HIGH
"traffic light kharab hai near chandni chowk chowk, jam lag raha hai.",Municipal Transport Department,Transport,Traffic Signal Defect,HIGH
stray dogs problem near Mayur Vihar Phase 1 primary school.,Public Health Department,Public Health,Stray Animal Nuisance,MEDIUM
traffic signal lights not working at major intersection near civil lines.,Municipal Transport Department,Transport,Illegal Bus Parking,MEDIUM
Clogged stormwater channel causing 2 feet water accumulation in Kashmere Gate.,Municipal Drainage Department,Drainage,Drainage Overflow,HIGH
Main junction near Connaught Place has huge potholes damaging vehicles daily.,Public Works Department,Roads / PWD,Road Repair Needed,MEDIUM
dark street near Karol Bagh making it unsafe for women at night.,Electrical & Lighting Department,Street Lighting,Streetlight Off,MEDIUM
Exposed live electrical wire hanging dangerously near school entrance in Karol Bagh.,Electricity Department,Electricity,Exposed Electrical Hazard,CRITICAL
Water comes for only 10 minutes in the morning with very poor pressure at Janakpuri.,Water Department,Water Supply,Water Meter Defect,LOW
overflowing sewage chamber creating severe health hazard near preet vihar residential flats.,Sanitation Department,Sanitation,Sewage Overflow,HIGH
stray dogs problem near Vasant Kunj primary school.,Public Health Department,Public Health,Stray Animal Nuisance,MEDIUM
Severe waterlogging in Vasant Kunj after light rain due to choked drains.,Municipal Drainage Department,Drainage,Waterlogging,HIGH
Water comes for only 10 minutes in the morning with very poor pressure at Civil Lines.,Water Department,Water Supply,Water Pipeline Leakage,HIGH
"Street lights remain turned on during daytime near Lajpat Nagar, wasting electricity.",Electrical & Lighting Department,Street Lighting,Dark Road Safety Concern,HIGH
Stagnant water pool near Preet Vihar becoming mosquito breeding ground for dengue.,Public Health Department,Public Health,Food Hygiene Violation,MEDIUM
sanitation condition is very bad near lajpat nagar market area.,Sanitation Department,Sanitation,Foul Smell / Unsanitary Area,MEDIUM
Overflowing sewage chamber creating severe health hazard near Civil Lines residential flats.,Sanitation Department,Sanitation,Sewage Overflow,HIGH
nali overflow kar rahi hai Preet Vihar ke raste pe.,Municipal Drainage Department,Drainage,Clogged Gutter,MEDIUM
Open manhole on main road near Saket Block C poses severe danger to pedestrians.,Public Works Department,Roads / PWD,Dangerous Pothole,HIGH
transformer se spark nikal raha hai near Civil Lines market.,Electricity Department,Electricity,Exposed Electrical Hazard,CRITICAL
Entire stretch of road near Dwarka Sector 10 is pitch dark at night creating safety hazard.,Electrical & Lighting Department,Street Lighting,Streetlight Off,MEDIUM
nali overflow kar rahi hai kashmere gate ke raste pe.,Municipal Drainage Department,Drainage,Stormwater Drain Blockage,HIGH
"Water pipeline is leaking heavily near GT Road, wasting clean water.",Water Department,Water Supply,Contaminated / Dirty Water,HIGH
public toilet near connaught place is extremely filthy and not cleaned for weeks.,Sanitation Department,Sanitation,Public Sanitation Nuisance,MEDIUM
damaged bus shelter bench near railway station road causing inconvenience to elderly commuters.,Municipal Transport Department,Transport,Bus Stop Damage,LOW
Rotting organic waste creating intense stench near Preet Vihar main market.,Sanitation & Waste Department,Waste Management,Uncollected Garbage,MEDIUM
"BIJLI 6 GHANTE SE NAHI HAI MODEL TOWN ME, LIGHT KAB AAYEGI?",Electricity Department,Electricity,Damaged Electric Pole,HIGH
Non-functional street lamps along main highway stretch near Dwarka Sector 10.,Electrical & Lighting Department,Street Lighting,Dark Road Safety Concern,HIGH
Door-to-door sanitation truck hasn't visited Sector 17 this week.,Sanitation & Waste Department,Waste Management,Garbage Dustbin Overflow,MEDIUM
Tar layer has worn off completely near Connaught Place making riding difficult.,Public Works Department,Roads / PWD,Dangerous Pothole,HIGH
Water has stopped coming in Mayur Vihar Phase 1 since Monday.,Water Department,Water Supply,Water Meter Defect,LOW
"bijli 6 ghante se nahi hai Rohini Sector 7 me, light kab aayegi?",Electricity Department,Electricity,Exposed Electrical Hazard,CRITICAL
light pole toota hua hai near connaught place park.,Electrical & Lighting Department,Street Lighting,Streetlight Off,MEDIUM
"Street lights remain turned on during daytime near Civil Lines, wasting electricity.",Electrical & Lighting Department,Street Lighting,Streetlight Off,MEDIUM
light pole toota hua hai near Mayur Vihar Phase 1 park.,Electrical & Lighting Department,Street Lighting,Dark Road Safety Concern,HIGH
"street light 1 hafte se band hai Ring Road Junction me, andhera rehta hai.",Electrical & Lighting Department,Street Lighting,Daytime Light On,LOW
TAR LAYER HAS WORN OFF COMPLETELY NEAR LAJPAT NAGAR MAKING RIDING DIFFICULT.,Public Works Department,Roads / PWD,Road Repair Needed,MEDIUM
Rotting organic waste creating intense stench near Connaught Place main market.,Sanitation & Waste Department,Waste Management,Open Waste Dumping,MEDIUM
There is a major water shortage in our colony near Janakpuri.,Water Department,Water Supply,Contaminated / Dirty Water,HIGH
Pest infestation and open unhygienic waste near Mayur Vihar Phase 1 food market.,Public Health Department,Public Health,Vector Disease Control,HIGH
"OPEN MANHOLE HAI ROAD PE NEAR CONNAUGHT PLACE, KISI KA ACCIDENT HO SAKTA HAI.",Public Works Department,Roads / PWD,Broken Footpath,LOW
"road ki condition bahut kharab hai lajpat nagar me, accident ho rahe hain.",Public Works Department,Roads / PWD,Broken Footpath,LOW
stray dogs problem near ring road junction primary school.,Public Health Department,Public Health,Vector Disease Control,HIGH
Streetlight pole broken and light fixture hanging near Ring Road Junction.,Electrical & Lighting Department,Street Lighting,Streetlight Off,MEDIUM
Stagnant water pool near Vasant Kunj becoming mosquito breeding ground for dengue.,Public Health Department,Public Health,Vector Disease Control,HIGH
TRAFFIC SIGNAL LIGHTS NOT WORKING AT MAJOR INTERSECTION NEAR LAJPAT NAGAR.,Municipal Transport Department,Transport,Illegal Bus Parking,MEDIUM
kachra 4 din se nahi uthaya gaya hai Preet Vihar se.,Sanitation & Waste Department,Waste Management,Garbage Dustbin Overflow,MEDIUM
"voltage bohot low hai Civil Lines me, fan bhi nahi chal raha.",Electricity Department,Electricity,Low Voltage Issue,MEDIUM
bhai hamare area GT Road me 2 din se paani nahi aa raha hai.,Water Department,Water Supply,Low Water Pressure,MEDIUM
main water supply pipeline damaged during road work in ring road junction.,Water Department,Water Supply,Low Water Pressure,MEDIUM
Rotting organic waste creating intense stench near Sector 17 main market.,Sanitation & Waste Department,Waste Management,Uncollected Garbage,MEDIUM
there has been no water supply in pitampura for 4 days.,Water Department,Water Supply,Water Pipeline Leakage,HIGH
Large deep potholes on main road near Dwarka Sector 10 causing accidents.,Public Works Department,Roads / PWD,Broken Footpath,LOW
Water comes for only 10 minutes in the morning with very poor pressure at Ring Road Junction.,Water Department,Water Supply,Water Meter Defect,LOW
Sewage and drain water entering houses in Railway Station Road locality.,Municipal Drainage Department,Drainage,Stormwater Drain Blockage,HIGH
bus stand ka shed toota hua hai near Ring Road Junction.,Municipal Transport Department,Transport,Illegal Bus Parking,MEDIUM
kachra 4 din se nahi uthaya gaya hai rohini sector 7 se.,Sanitation & Waste Department,Waste Management,Uncollected Garbage,MEDIUM
Buses parking illegally blocking lane near Saket Block C terminal.,Municipal Transport Department,Transport,Traffic Signal Defect,HIGH
nali overflow kar rahi hai Connaught Place ke raste pe.,Municipal Drainage Department,Drainage,Clogged Gutter,MEDIUM
nali overflow kar rahi hai Kashmere Gate ke raste pe.,Municipal Drainage Department,Drainage,Waterlogging,HIGH
OVERFLOWING SEWAGE CHAMBER CREATING SEVERE HEALTH HAZARD NEAR ROHINI SECTOR 7 RESIDENTIAL FLATS.,Sanitation Department,Sanitation,Public Sanitation Nuisance,MEDIUM
sanitation condition is very bad near saket block c market area.,Sanitation Department,Sanitation,Sewage Overflow,HIGH
garbage dump ho raha hai open space me near Rajouri Garden.,Sanitation & Waste Department,Waste Management,Irregular Door-to-Door Collection,LOW
overflowing sewage chamber creating severe health hazard near karol bagh residential flats.,Sanitation Department,Sanitation,Public Sanitation Nuisance,MEDIUM
light pole toota hua hai near Chandni Chowk park.,Electrical & Lighting Department,Street Lighting,Streetlight Off,MEDIUM
"baarish ke baad Saket Block C me paani bhar gaya hai, drain blocked hai.",Municipal Drainage Department,Drainage,Drainage Overflow,HIGH
"fogging karwao Vasant Kunj area me, dengue cases badh rahe hain.",Public Health Department,Public Health,Vector Disease Control,HIGH
bus stand ka shed toota hua hai near Rajouri Garden.,Municipal Transport Department,Transport,Public Transport Facility,LOW
sanitation condition is very bad near Saket Block C market area.,Sanitation Department,Sanitation,Public Toilet Cleaning,MEDIUM
Garbage has not been collected from Model Town for 5 days.,Sanitation & Waste Department,Waste Management,Uncollected Garbage,MEDIUM
gutter blocked near Rajouri Garden market area.,Municipal Drainage Department,Drainage,Drainage Overflow,HIGH
traffic signal blinking red continuously at vasant kunj intersection.,Municipal Transport Department,Transport,Public Transport Facility,LOW
Electricity transformer near Rohini Sector 7 is sparking violently and emitting smoke.,Electricity Department,Electricity,Low Voltage Issue,MEDIUM
